Date,Number,Account,Partner,Label,Debit,Credit,Matching #
2026-09-19,BILL/2026/09/0009,100621 LHI-WIP,Partners JV,Payment to Safat Home for purchase sanitorywares against inv no:3502472470 on 07-09-26,175.500,0.000,
2026-09-19,BILL/2026/09/0009,200101 Payables,Partners JV,Sara,0.000,175.500,515
2026-09-19,BILL/2026/09/0008,100621 LHI-WIP,Partners JV,Payment to Alwawanco for purchase sanitorywares against inv no:KND0015588 on 07-09-26,280.000,0.000,
2026-09-19,BILL/2026/09/0008,200101 Payables,Partners JV,Sara,0.000,280.000,516
2026-09-19,BILL/2026/09/0007,100621 LHI-WIP,Partners JV,Payment to Abyat for purchase sanitorywares against inv no:74749775 on 07-09-26,293.740,0.000,
2026-09-19,BILL/2026/09/0007,200101 Payables,Partners JV,Sara,0.000,293.740,517
2026-09-19,BILL/2026/09/0006,100621 LHI-WIP,Partners JV,Payment to emilus for construction materials against inv no: on 06-09-26,673.000,0.000,
2026-09-19,BILL/2026/09/0006,200101 Payables,Partners JV,Sara,0.000,673.000,518
2026-09-19,BILL/2026/09/0005,100621 LHI-WIP,Partners JV,Payment to Duha united co for purchase sanitorywares against inv no:4/21828 on 06-09-26,510.000,0.000,
2026-09-19,BILL/2026/09/0005,200101 Payables,Partners JV,Sara,0.000,510.000,519
2026-09-19,BILL/2026/09/0004,100621 LHI-WIP,Partners JV,Payment to alnajjar and fahad for purchase sanitary wares aagainst inv no;1001010013320 on 06-09-26,25.000,0.000,
2026-09-19,BILL/2026/09/0004,200101 Payables,Partners JV,Sara,0.000,25.000,520
2026-09-19,BILL/2026/09/0003,100621 LHI-WIP,Partners JV,Purchase key holder and lights from Al Arabiya against inv no:SIC0600280260 on 06-09-26,319.400,0.000,
2026-09-19,BILL/2026/09/0003,200101 Payables,Partners JV,Sara,0.000,319.400,521
2026-09-19,BILL/2026/09/0002,100621 LHI-WIP,Partners JV,Payment to Al Homaizi for purchase sanitary ware against inv no:3-4109 on 02-09-26,348.000,0.000,
2026-09-19,BILL/2026/09/0002,200101 Payables,Partners JV,Sara,0.000,348.000,522
2026-09-19,BILL/2026/09/0001,500701 Marketing-Ad Sponsors,Partners JV,Payment to rami for create a new type of videos,300.000,0.000,
2026-09-19,BILL/2026/09/0001,200101 Payables,Partners JV,Fahad,0.000,300.000,514
2026-09-17,PBNK3/2026/00005,100003 Ush BBYN-8003,Bank Fees,Manual Payment: BILL/2025/12/0049,0.000,0.000,
2026-09-17,PBNK3/2026/00005,200101 Payables,Bank Fees,Manual Payment: BILL/2025/12/0049,0.000,0.000,
2026-09-17,PBNK1/2026/00015,100002 Ush BBYN-8002,Intercompany Transfers,Manual Payment: BILL/2025/11/0002,0.000,0.000,
2026-09-17,PBNK1/2026/00015,200101 Payables,Intercompany Transfers,Manual Payment: BILL/2025/11/0002,0.000,0.000,
2026-09-17,INV/2026/00010,400101 Sales-Spa,Sales JV,Cash Sales for the month,0.000,0.000,
2026-09-17,INV/2026/00010,400101 Sales-Spa,Sales JV,Deema Sales for the month,0.000,0.000,
2026-09-17,INV/2026/00010,400101 Sales-Spa,Sales JV,GCC Sales for the month,0.000,0.000,
2026-09-17,INV/2026/00010,400101 Sales-Spa,Sales JV,0,0.000,0.000,
2026-09-17,INV/2026/00010,400101 Sales-Spa,Sales JV,Link Sales for the month,0.000,0.000,
2026-09-17,INV/2026/00010,400101 Sales-Spa,Sales JV,Master Visa Sales for the month,0.000,0.000,
2026-09-17,INV/2026/00010,400101 Sales-Spa,Sales JV,My Fatoorah Sale for month,0.000,0.000,
2026-09-17,INV/2026/00010,400101 Sales-Spa,Sales JV,Tap Sales for month,0.000,0.000,
2026-09-17,INV/2026/00010,500320 Residency & Visa Exp.,Sales JV,Visa Expenses,0.000,0.000,
2026-09-17,INV/2026/00010,500602 Knet Fees,Sales JV,Knet Charges,0.000,0.000,
2026-09-17,INV/2026/00010,500603 Visa/MC Fees,Sales JV,0,0.000,0.000,
2026-09-17,INV/2026/00010,100201 Accounts Receivable,Sales JV,INV/2026/00010,0.000,0.000,
2026-09-17,INV/2026/00010,500601 Bank Fees,Sales JV,GCC Charges,0.000,0.000,
2026-09-14,PBNK1/2026/00239,100001 Ush BBYN-8001,Ali Bahaa,Manual Payment: BILL/2026/01/0034,0.000,0.000,
2026-09-14,PBNK1/2026/00239,200101 Payables,Ali Bahaa,Manual Payment: BILL/2026/01/0034,0.000,0.000,
2026-09-13,PBNK1/2026/00202,100001 Ush BBYN-8001,Misc JV,Manual Payment: BILL/2026/01/0002,0.000,0.000,
2026-09-13,PBNK1/2026/00202,200101 Payables,Misc JV,Manual Payment: BILL/2026/01/0002,0.000,0.000,
2026-08-31,MISC/2026/08/0002,100652 Accumulated Depreciation of Furniture & Office Equipment,Deema Fawaz AlAdwani,Carpentary Work: Depreciation,0.000,18.700,
2026-08-31,MISC/2026/08/0002,500804 Depreciation of Furniture & Office Equipment,Deema Fawaz AlAdwani,Carpentary Work: Depreciation,18.700,0.000,
2026-08-31,MISC/2026/08/0001,100652 Accumulated Depreciation of Furniture & Office Equipment,Deema Fawaz AlAdwani,Curtains: Depreciation,0.000,13.750,
2026-08-31,MISC/2026/08/0001,500804 Depreciation of Furniture & Office Equipment,Deema Fawaz AlAdwani,Curtains: Depreciation,13.750,0.000,
2026-08-31,BILL/2026/08/0008,100621 LHI-WIP,Partners JV,Purchase Lights and LED from Firely against inv no:MSS0118960 on 31-08-26,878.500,0.000,
2026-08-31,BILL/2026/08/0008,200101 Payables,Partners JV,Sara,0.000,878.500,523
2026-08-31,BILL/2026/08/0007,100621 LHI-WIP,Partners JV,Purchase Lights and LED from Al Arabiya against inv no:SIC0100507211 on 30-08-26,400.250,0.000,
2026-08-31,BILL/2026/08/0007,200101 Payables,Partners JV,Sara,0.000,400.250,524
2026-08-31,BILL/2026/08/0006,100621 LHI-WIP,Partners JV,Purchase LED fron House of Light against inv no:INV/2026/02496 on 30-08-26,2.880,0.000,
2026-08-31,BILL/2026/08/0006,200101 Payables,Partners JV,Sara,0.000,2.880,525
2026-08-31,BILL/2026/08/0005,100621 LHI-WIP,Partners JV,Purchase furniture from Golden United against inv no:20566 on 30-08-26,160.000,0.000,
2026-08-31,BILL/2026/08/0005,200101 Payables,Partners JV,Sara,0.000,160.000,526
2026-08-31,BILL/2026/08/0004,100621 LHI-WIP,Partners JV,Purchase Aluminium profile from Al Burhan regional co. against inv no:INV-23548 on 30-08-26,112.500,0.000,
2026-08-31,BILL/2026/08/0004,200101 Payables,Partners JV,Sara,0.000,112.500,527
2026-08-31,BILL/2026/08/0003,100621 LHI-WIP,Partners JV,Purchase Halogen from Best al yousifi against inv no:9200945490 on 30-08-26,119.000,0.000,
2026-08-31,BILL/2026/08/0003,200101 Payables,Partners JV,Sara,0.000,119.000,528
2026-08-31,BILL/2026/08/0002,100621 LHI-WIP,Partners JV,Purchase Lights and LED from Al Arabiya against inv no:SIC0100507210 on 30-08-26,363.500,0.000,
2026-08-31,BILL/2026/08/0002,200101 Payables,Partners JV,Sara,0.000,363.500,529
2026-08-31,BILL/2026/08/0001,501116 Charity Expenses,Partners JV,Payment to Imamof masjid as ikhramia,145.000,0.000,
2026-08-31,BILL/2026/08/0001,200101 Payables,Partners JV,Fahad,0.000,145.000,514
2026-08-01,PCSH3/2026/00009,300301 Partner's CA-Fahad Fawaz,Staff Expenses JV,Manual Payment: 0726,0.000,"14,055.500",
2026-08-01,PCSH3/2026/00009,200101 Payables,Staff Expenses JV,Manual Payment: 0726,"14,055.500",0.000,548
2026-07-31,PCSH4/2026/00021,300302 Partner's CA-Dr. Sara,Partners JV,Manual Payment: Sara,0.000,560.900,
2026-07-31,PCSH4/2026/00021,200101 Payables,Partners JV,Manual Payment: Sara,560.900,0.000,535
2026-07-31,PCSH4/2026/00020,300302 Partner's CA-Dr. Sara,Partners JV,Manual Payment: Sara,0.000,85.000,
2026-07-31,PCSH4/2026/00020,200101 Payables,Partners JV,Manual Payment: Sara,85.000,0.000,534
2026-07-31,PCSH4/2026/00019,300302 Partner's CA-Dr. Sara,Partners JV,Manual Payment: Sara,0.000,108.000,
2026-07-31,PCSH4/2026/00019,200101 Payables,Partners JV,Manual Payment: Sara,108.000,0.000,533
2026-07-31,PCSH4/2026/00018,300302 Partner's CA-Dr. Sara,Partners JV,Manual Payment: Sara,0.000,74.600,
2026-07-31,PCSH4/2026/00018,200101 Payables,Partners JV,Manual Payment: Sara,74.600,0.000,532
2026-07-31,PCSH4/2026/00017,300302 Partner's CA-Dr. Sara,Partners JV,Manual Payment: Sara,0.000,35.060,
2026-07-31,PCSH4/2026/00017,200101 Payables,Partners JV,Manual Payment: Sara,35.060,0.000,531
2026-07-31,PCSH4/2026/00016,300302 Partner's CA-Dr. Sara,Partners JV,Manual Payment: Sara,0.000,43.750,
2026-07-31,PCSH4/2026/00016,200101 Payables,Partners JV,Manual Payment: Sara,43.750,0.000,530
2026-07-31,PCSH4/2026/00015,300302 Partner's CA-Dr. Sara,Partners JV,Manual Payment: Sara,0.000,363.500,
2026-07-31,PCSH4/2026/00015,200101 Payables,Partners JV,Manual Payment: Sara,363.500,0.000,529
2026-07-31,PCSH4/2026/00014,300302 Partner's CA-Dr. Sara,Partners JV,Manual Payment: Sara,0.000,119.000,
2026-07-31,PCSH4/2026/00014,200101 Payables,Partners JV,Manual Payment: Sara,119.000,0.000,528
2026-07-31,PCSH4/2026/00013,300302 Partner's CA-Dr. Sara,Partners JV,Manual Payment: Sara,0.000,112.500,
2026-07-31,PCSH4/2026/00013,200101 Payables,Partners JV,Manual Payment: Sara,112.500,0.000,527
2026-07-31,PCSH4/2026/00012,300302 Partner's CA-Dr. Sara,Partners JV,Manual Payment: Sara,0.000,160.000,
2026-07-31,PCSH4/2026/00012,200101 Payables,Partners JV,Manual Payment: Sara,160.000,0.000,526
2026-07-31,PCSH4/2026/00011,300302 Partner's CA-Dr. Sara,Partners JV,Manual Payment: Sara,0.000,2.880,
2026-07-31,PCSH4/2026/00011,200101 Payables,Partners JV,Manual Payment: Sara,2.880,0.000,525
2026-07-31,PCSH4/2026/00010,300302 Partner's CA-Dr. Sara,Partners JV,Manual Payment: Sara,0.000,400.250,
2026-07-31,PCSH4/2026/00010,200101 Payables,Partners JV,Manual Payment: Sara,400.250,0.000,524
2026-07-31,PCSH4/2026/00009,300302 Partner's CA-Dr. Sara,Partners JV,Manual Payment: Sara,0.000,878.500,
2026-07-31,PCSH4/2026/00009,200101 Payables,Partners JV,Manual Payment: Sara,878.500,0.000,523
2026-07-31,PCSH4/2026/00008,300302 Partner's CA-Dr. Sara,Partners JV,Manual Payment: Sara,0.000,348.000,
2026-07-31,PCSH4/2026/00008,200101 Payables,Partners JV,Manual Payment: Sara,348.000,0.000,522
2026-07-31,PCSH4/2026/00007,300302 Partner's CA-Dr. Sara,Partners JV,Manual Payment: Sara,0.000,319.400,
2026-07-31,PCSH4/2026/00007,200101 Payables,Partners JV,Manual Payment: Sara,319.400,0.000,521
2026-07-31,PCSH4/2026/00006,300302 Partner's CA-Dr. Sara,Partners JV,Manual Payment: Sara,0.000,25.000,
2026-07-31,PCSH4/2026/00006,200101 Payables,Partners JV,Manual Payment: Sara,25.000,0.000,520
2026-07-31,PCSH4/2026/00005,300302 Partner's CA-Dr. Sara,Partners JV,Manual Payment: Sara,0.000,510.000,
2026-07-31,PCSH4/2026/00005,200101 Payables,Partners JV,Manual Payment: Sara,510.000,0.000,519
2026-07-31,PCSH4/2026/00004,300302 Partner's CA-Dr. Sara,Partners JV,Manual Payment: Sara,0.000,673.000,
2026-07-31,PCSH4/2026/00004,200101 Payables,Partners JV,Manual Payment: Sara,673.000,0.000,518
2026-07-31,PCSH4/2026/00003,300302 Partner's CA-Dr. Sara,Partners JV,Manual Payment: Sara,0.000,293.740,
2026-07-31,PCSH4/2026/00003,200101 Payables,Partners JV,Manual Payment: Sara,293.740,0.000,517
2026-07-31,PCSH4/2026/00002,300302 Partner's CA-Dr. Sara,Partners JV,Manual Payment: Sara,0.000,280.000,
2026-07-31,PCSH4/2026/00002,200101 Payables,Partners JV,Manual Payment: Sara,280.000,0.000,516
2026-07-31,PCSH4/2026/00001,300302 Partner's CA-Dr. Sara,Partners JV,Manual Payment: Sara,0.000,175.500,
2026-07-31,PCSH4/2026/00001,200101 Payables,Partners JV,Manual Payment: Sara,175.500,0.000,515
2026-07-31,PCSH3/2026/00010,300301 Partner's CA-Fahad Fawaz,Partners JV,Manual Payment: Fahad,0.000,"42,450.000",
2026-07-31,PCSH3/2026/00010,200101 Payables,Partners JV,Manual Payment: Fahad,"42,450.000",0.000,514
2026-07-31,PBNK3/2026/00030,100003 Ush BBYN-8003,Sales JV,Manual Payment: INV/2026/00009,"19,404.350",0.000,
2026-07-31,PBNK3/2026/00030,100201 Accounts Receivable,Sales JV,Manual Payment: INV/2026/00009,0.000,"19,404.350",443
2026-07-31,PBNK1/2026/00098,100002 Ush BBYN-8002,Bank Fees,Manual Payment: BILL/2026/07/0040,0.000,10.500,
2026-07-31,PBNK1/2026/00098,200101 Payables,Bank Fees,Manual Payment: BILL/2026/07/0040,10.500,0.000,484
2026-07-31,PBNK1/2026/00097,100002 Ush BBYN-8002,Sales JV,Manual Payment: INV/2026/00008,"3,836.146",0.000,
2026-07-31,PBNK1/2026/00097,100201 Accounts Receivable,Sales JV,Manual Payment: INV/2026/00008,0.000,"3,836.146",483
2026-07-31,PBNK1/2026/00096,100002 Ush BBYN-8002,Bank Fees,Manual Payment: BILL/2026/07/0040,0.000,100.250,
2026-07-31,PBNK1/2026/00096,200101 Payables,Bank Fees,Manual Payment: BILL/2026/07/0040,100.250,0.000,484
2026-07-31,MISC/2026/07/0007,400101 Sales-Spa,,,"30,924.000",0.000,
2026-07-31,MISC/2026/07/0007,200401 Deferred-Vouchers,,,0.000,"30,924.000",
2026-07-31,MISC/2026/07/0006,500804 Depreciation of Furniture & Office Equipment,,,"5,700.000",0.000,
2026-07-31,MISC/2026/07/0006,100652 Accumulated Depreciation of Furniture & Office Equipment,,,0.000,"5,700.000",
2026-07-31,MISC/2026/07/0004,1111111 Manual Inventory,,Inventory Valuation Adjustment,"3,221.000",0.000,
2026-07-31,MISC/2026/07/0004,500101 Cost of Goods Sold in Trading,,Inventory Valuation Adjustment,0.000,"3,221.000",
2026-07-31,MISC/2026/07/0003,500332 Leave Salary,,leave for the month,669.288,0.000,
2026-07-31,MISC/2026/07/0003,200502 Leave Days Provision,,leave for the month`,0.000,669.288,
2026-07-31,MISC/2026/07/0003,500331 End of Service Indemnity,,Indemnity for the month,330.455,0.000,
2026-07-31,MISC/2026/07/0003,200503 End of Service Provision,,Indemnity for the month,0.000,330.455,
2026-07-31,MISC/2026/07/0002,100652 Accumulated Depreciation of Furniture & Office Equipment,Deema Fawaz AlAdwani,Carpentary Work: Depreciation,0.000,18.700,
2026-07-31,MISC/2026/07/0002,500804 Depreciation of Furniture & Office Equipment,Deema Fawaz AlAdwani,Carpentary Work: Depreciation,18.700,0.000,
2026-07-31,MISC/2026/07/0001,100652 Accumulated Depreciation of Furniture & Office Equipment,Deema Fawaz AlAdwani,Curtains: Depreciation,0.000,13.750,
2026-07-31,MISC/2026/07/0001,500804 Depreciation of Furniture & Office Equipment,Deema Fawaz AlAdwani,Curtains: Depreciation,13.750,0.000,
2026-07-31,INV/2026/00009,400101 Sales-Spa,Sales JV,Cash Sales for the month,0.000,0.000,
2026-07-31,INV/2026/00009,400101 Sales-Spa,Sales JV,Deema Sales for the month,0.000,0.000,
2026-07-31,INV/2026/00009,400101 Sales-Spa,Sales JV,GCC Sales for the month,0.000,25.110,
2026-07-31,INV/2026/00009,400101 Sales-Spa,Sales JV,Knet Sales for the month,0.000,"14,320.000",
2026-07-31,INV/2026/00009,400101 Sales-Spa,Sales JV,Link Sales for the month,0.000,0.000,
2026-07-31,INV/2026/00009,400101 Sales-Spa,Sales JV,Master Visa Sales for the month,0.000,"5,205.490",
2026-07-31,INV/2026/00009,400101 Sales-Spa,Sales JV,My Fatoorah Sale for month,0.000,0.000,
2026-07-31,INV/2026/00009,400101 Sales-Spa,Sales JV,Tap Sales for month,0.000,0.000,
2026-07-31,INV/2026/00009,500320 Residency & Visa Exp.,Sales JV,Visa Expenses,0.000,0.000,
2026-07-31,INV/2026/00009,500602 Knet Fees,Sales JV,Knet Charges,28.640,0.000,
2026-07-31,INV/2026/00009,500603 Visa/MC Fees,Sales JV,MCC/Visa Charges,117.120,0.000,
2026-07-31,INV/2026/00009,100201 Accounts Receivable,Sales JV,INV/2026/00009,"19,404.350",0.000,443
2026-07-31,INV/2026/00009,500601 Bank Fees,Sales JV,GCC Charges,0.490,0.000,
2026-07-31,BILL/2026/07/0040,500601 Bank Fees,Bank Fees,Transaction Fees,110.750,0.000,
2026-07-31,BILL/2026/07/0040,200101 Payables,Bank Fees,,0.000,110.750,484
2026-07-31,BILL/2026/07/0035,500301 Basic Salary,Staff Expenses JV,Basic Salary,"10,843.000",0.000,
2026-07-31,BILL/2026/07/0035,500306 Sales Commission,Staff Expenses JV,Commission,"2,843.000",0.000,
2026-07-31,BILL/2026/07/0035,500308 Staff Overtime,Staff Expenses JV,Over Time,177.500,0.000,
2026-07-31,BILL/2026/07/0035,204101 Due to Related Party-Refresh Co.,Staff Expenses JV,Salary By REFRESH,0.000,108.000,
2026-07-31,BILL/2026/07/0035,104101 Related Party-Refresh Co.,Staff Expenses JV,Salary On Behalf of Refresh,300.000,0.000,
2026-07-31,BILL/2026/07/0035,200101 Payables,Staff Expenses JV,0726,0.000,"14,055.500",548
2026-07-31,BILL/2026/07/0028,500109 Cost of Sales-Laundry,Blue Diamond plus Co.,Being the laundry expenses for July-26 at Sharq,226.840,0.000,
2026-07-31,BILL/2026/07/0028,200101 Payables,Blue Diamond plus Co.,0194,0.000,226.840,
2026-07-30,PCSH1/2026/00022,100051 Petty Cash,Deema Fawaz AlAdwani,Manual Payment: BILL/2026/07/0034,0.000,458.900,
2026-07-30,PCSH1/2026/00022,200101 Payables,Deema Fawaz AlAdwani,Manual Payment: BILL/2026/07/0034,458.900,0.000,290
2026-07-30,PBNK1/2026/00065,100001 Ush BBYN-8001,ArtVision,Manual Payment: BILL/2026/07/0027,0.000,"3,000.000",
2026-07-30,PBNK1/2026/00065,200101 Payables,ArtVision,Manual Payment: BILL/2026/07/0027,"3,000.000",0.000,64
2026-07-29,PBNK1/2026/00266,100001 Ush BBYN-8001,Deema Fawaz AlAdwani,Manual Payment: BILL/2026/07/0034,0.000,0.000,
2026-07-29,PBNK1/2026/00266,200101 Payables,Deema Fawaz AlAdwani,Manual Payment: BILL/2026/07/0034,0.000,0.000,
2026-07-29,PBNK1/2026/00064,100001 Ush BBYN-8001,ArtVision,Manual Payment: BILL/2026/07/0027,0.000,"3,090.000",
2026-07-29,PBNK1/2026/00064,200101 Payables,ArtVision,Manual Payment: BILL/2026/07/0027,"3,090.000",0.000,64
2026-07-28,PBNK1/2026/00063,100001 Ush BBYN-8001,ArtVision,Manual Payment: BILL/2026/07/0027,0.000,"2,317.000",
2026-07-28,PBNK1/2026/00063,200101 Payables,ArtVision,Manual Payment: BILL/2026/07/0027,"2,317.000",0.000,64
2026-07-28,BILL/2026/07/0027,100621 LHI-WIP,ArtVision,Payment to Nabih Ibrahem Ibrahem Aziz for Second Payment against chipsm board work contract JA on 27-07-2026,"1,000.000",0.000,
2026-07-28,BILL/2026/07/0027,100621 LHI-WIP,ArtVision,Payment to Hassan Hamdy Ahmed Nouredin for payment for final payment for floor installation work JA on 27-07-2026,517.000,0.000,
2026-07-28,BILL/2026/07/0027,100621 LHI-WIP,ArtVision,Payment to Hassan Hamdy Ahmed Nouredin for payment for additional work for floor installation work JA on 27-07-2026,800.000,0.000,
2026-07-28,BILL/2026/07/0027,100621 LHI-WIP,ArtVision,Payment to Abdelmalak Nashed Saadalla for First payemnt for second carpentry work contract JA,"3,000.000",0.000,
2026-07-28,BILL/2026/07/0027,100621 LHI-WIP,ArtVision,Payment for for four ceramic delivery vehicles for the showroom.,20.000,0.000,
2026-07-28,BILL/2026/07/0027,100621 LHI-WIP,ArtVision,Payment for for two ceramic delivery vehicles for the showroom.,70.000,0.000,
2026-07-28,BILL/2026/07/0027,100621 LHI-WIP,ArtVision,Payment to Aurangzeb Muhammad Nawaz Maikan for Second Payment against ceramic work contract JA on 27-07-26,"1,000.000",0.000,
2026-07-28,BILL/2026/07/0027,100621 LHI-WIP,ArtVision,Payment to Farhan Fahim Hefni Mohamed for payment for additional carpentry work jabir mall JA on 27-07-26,"2,000.000",0.000,
2026-07-28,BILL/2026/07/0027,200101 Payables,ArtVision,,0.000,"8,407.000",64
2026-07-27,PBNK3/2026/00032,100003 Ush BBYN-8003,Intercompany Transfers,Manual Payment: BILL/2026/07/0037,0.000,"16,500.000",
2026-07-27,PBNK3/2026/00032,200101 Payables,Intercompany Transfers,Manual Payment: BILL/2026/07/0037,"16,500.000",0.000,445
2026-07-27,PBNK1/2026/00095,100002 Ush BBYN-8002,Intercompany Transfers,Manual Payment: BILL/2026/07/0039,0.000,"36,140.000",
2026-07-27,PBNK1/2026/00095,200101 Payables,Intercompany Transfers,Manual Payment: BILL/2026/07/0039,"36,140.000",0.000,481
2026-07-27,PBNK1/2026/00062,100001 Ush BBYN-8001,Marketing JV,Manual Payment: BILL/2026/07/0026,0.000,640.000,
2026-07-27,PBNK1/2026/00062,200101 Payables,Marketing JV,Manual Payment: BILL/2026/07/0026,640.000,0.000,63
2026-07-27,PBNK1/2026/00061,100001 Ush BBYN-8001,ArtVision,Manual Payment: BILL/2026/07/0025,0.000,709.000,
2026-07-27,PBNK1/2026/00061,200101 Payables,ArtVision,Manual Payment: BILL/2026/07/0025,709.000,0.000,62
2026-07-27,BILL/2026/07/0039,100001 Ush BBYN-8001,Intercompany Transfers,Interbank Transfer,"36,140.000",0.000,
2026-07-27,BILL/2026/07/0039,200101 Payables,Intercompany Transfers,,0.000,"36,140.000",481
2026-07-27,BILL/2026/07/0037,100001 Ush BBYN-8001,Intercompany Transfers,Interbank Transfer,"16,500.000",0.000,
2026-07-27,BILL/2026/07/0037,200101 Payables,Intercompany Transfers,,0.000,"16,500.000",445
2026-07-27,BILL/2026/07/0034,500105 Cost of Sales-Hospitality,Deema Fawaz AlAdwani,"Payment to Thurayia Star for Purchase Green Apple,mint and lemon against inv no:4575/4606 on 25-07-26",54.000,0.000,
2026-07-27,BILL/2026/07/0034,500401 Spa Rent,Deema Fawaz AlAdwani,Building Hariss Comission ush mangaf June-26,40.000,0.000,
2026-07-27,BILL/2026/07/0034,500704 Printing & Stationary,Deema Fawaz AlAdwani,Payment to Dar Al Iman for the printing charges of customer feedback paper-A4 against inv no:184765 on 28-07-26,110.000,0.000,
2026-07-27,BILL/2026/07/0034,500320 Residency & Visa Exp.,Deema Fawaz AlAdwani,Payment for Residancy Fees of Jodel E-no:46 (Work Permission/Healthy Insurance/Ikhama/Civil ID),180.000,0.000,
2026-07-27,BILL/2026/07/0034,500704 Printing & Stationary,Deema Fawaz AlAdwani,Payment to Jarir for purchase license holding file and holder stand for sharq second floor against inv no:1495 on 29-07-26,21.900,0.000,
2026-07-27,BILL/2026/07/0034,500106 Cost of Sales-Consumables,Deema Fawaz AlAdwani,Payment to qablan for purchase plastic bag against inv no:29021 ojn 29-07-26,12.000,0.000,
2026-07-27,BILL/2026/07/0034,500106 Cost of Sales-Consumables,Deema Fawaz AlAdwani,Payment to top pack for purchase plastic bag against inv no:15844 ojn 29-07-26,12.000,0.000,
2026-07-27,BILL/2026/07/0034,400110 Sales Returns,Deema Fawaz AlAdwani,Payment to customer for the excess amount refunded against inv no:IN111027 on 29-07-2026,4.000,0.000,
2026-07-27,BILL/2026/07/0034,400110 Sales Returns,Deema Fawaz AlAdwani,Payment to Arwa for refund of  Invoice testing amount deposited Myfatoorah,25.000,0.000,
2026-07-27,BILL/2026/07/0034,200101 Payables,Deema Fawaz AlAdwani,,0.000,458.900,290
2026-07-27,BILL/2026/07/0026,500701 Marketing-Ad Sponsors,Marketing JV,Instagram Sponser,640.000,0.000,
2026-07-27,BILL/2026/07/0026,200101 Payables,Marketing JV,,0.000,640.000,63
2026-07-27,BILL/2026/07/0025,100621 LHI-WIP,ArtVision,Payment to Taher for purchase building materials and waste removal against inv no:3666-3938 on 27-07-2026,709.000,0.000,
2026-07-27,BILL/2026/07/0025,200101 Payables,ArtVision,,0.000,709.000,62
2026-07-26,PCSH1/2026/00021,100051 Petty Cash,Deema Fawaz AlAdwani,Manual Payment: BILL/2026/07/0033,0.000,334.900,
2026-07-26,PCSH1/2026/00021,200101 Payables,Deema Fawaz AlAdwani,Manual Payment: BILL/2026/07/0033,334.900,0.000,289
2026-07-26,PBNK1/2026/00265,100001 Ush BBYN-8001,Deema Fawaz AlAdwani,Manual Payment: BILL/2026/07/0033,0.000,0.000,
2026-07-26,PBNK1/2026/00265,200101 Payables,Deema Fawaz AlAdwani,Manual Payment: BILL/2026/07/0033,0.000,0.000,
2026-07-26,MISC2/2026/07/0004,100001 Ush BBYN-8001,,Intercompany Tranfers,0.000,"2,500.000",
2026-07-26,MISC2/2026/07/0004,300301 Partner's CA-Fahad Fawaz,,Intercompany Tranfers,"2,500.000",0.000,
2026-07-26,MISC2/2026/07/0004,300301 Partner's CA-Fahad Fawaz,,Intercompany Tranfers,0.000,"30,000.000",
2026-07-26,MISC2/2026/07/0004,100001 Ush BBYN-8001,,Intercompany Tranfers,"30,000.000",0.000,
2026-07-22,PBNK1/2026/00060,100001 Ush BBYN-8001,Staff Expenses JV,Manual Payment: BILL/2026/07/0024,0.000,307.612,
2026-07-22,PBNK1/2026/00060,200101 Payables,Staff Expenses JV,Manual Payment: BILL/2026/07/0024,307.612,0.000,61
2026-07-22,PBNK1/2026/00059,100001 Ush BBYN-8001,ArtVision,Manual Payment: BILL/2026/07/0023,0.000,"2,325.000",
2026-07-22,PBNK1/2026/00059,200101 Payables,ArtVision,Manual Payment: BILL/2026/07/0023,"2,325.000",0.000,60
2026-07-22,MISC2/2026/07/0003,100001 Ush BBYN-8001,,Intercompany Tranfers,0.000,"7,500.000",
2026-07-22,MISC2/2026/07/0003,300301 Partner's CA-Fahad Fawaz,,Intercompany Tranfers,"7,500.000",0.000,
2026-07-22,BILL/2026/07/0024,500301 Basic Salary,Staff Expenses JV,Payment to Rashid for salary advances on 22-07-26,300.000,0.000,
2026-07-22,BILL/2026/07/0024,500601 Bank Fees,Staff Expenses JV,Bank charges for cash withdrawel in qatar,7.612,0.000,
2026-07-22,BILL/2026/07/0024,200101 Payables,Staff Expenses JV,,0.000,307.612,61
2026-07-21,PBNK1/2026/00058,100001 Ush BBYN-8001,ArtVision,Manual Payment: BILL/2026/07/0023,0.000,"3,000.000",
2026-07-21,PBNK1/2026/00058,200101 Payables,ArtVision,Manual Payment: BILL/2026/07/0023,"3,000.000",0.000,60
2026-07-21,PBNK1/2026/00057,100001 Ush BBYN-8001,ArtVision,Manual Payment: BILL/2026/07/0023,0.000,0.000,
2026-07-21,PBNK1/2026/00057,200101 Payables,ArtVision,Manual Payment: BILL/2026/07/0023,0.000,0.000,
2026-07-21,PBNK1/2026/00056,100001 Ush BBYN-8001,Deema Fawaz AlAdwani,Manual Payment: BILL/2026/07/0022,0.000,"1,000.000",
2026-07-21,PBNK1/2026/00056,200101 Payables,Deema Fawaz AlAdwani,Manual Payment: BILL/2026/07/0022,"1,000.000",0.000,59
2026-07-21,BILL/2026/07/0023,100621 LHI-WIP,ArtVision,Payment to Hassan ahmed for civil and construction work,"1,000.000",0.000,
2026-07-21,BILL/2026/07/0023,100621 LHI-WIP,ArtVision,Payment to Farhan Fahim for Advance payment for carpentry work against the contract,"1,000.000",0.000,
2026-07-21,BILL/2026/07/0023,100621 LHI-WIP,ArtVision,Payment to Farhan Fahim for Advance payment for carpentry work against the contract,"1,000.000",0.000,
2026-07-21,BILL/2026/07/0023,100621 LHI-WIP,ArtVision,Payment to Emad Mahmoud Hamdan Said for sanitory work fifth payment against the contract on 18-07-2025,"2,000.000",0.000,
2026-07-21,BILL/2026/07/0023,100621 LHI-WIP,ArtVision,Payment to Al Tanib for purchase ceramic adhesive  against inv no:229327,325.000,0.000,
2026-07-21,BILL/2026/07/0023,200101 Payables,ArtVision,,0.000,"5,325.000",60
2026-07-21,BILL/2026/07/0022,100051 Petty Cash,Deema Fawaz AlAdwani,Petty cash transferred to Deema,"1,000.000",0.000,
2026-07-21,BILL/2026/07/0022,200101 Payables,Deema Fawaz AlAdwani,,0.000,"1,000.000",59
2026-07-20,PBNK1/2026/00264,100001 Ush BBYN-8001,Deema Fawaz AlAdwani,Manual Payment: BILL/2026/07/0032,0.000,0.000,
2026-07-20,PBNK1/2026/00264,200101 Payables,Deema Fawaz AlAdwani,Manual Payment: BILL/2026/07/0032,0.000,0.000,
2026-07-20,PBNK1/2026/00055,100001 Ush BBYN-8001,Rental JV,Manual Payment: BILL/2026/07/0021,0.000,450.000,
2026-07-20,PBNK1/2026/00055,200101 Payables,Rental JV,Manual Payment: BILL/2026/07/0021,450.000,0.000,58
2026-07-20,PBNK1/2026/00054,100001 Ush BBYN-8001,ArtVision,Manual Payment: BILL/2026/07/0020,0.000,"7,663.000",
2026-07-20,PBNK1/2026/00054,200101 Payables,ArtVision,Manual Payment: BILL/2026/07/0020,"7,663.000",0.000,57
2026-07-20,BILL/2026/07/0021,500401 Spa Rent,Rental JV,Payment to for the rent of Office Reggai for july-26 on 08-07-2026,450.000,0.000,
2026-07-20,BILL/2026/07/0021,200101 Payables,Rental JV,,0.000,450.000,58
2026-07-19,PCSH2/2026/00019,100051 Petty Cash,Deema Fawaz AlAdwani,Manual Payment: BILL/2026/07/0032,0.000,430.000,
2026-07-19,PCSH2/2026/00019,200101 Payables,Deema Fawaz AlAdwani,Manual Payment: BILL/2026/07/0032,430.000,0.000,288
2026-07-19,PCSH2/2026/00018,100051 Petty Cash,Deema Fawaz AlAdwani,Manual Payment: BILL/2026/07/0032,0.000,0.000,
2026-07-19,PCSH2/2026/00018,200101 Payables,Deema Fawaz AlAdwani,Manual Payment: BILL/2026/07/0032,0.000,0.000,
2026-07-19,PBNK1/2026/00053,100001 Ush BBYN-8001,ArtVision,Manual Payment: BILL/2026/07/0020,0.000,"6,500.000",
2026-07-19,PBNK1/2026/00053,200101 Payables,ArtVision,Manual Payment: BILL/2026/07/0020,"6,500.000",0.000,57
2026-07-19,BILL/2026/07/0033,500105 Cost of Sales-Hospitality,Deema Fawaz AlAdwani,"Payment to Thurayia Star for Purchase Green Apple,mint and lemon against inv no:4286/4375 on 18-07-2026",55.000,0.000,
2026-07-19,BILL/2026/07/0033,400110 Sales Returns,Deema Fawaz AlAdwani,Payment refund to Customer for cancelled the voucher no:V102721  on 15-07-26,39.000,0.000,
2026-07-19,BILL/2026/07/0033,501103 Spa Maintenance,Deema Fawaz AlAdwani,Payment to Oula for fuel card reacharge for the vehicle urvan box on 20-07-2026,30.000,0.000,
2026-07-19,BILL/2026/07/0033,500105 Cost of Sales-Hospitality,Deema Fawaz AlAdwani,Payment to Rawaieh for purchase ginger blossom 500ml against inv no:16594 on 20-07-26,125.000,0.000,
2026-07-19,BILL/2026/07/0033,500106 Cost of Sales-Consumables,Deema Fawaz AlAdwani,Payment to top pack for purchase plastic bag-20kg against inv no:15563/28466 on 21-07-26,9.750,0.000,
2026-07-19,BILL/2026/07/0033,500704 Printing & Stationary,Deema Fawaz AlAdwani,Payment to al sanafer for purchase jumbo punch for store against inv no:2625-11-005665 on 22-07-26,4.500,0.000,
2026-07-19,BILL/2026/07/0033,500106 Cost of Sales-Consumables,Deema Fawaz AlAdwani,Payment to abyat for purchase ergonomic support pillow head&neck against inv no:74699304 on 23-07-26,15.200,0.000,
2026-07-19,BILL/2026/07/0033,500321 Staff Medical Card,Deema Fawaz AlAdwani,"Payment for the baladiya card of Thanwarat E-no:37,Rampai E-no:38 and Bulan E-no:39",45.000,0.000,
2026-07-19,BILL/2026/07/0033,400110 Sales Returns,Deema Fawaz AlAdwani,Payment refunded to customer against inv no:IN105038 ON 25-07-2026,6.000,0.000,
2026-07-19,BILL/2026/07/0033,501103 Spa Maintenance,Deema Fawaz AlAdwani,Payment to Grand hyper for purchase extension code and toilet sanitory for office against inv no:72348 on 26-07-2026,5.450,0.000,
2026-07-19,BILL/2026/07/0033,200101 Payables,Deema Fawaz AlAdwani,,0.000,334.900,289
2026-07-19,BILL/2026/07/0020,100621 LHI-WIP,ArtVision,Payment to Hany Alwes Poles Patres for Second Payment against Electricity work contract  on 18-07-26,"3,500.000",0.000,
2026-07-19,BILL/2026/07/0020,100621 LHI-WIP,ArtVision,Payment to Artvision-Mustafa for fourth Payment against contract JA on 18-07-2026,"3,000.000",0.000,
2026-07-19,BILL/2026/07/0020,100621 LHI-WIP,ArtVision,Payment to Al-Shatti & Hadid Group Co. for Third Payment against contract JA on 18-07-2026,"7,500.000",0.000,
2026-07-19,BILL/2026/07/0020,100621 LHI-WIP,ArtVision,Payment to Marafie7Gondal Co. for purchase building material against inv no:3229 on 19-07-26,163.000,0.000,
2026-07-19,BILL/2026/07/0020,200101 Payables,ArtVision,,0.000,"14,163.000",57
2026-07-18,PCSH1/2026/00020,100051 Petty Cash,Deema Fawaz AlAdwani,Manual Payment: BILL/2026/07/0032,0.000,101.000,
2026-07-18,PCSH1/2026/00020,200101 Payables,Deema Fawaz AlAdwani,Manual Payment: BILL/2026/07/0032,101.000,0.000,288
2026-07-17,PBNK1/2026/00052,100001 Ush BBYN-8001,Marketing JV,Manual Payment: BILL/2026/07/0019,0.000,639.000,
2026-07-17,PBNK1/2026/00052,200101 Payables,Marketing JV,Manual Payment: BILL/2026/07/0019,639.000,0.000,56
2026-07-17,BILL/2026/07/0019,500701 Marketing-Ad Sponsors,Marketing JV,Instagram Sponser,639.000,0.000,
2026-07-17,BILL/2026/07/0019,200101 Payables,Marketing JV,,0.000,639.000,56
2026-07-16,PBNK1/2026/00051,100001 Ush BBYN-8001,ArtVision,Manual Payment: BILL/2026/07/0018,0.000,"1,380.000",
2026-07-16,PBNK1/2026/00051,200101 Payables,ArtVision,Manual Payment: BILL/2026/07/0018,"1,380.000",0.000,55
2026-07-16,MISC2/2026/07/0006,100001 Ush BBYN-8001,,,"22,000.000",0.000,
2026-07-16,MISC2/2026/07/0006,300302 Partner's CA-Dr. Sara,,,0.000,"22,000.000",
2026-07-15,PCSH2/2026/00017,100051 Petty Cash,Deema Fawaz AlAdwani,Manual Payment: BILL/2026/07/0031,0.000,35.700,
2026-07-15,PCSH2/2026/00017,200101 Payables,Deema Fawaz AlAdwani,Manual Payment: BILL/2026/07/0031,35.700,0.000,286
2026-07-15,PCSH2/2026/00016,100051 Petty Cash,Deema Fawaz AlAdwani,Manual Payment: BILL/2026/07/0031,0.000,0.000,
2026-07-15,PCSH2/2026/00016,200101 Payables,Deema Fawaz AlAdwani,Manual Payment: BILL/2026/07/0031,0.000,0.000,
2026-07-15,PBNK1/2026/00050,100001 Ush BBYN-8001,ArtVision,Manual Payment: BILL/2026/07/0018,0.000,236.500,
2026-07-15,PBNK1/2026/00050,200101 Payables,ArtVision,Manual Payment: BILL/2026/07/0018,236.500,0.000,55
2026-07-15,BILL/2026/07/0032,500320 Residency & Visa Exp.,Deema Fawaz AlAdwani,Payment for the residency medical charges of Judel E-No:,10.000,0.000,
2026-07-15,BILL/2026/07/0032,500320 Residency & Visa Exp.,Deema Fawaz AlAdwani,Payment for Residancy Transfer Fees of Prabhakar Eno: (Work Permission/Healthy Insurance/Ikhama/Civil ID),185.000,0.000,
2026-07-15,BILL/2026/07/0032,500321 Staff Medical Card,Deema Fawaz AlAdwani,Payment for baladiya card renewal Fees of Sabrita rai E no:29,10.000,0.000,
2026-07-15,BILL/2026/07/0032,500320 Residency & Visa Exp.,Deema Fawaz AlAdwani,Payment for Residancy renewal Fees of Emmie E-no:01 (Work Permission/Healthy Insurance/Ikhama/Civil ID),135.000,0.000,
2026-07-15,BILL/2026/07/0032,500401 Spa Rent,Deema Fawaz AlAdwani,Building Hariss Comission ush sharq June-26,20.000,0.000,
2026-07-15,BILL/2026/07/0032,501103 Spa Maintenance,Deema Fawaz AlAdwani,Payment for replacing and installing burnt spark plugs at ush sharq on 15-07-26,20.000,0.000,
2026-07-15,BILL/2026/07/0032,500320 Residency & Visa Exp.,Deema Fawaz AlAdwani,Payment for Residancy renewal Fees of Bulan E-no:39 & Mona E-no:76 (Civil ID),30.000,0.000,
2026-07-15,BILL/2026/07/0032,501103 Spa Maintenance,Deema Fawaz AlAdwani,Payment for Plumbing work at ush mangaf on 17-07-26,15.000,0.000,
2026-07-15,BILL/2026/07/0032,501101 Telephone,Deema Fawaz AlAdwani,Telephone charges for Ush Sharq &Mangaf and call center for June-26,46.000,0.000,
2026-07-15,BILL/2026/07/0032,500320 Residency & Visa Exp.,Deema Fawaz AlAdwani,Payment for Residancy renewal Fees of Thanurat E-no:37 & Rambay E-no:38 (Civil ID),60.000,0.000,
2026-07-15,BILL/2026/07/0032,200101 Payables,Deema Fawaz AlAdwani,,0.000,531.000,288
2026-07-14,PBNK1/2026/00049,100001 Ush BBYN-8001,ArtVision,Manual Payment: BILL/2026/07/0018,0.000,"2,227.000",
2026-07-14,PBNK1/2026/00049,200101 Payables,ArtVision,Manual Payment: BILL/2026/07/0018,"2,227.000",0.000,55
2026-07-14,BILL/2026/07/0018,100621 LHI-WIP,ArtVision,Payment to Hossameldin Moustafa Ahmed Moustafa for Payment for the maintenance work JA on 12-07-226,407.000,0.000,
2026-07-14,BILL/2026/07/0018,100621 LHI-WIP,ArtVision,Payment to Aurangzeb Muhammad Nawaz Maikan for First payment against the ceramic work contract on 13-07-2026,"1,000.000",0.000,
2026-07-14,BILL/2026/07/0018,100621 LHI-WIP,ArtVision,Payment to Nabih Ibrahem Ibrahem Aziz for First payment against the chipsm board work contract on 13-07-2026,610.000,0.000,
2026-07-14,BILL/2026/07/0018,100621 LHI-WIP,ArtVision,purchase materials for the site JA,35.000,0.000,
2026-07-14,BILL/2026/07/0018,100621 LHI-WIP,ArtVision,purchase materials for the site JA,175.000,0.000,
2026-07-14,BILL/2026/07/0018,100621 LHI-WIP,ArtVision,Payment to to Mosatfa for the miscellaneous  expensers,236.500,0.000,
2026-07-14,BILL/2026/07/0018,100621 LHI-WIP,ArtVision,Payment to Outer Limit for purchase and installation of LED Screen-JA against inv no:RF/001/2026 ON 16-07-2026,"1,000.000",0.000,
2026-07-14,BILL/2026/07/0018,100621 LHI-WIP,ArtVision,Payment to Outer Limit for purchase and installation of LED Screen-JA against inv no:RF/001/2026 ON 16-07-2026,380.000,0.000,
2026-07-14,BILL/2026/07/0018,200101 Payables,ArtVision,,0.000,"3,843.500",55
2026-07-13,PCSH1/2026/00019,100051 Petty Cash,Deema Fawaz AlAdwani,Manual Payment: BILL/2026/07/0031,0.000,245.000,
2026-07-13,PCSH1/2026/00019,200101 Payables,Deema Fawaz AlAdwani,Manual Payment: BILL/2026/07/0031,245.000,0.000,286
2026-07-13,PBNK1/2026/00263,100001 Ush BBYN-8001,Deema Fawaz AlAdwani,Manual Payment: BILL/2026/07/0031,0.000,0.000,
2026-07-13,PBNK1/2026/00263,200101 Payables,Deema Fawaz AlAdwani,Manual Payment: BILL/2026/07/0031,0.000,0.000,
2026-07-13,MISC2/2026/07/0002,100001 Ush BBYN-8001,,Intercompany Tranfers,0.000,"2,500.000",
2026-07-13,MISC2/2026/07/0002,300301 Partner's CA-Fahad Fawaz,,Intercompany Tranfers,"2,500.000",0.000,
2026-07-12,PBNK1/2026/00048,100001 Ush BBYN-8001,ArtVision,Manual Payment: BILL/2026/07/0017,0.000,325.000,
2026-07-12,PBNK1/2026/00048,200101 Payables,ArtVision,Manual Payment: BILL/2026/07/0017,325.000,0.000,54
2026-07-12,PBNK1/2026/00047,100001 Ush BBYN-8001,Marketing JV,Manual Payment: BILL/2026/07/0016,0.000,100.000,
2026-07-12,PBNK1/2026/00047,200101 Payables,Marketing JV,Manual Payment: BILL/2026/07/0016,100.000,0.000,53
2026-07-12,BILL/2026/07/0017,100621 LHI-WIP,ArtVision,payment to Al-Taneeb Company for purchase 100 bags of ceramic adhesive against inv no:228978 on 12-07-26,325.000,0.000,
2026-07-12,BILL/2026/07/0017,200101 Payables,ArtVision,,0.000,325.000,54
2026-07-12,BILL/2026/07/0016,500701 Marketing-Ad Sponsors,Marketing JV,Payment to seasson hotel for the meeting on 12-07-2026,100.000,0.000,
2026-07-12,BILL/2026/07/0016,200101 Payables,Marketing JV,,0.000,100.000,53
2026-07-09,PCSH2/2026/00015,100051 Petty Cash,Deema Fawaz AlAdwani,Manual Payment: BILL/2026/07/0030,0.000,134.750,
2026-07-09,PCSH2/2026/00015,200101 Payables,Deema Fawaz AlAdwani,Manual Payment: BILL/2026/07/0030,134.750,0.000,285
2026-07-09,PCSH1/2026/00018,100051 Petty Cash,Deema Fawaz AlAdwani,Manual Payment: BILL/2026/07/0030,0.000,28.750,
2026-07-09,PCSH1/2026/00018,200101 Payables,Deema Fawaz AlAdwani,Manual Payment: BILL/2026/07/0030,28.750,0.000,285
2026-07-09,PBNK1/2026/00262,100001 Ush BBYN-8001,Deema Fawaz AlAdwani,Manual Payment: BILL/2026/07/0030,0.000,0.000,
2026-07-09,PBNK1/2026/00262,200101 Payables,Deema Fawaz AlAdwani,Manual Payment: BILL/2026/07/0030,0.000,0.000,
2026-07-09,PBNK1/2026/00046,100001 Ush BBYN-8001,ArtVision,Manual Payment: BILL/2026/07/0015,0.000,"5,000.000",
2026-07-09,PBNK1/2026/00046,200101 Payables,ArtVision,Manual Payment: BILL/2026/07/0015,"5,000.000",0.000,52
2026-07-09,PBNK1/2026/00045,100001 Ush BBYN-8001,Deema Fawaz AlAdwani,Manual Payment: BILL/2026/07/0014,0.000,"1,000.000",
2026-07-09,PBNK1/2026/00045,200101 Payables,Deema Fawaz AlAdwani,Manual Payment: BILL/2026/07/0014,"1,000.000",0.000,51
2026-07-09,PBNK1/2026/00044,100001 Ush BBYN-8001,Mohammad SM Alzuabi,Manual Payment: BILL/2026/07/0013,0.000,"18,500.000",
2026-07-09,PBNK1/2026/00044,200101 Payables,Mohammad SM Alzuabi,Manual Payment: BILL/2026/07/0013,"18,500.000",0.000,50
2026-07-09,PBNK1/2026/00043,100001 Ush BBYN-8001,Rental JV,Manual Payment: BILL/2026/07/0012,0.000,"3,150.000",
2026-07-09,PBNK1/2026/00043,200101 Payables,Rental JV,Manual Payment: BILL/2026/07/0012,"3,150.000",0.000,49
2026-07-09,PBNK1/2026/00042,100001 Ush BBYN-8001,ArtVision,Manual Payment: BILL/2026/07/0011,0.000,"2,000.000",
2026-07-09,PBNK1/2026/00042,200101 Payables,ArtVision,Manual Payment: BILL/2026/07/0011,"2,000.000",0.000,48
2026-07-09,BILL/2026/07/0031,501103 Spa Maintenance,Deema Fawaz AlAdwani,Payment for the fuel charges of Urvan-24/36873 on 08-07-2026,5.000,0.000,
2026-07-09,BILL/2026/07/0031,501103 Spa Maintenance,Deema Fawaz AlAdwani,Payment to verminex for the pest control charges for ush spa managf on 08-07-2026,25.000,0.000,
2026-07-09,BILL/2026/07/0031,501105 Cleaning,Deema Fawaz AlAdwani,Payment to co op for purchase cleaning items against inv no:47340 on 11-07-2026,20.050,0.000,
2026-07-09,BILL/2026/07/0031,500704 Printing & Stationary,Deema Fawaz AlAdwani,Payment to ramez for purchase folder for ush mangaf against inv no:90 on 11-07-26,2.500,0.000,
2026-07-09,BILL/2026/07/0031,501108 Vehicle Maintenance,Deema Fawaz AlAdwani,Payment for the vehicle registration charges for patrol and urvan,3.150,0.000,
2026-07-09,BILL/2026/07/0031,500704 Printing & Stationary,Deema Fawaz AlAdwani,Payment to Burhan technology for purchase printer office-Finance dept against inv no:298841 on 09-07-26,37.000,0.000,
2026-07-09,BILL/2026/07/0031,500105 Cost of Sales-Hospitality,Deema Fawaz AlAdwani,Payment to Thurayia Star for Purchase Green Apple against inv no:4045/4099 on 11-07-2026,33.000,0.000,
2026-07-09,BILL/2026/07/0031,500502 Govt. fees,Deema Fawaz AlAdwani,Payment for the Health License Renewal (Kuwait Municipality) – USH Mangaf,15.000,0.000,
2026-07-09,BILL/2026/07/0031,500105 Cost of Sales-Hospitality,Deema Fawaz AlAdwani,Payement to The Print Shop Co. for Purchase water with name tag against inv no:266 on 13-07-26,130.000,0.000,
2026-07-09,BILL/2026/07/0031,500321 Staff Medical Card,Deema Fawaz AlAdwani,Payment for the baladiya card medical charges of Meron E-No:,10.000,0.000,
2026-07-09,BILL/2026/07/0031,200101 Payables,Deema Fawaz AlAdwani,,0.000,280.700,286
2026-07-09,BILL/2026/07/0030,500105 Cost of Sales-Hospitality,Deema Fawaz AlAdwani,Payment to Sanraa for purchase Turkish coffee against inv no:246930 on 02-072026,4.000,0.000,
2026-07-09,BILL/2026/07/0030,501105 Cleaning,Deema Fawaz AlAdwani,Payment to london shopping for purchase dustpin with brush and carpet cleaner against inv no:630145 on 18-06-26,4.750,0.000,
2026-07-09,BILL/2026/07/0030,500106 Cost of Sales-Consumables,Deema Fawaz AlAdwani,"Payment to ramez for purchase glass,Dishwash.Basra and batteries against inv no:10600325623 on 02-07-2026",9.000,0.000,
2026-07-09,BILL/2026/07/0030,500105 Cost of Sales-Hospitality,Deema Fawaz AlAdwani,Payment to Centerpoint  for purchase Juice glass against inv no:74175 on 04-07-26,8.700,0.000,
2026-07-09,BILL/2026/07/0030,500105 Cost of Sales-Hospitality,Deema Fawaz AlAdwani,Payment to Centerpoint  for purchase  juice glass and Candles for Store against inv no:11953 on 02-07-2026,31.500,0.000,
2026-07-09,BILL/2026/07/0030,500106 Cost of Sales-Consumables,Deema Fawaz AlAdwani,Payment to prestige for purchase cotton against inv no:15729 on 04-07-2026,18.000,0.000,
2026-07-09,BILL/2026/07/0030,500105 Cost of Sales-Hospitality,Deema Fawaz AlAdwani,Payment to Mango Hyper for purchase Tang-Lemon 2KG against inv no:8126172399 on 04-07-2026,46.800,0.000,
2026-07-09,BILL/2026/07/0030,500106 Cost of Sales-Consumables,Deema Fawaz AlAdwani,Payment to prestige for purchase plastic head cover against inv no:16106 on 07-07-2026,5.000,0.000,
2026-07-09,BILL/2026/07/0030,500502 Govt. fees,Deema Fawaz AlAdwani,Payment for the musthakraj-Ush thai spa for updating vehicle details in the license,7.000,0.000,
2026-07-09,BILL/2026/07/0030,500105 Cost of Sales-Hospitality,Deema Fawaz AlAdwani,"Payment to Thurayia Star for Purchase Green Apple,mint and lemon against inv no:3955 on 06-07-2026 & inv no:3971 on 07-07-26",28.750,0.000,
2026-07-09,BILL/2026/07/0030,200101 Payables,Deema Fawaz AlAdwani,,0.000,163.500,285
2026-07-09,BILL/2026/07/0015,100621 LHI-WIP,ArtVision,Payment to Kamal for Serveying & Plastering Contract Third payment against the contract on 09-07-2025,"2,500.000",0.000,
2026-07-09,BILL/2026/07/0015,100621 LHI-WIP,ArtVision,Payment to Shaaban Heshmat Hamada Elsayedl for Fourth Payment against contract Bricklaying Work against the contract on 09-07-2025,"2,500.000",0.000,
2026-07-09,BILL/2026/07/0015,200101 Payables,ArtVision,,0.000,"5,000.000",52
2026-07-09,BILL/2026/07/0014,100051 Petty Cash,Deema Fawaz AlAdwani,Petty cash transferred to Deema,"1,000.000",0.000,
2026-07-09,BILL/2026/07/0014,200101 Payables,Deema Fawaz AlAdwani,,0.000,"1,000.000",51
2026-07-09,BILL/2026/07/0013,100604 Vehicles,Mohammad SM Alzuabi,Toyota Prado 2026,"18,500.000",0.000,
2026-07-09,BILL/2026/07/0013,200101 Payables,Mohammad SM Alzuabi,,0.000,"18,500.000",50
2026-07-09,BILL/2026/07/0012,500401 Spa Rent,Rental JV,Payment to Alenjaz French Co for the rent for Ush Spa Mangaf  for Jul-26 on 04-07-2026,"2,750.000",0.000,
2026-07-09,BILL/2026/07/0012,200101 Payables,Rental JV,,0.000,"3,150.000",49
2026-07-09,BILL/2026/07/0012,500310 Staff Accomodation,Rental JV,Payment to Alenjaz French Co for the rent for staff accommodation for Jul-26 on 04-07-2026,400.000,0.000,
2026-07-08,PCSH1/2026/00017,100051 Petty Cash,Deema Fawaz AlAdwani,Manual Payment: BILL/2026/07/0029,0.000,490.820,
2026-07-08,PCSH1/2026/00017,200101 Payables,Deema Fawaz AlAdwani,Manual Payment: BILL/2026/07/0029,490.820,0.000,284
2026-07-08,PBNK1/2026/00041,100001 Ush BBYN-8001,ArtVision,Manual Payment: BILL/2026/07/0011,0.000,"2,000.000",
2026-07-08,PBNK1/2026/00041,200101 Payables,ArtVision,Manual Payment: BILL/2026/07/0011,"2,000.000",0.000,48
2026-07-08,PBNK1/2026/00040,100001 Ush BBYN-8001,Rental JV,Manual Payment: BILL/2026/07/0010,0.000,"2,150.000",
2026-07-08,PBNK1/2026/00040,200101 Payables,Rental JV,Manual Payment: BILL/2026/07/0010,"2,150.000",0.000,47
2026-07-08,BILL/2026/07/0011,100621 LHI-WIP,ArtVision,Payment to Artvision-Contract supervision(Mostafa) for third payment against contract on 08-07-2026,"2,000.000",0.000,
2026-07-08,BILL/2026/07/0011,100621 LHI-WIP,ArtVision,Payment to to Saidn abdulla for sanitory work fourth payment against the contract on 02-07-2025,"2,000.000",0.000,
2026-07-08,BILL/2026/07/0011,200101 Payables,ArtVision,,0.000,"4,000.000",48
2026-07-08,BILL/2026/07/0010,500401 Spa Rent,Rental JV,Payment to Nasser ahmed abdul lattif for the rent of Ush spa sharq first floor for jul-26 on 04-07-2026,"1,800.000",0.000,
2026-07-08,BILL/2026/07/0010,200101 Payables,Rental JV,,0.000,"2,150.000",47
2026-07-08,BILL/2026/07/0010,500310 Staff Accomodation,Rental JV,Payment to Nasser ahmed abdul lattif for the rent of Ush spa sharq Staff accommodation for jul-26 on 04-07-2026,350.000,0.000,
2026-07-07,PBNK1/2026/00261,100001 Ush BBYN-8001,Deema Fawaz AlAdwani,Manual Payment: BILL/2026/07/0029,0.000,0.000,
2026-07-07,PBNK1/2026/00261,200101 Payables,Deema Fawaz AlAdwani,Manual Payment: BILL/2026/07/0029,0.000,0.000,
2026-07-07,PBNK1/2026/00039,100001 Ush BBYN-8001,Marketing JV,Manual Payment: BILL/2026/07/0009,0.000,640.000,
2026-07-07,PBNK1/2026/00039,200101 Payables,Marketing JV,Manual Payment: BILL/2026/07/0009,640.000,0.000,46
2026-07-07,PBNK1/2026/00038,100001 Ush BBYN-8001,Al Babtain Co.,Manual Payment: BILL/2026/07/0008,0.000,"9,200.000",
2026-07-07,PBNK1/2026/00038,200101 Payables,Al Babtain Co.,Manual Payment: BILL/2026/07/0008,"9,200.000",0.000,P717
2026-07-07,BILL/2026/07/0009,500701 Marketing-Ad Sponsors,Marketing JV,Payment for Instagram sponsored,640.000,0.000,
2026-07-07,BILL/2026/07/0009,200101 Payables,Marketing JV,,0.000,640.000,46
2026-07-07,BILL/2026/07/0008,100604 Vehicles,Al Babtain Co.,Nissan Patrol 2026,"28,462.000",0.000,
2026-07-07,BILL/2026/07/0008,200101 Payables,Al Babtain Co.,,0.000,"36,812.000",P717
2026-07-07,BILL/2026/07/0008,100604 Vehicles,Al Babtain Co.,Nissar Urvan 2026,"8,350.000",0.000,
2026-07-05,RBILL/2026/07/0001,500110 Smallwares,BIN NISF GENERAL TRADING & CONT. CO.,Payment to Bin Nisf for purchase laundry cart,0.000,104.000,
2026-07-05,RBILL/2026/07/0001,200101 Payables,BIN NISF GENERAL TRADING & CONT. CO.,"Reversal of: BILL/2026/06/0029, Trolly Returned",104.000,0.000,513
2026-07-05,PBNK1/2026/00273,100001 Ush BBYN-8001,BIN NISF GENERAL TRADING & CONT. CO.,"Manual Payment: Reversal of: BILL/2026/06/0029, Trolly Returned",104.000,0.000,
2026-07-05,PBNK1/2026/00273,200101 Payables,BIN NISF GENERAL TRADING & CONT. CO.,"Manual Payment: Reversal of: BILL/2026/06/0029, Trolly Returned",0.000,104.000,513
2026-07-05,PBNK1/2026/00272,100001 Ush BBYN-8001,SPA AND MORE FOR GENERAL TRADING COMPANY WLL,Manual Payment: BILL/2026/07/0007,0.000,325.000,
2026-07-05,PBNK1/2026/00272,200101 Payables,SPA AND MORE FOR GENERAL TRADING COMPANY WLL,Manual Payment: BILL/2026/07/0007,325.000,0.000,512
2026-07-05,PBNK1/2026/00032,100001 Ush BBYN-8001,SPA AND MORE FOR GENERAL TRADING COMPANY WLL,Manual Payment: BILL/2026/07/0007,0.000,"2,000.000",
2026-07-05,PBNK1/2026/00032,200101 Payables,SPA AND MORE FOR GENERAL TRADING COMPANY WLL,Manual Payment: BILL/2026/07/0007,"2,000.000",0.000,P626
2026-07-05,BILL/2026/07/0007,100621 LHI-WIP,SPA AND MORE FOR GENERAL TRADING COMPANY WLL,Payment to Al Taneeb for  purchase 100 bags of ceramic adhesive of new project JA against inv no:228760 on 06-07-2026,325.000,0.000,
2026-07-05,BILL/2026/07/0007,200101 Payables,SPA AND MORE FOR GENERAL TRADING COMPANY WLL,,0.000,325.000,512
2026-07-04,PBNK1/2026/00037,100001 Ush BBYN-8001,ArtVision,Manual Payment: BILL/2026/07/0006,0.000,"1,120.000",
2026-07-04,PBNK1/2026/00037,200101 Payables,ArtVision,Manual Payment: BILL/2026/07/0006,"1,120.000",0.000,44
2026-07-04,BILL/2026/07/0029,500105 Cost of Sales-Hospitality,Deema Fawaz AlAdwani,"Payment to jameel international for purchase Cashew,walnut and almond against inv no;32094 on 04-07-2026",183.000,0.000,
2026-07-04,BILL/2026/07/0029,500105 Cost of Sales-Hospitality,Deema Fawaz AlAdwani,Payment to Thurayia Star for Purchase Green Apple against inv no:3851 on 04-07-26,16.750,0.000,
2026-07-04,BILL/2026/07/0029,500320 Residency & Visa Exp.,Deema Fawaz AlAdwani,Halima Residancy Transfer Fees (Work Permission/Health Insurance/Ikhama/Civil ID)E No:,185.000,0.000,
2026-07-04,BILL/2026/07/0029,500106 Cost of Sales-Consumables,Deema Fawaz AlAdwani,Payment to Mohamad Khan for purchase Big bag against inv no:745 on 28-06-2026,3.000,0.000,
2026-07-04,BILL/2026/07/0029,400110 Sales Returns,Deema Fawaz AlAdwani,Payment refund to customer against inv no:IN104419 on,48.000,0.000,
2026-07-04,BILL/2026/07/0029,500106 Cost of Sales-Consumables,Deema Fawaz AlAdwani,Payment to Boushahri Group for purchase  AT-Alu TB Beauty 30g against inv no:4010530441 on 08-07-26,21.720,0.000,
2026-07-04,BILL/2026/07/0029,501103 Spa Maintenance,Deema Fawaz AlAdwani,Payment to freelancer for the  plumbing maintenance work ush sharq on 07-07-2026,12.000,0.000,
2026-07-04,BILL/2026/07/0029,500704 Printing & Stationary,Deema Fawaz AlAdwani,Payment to al muntaqab for purchase battery and marker against inv no:14 on 07-07-2026,0.850,0.000,
2026-07-04,BILL/2026/07/0029,500704 Printing & Stationary,Deema Fawaz AlAdwani,Payment to al lewaa for purchase pen holder metal against inv no:9666 on 07-07-2026,0.500,0.000,
2026-07-04,BILL/2026/07/0029,500704 Printing & Stationary,Deema Fawaz AlAdwani,Payment to printech for purchase toner catridge-207a against inv no:PU1-267185 ON 07-07-2026,20.000,0.000,
2026-07-04,BILL/2026/07/0029,200101 Payables,Deema Fawaz AlAdwani,,0.000,490.820,284
2026-07-04,BILL/2026/07/0006,100621 LHI-WIP,ArtVision,Payment for the ceramic tiles,"1,000.000",0.000,
2026-07-04,BILL/2026/07/0006,100621 LHI-WIP,ArtVision,Payment for the ceramic tiles,120.000,0.000,
2026-07-04,BILL/2026/07/0006,200101 Payables,ArtVision,,0.000,"1,120.000",44
2026-07-03,PBNK4/2026/00012,100004 Ush BBYN-8004,Sales JV,Manual Payment: INV/2026/00017,0.009,0.000,
2026-07-03,PBNK4/2026/00012,100201 Accounts Receivable,Sales JV,Manual Payment: INV/2026/00017,0.000,0.009,494
2026-07-03,MISC/2026/07/0005,400201 Other Income,,Profit,0.000,0.143,
2026-07-03,MISC/2026/07/0005,100051 Petty Cash,,Profit,0.143,0.000,
2026-07-03,INV/2026/00017,400201 Other Income,Sales JV,Profit received,0.000,0.483,
2026-07-03,INV/2026/00017,400201 Other Income,Sales JV,Profit received,0.000,1.437,
2026-07-03,INV/2026/00017,400201 Other Income,Sales JV,Profit received,0.000,0.221,
2026-07-03,INV/2026/00017,400201 Other Income,Sales JV,Profit received,0.000,0.009,
2026-07-03,INV/2026/00017,100201 Accounts Receivable,Sales JV,INV/2026/00017,2.150,0.000,494
2026-07-03,BILL/2026/07/0041,100051 Petty Cash,Bank Fees,Petty cash transferred to Deema,500.000,0.000,
2026-07-03,BILL/2026/07/0041,200101 Payables,Bank Fees,,0.000,"2,864.643",492
2026-07-03,BILL/2026/07/0041,100603 Computer Hardware & Software,Bank Fees,Payment to Vraxa for ush application against inv no: on 19-04-26,"1,859.643",0.000,
2026-07-03,BILL/2026/07/0041,500601 Bank Fees,Bank Fees,Bank Chgs,5.000,0.000,
2026-07-03,BILL/2026/07/0041,100051 Petty Cash,Bank Fees,Petty cash transferred to Deema,500.000,0.000,
2026-07-02,PCSH1/2026/00016,100051 Petty Cash,Deema Fawaz AlAdwani,Manual Payment: BILL/2026/05/0043,0.000,334.120,
2026-07-02,PCSH1/2026/00016,200101 Payables,Deema Fawaz AlAdwani,Manual Payment: BILL/2026/05/0043,334.120,0.000,283
2026-07-02,PBNK1/2026/00036,100001 Ush BBYN-8001,Rental JV,Manual Payment: BILL/2026/07/0005,0.000,165.000,
2026-07-02,PBNK1/2026/00036,200101 Payables,Rental JV,Manual Payment: BILL/2026/07/0005,165.000,0.000,43
2026-07-02,PBNK1/2026/00035,100001 Ush BBYN-8001,Marketing JV,Manual Payment: BILL/2026/07/0004,0.000,250.000,
2026-07-02,PBNK1/2026/00035,200101 Payables,Marketing JV,Manual Payment: BILL/2026/07/0004,250.000,0.000,42
2026-07-02,PBNK1/2026/00034,100001 Ush BBYN-8001,ArtVision,Manual Payment: BILL/2026/07/0003,0.000,"1,000.000",
2026-07-02,PBNK1/2026/00034,200101 Payables,ArtVision,Manual Payment: BILL/2026/07/0003,"1,000.000",0.000,41
2026-07-02,BILL/2026/07/0005,500451 Vehicle Rent,Rental JV,Payment for the vehicle rent form July-26,165.000,0.000,
2026-07-02,BILL/2026/07/0005,200101 Payables,Rental JV,,0.000,165.000,43
2026-07-02,BILL/2026/07/0004,500701 Marketing-Ad Sponsors,Marketing JV,Payment for handleing Instagram acc,250.000,0.000,
2026-07-02,BILL/2026/07/0004,200101 Payables,Marketing JV,,0.000,250.000,42
2026-07-02,BILL/2026/07/0003,100621 LHI-WIP,ArtVision,Payment to Surveying & Plastering Contract Second payment against the contract on 02-07-2025,"1,000.000",0.000,
2026-07-02,BILL/2026/07/0003,200101 Payables,ArtVision,,0.000,"1,000.000",41
2026-07-01,PCSH3/2026/00011,300301 Partner's CA-Fahad Fawaz,Staff Expenses JV,Manual Payment: 0626,0.000,"13,931.000",
2026-07-01,PCSH3/2026/00011,200101 Payables,Staff Expenses JV,Manual Payment: 0626,"13,931.000",0.000,547
2026-07-01,PBNK3/2026/00031,100003 Ush BBYN-8003,Bank Fees,Manual Payment: BILL/2026/07/0036,0.000,20.000,
2026-07-01,PBNK3/2026/00031,200101 Payables,Bank Fees,Manual Payment: BILL/2026/07/0036,20.000,0.000,444
2026-07-01,PBNK1/2026/00094,100002 Ush BBYN-8002,Bank Fees,Manual Payment: BILL/2026/07/0038,0.000,20.000,
2026-07-01,PBNK1/2026/00094,200101 Payables,Bank Fees,Manual Payment: BILL/2026/07/0038,20.000,0.000,480
2026-07-01,PBNK1/2026/00033,100001 Ush BBYN-8001,Staff Expenses JV,Manual Payment: BILL/2026/07/0001,0.000,"13,989.000",
2026-07-01,PBNK1/2026/00033,200101 Payables,Staff Expenses JV,Manual Payment: BILL/2026/07/0001,"13,989.000",0.000,40
2026-07-01,PBNK1/2026/00031,100001 Ush BBYN-8001,Deema Fawaz AlAdwani,Manual Payment: BILL/2026/07/0002,0.000,"1,000.000",
2026-07-01,PBNK1/2026/00031,200101 Payables,Deema Fawaz AlAdwani,Manual Payment: BILL/2026/07/0002,"1,000.000",0.000,38
2026-07-01,PBNK1/2026/00022,100002 Ush BBYN-8002,Sales JV,Manual Payment: INV/2026/00008,"38,161.269",0.000,
2026-07-01,PBNK1/2026/00022,100201 Accounts Receivable,Sales JV,Manual Payment: INV/2026/00008,0.000,"38,161.269",483
2026-07-01,INV/2026/00008,400101 Sales-Spa,Sales JV,Cash Sales for the month,0.000,0.000,
2026-07-01,INV/2026/00008,400101 Sales-Spa,Sales JV,Deema Sales for the month,0.000,"1,219.170",
2026-07-01,INV/2026/00008,400101 Sales-Spa,Sales JV,GCC Sales for the month,0.000,152.065,
2026-07-01,INV/2026/00008,400101 Sales-Spa,Sales JV,Knet Sales for the month,0.000,"20,347.266",
2026-07-01,INV/2026/00008,400101 Sales-Spa,Sales JV,Link Sales for the month,0.000,"15,291.000",
2026-07-01,INV/2026/00008,400101 Sales-Spa,Sales JV,Master Visa Sales for the month,0.000,"4,869.368",
2026-07-01,INV/2026/00008,400101 Sales-Spa,Sales JV,My Fatoorah Sale for month,0.000,67.750,
2026-07-01,INV/2026/00008,400101 Sales-Spa,Sales JV,Tap Sales for month,0.000,53.585,
2026-07-01,INV/2026/00008,500320 Residency & Visa Exp.,Sales JV,Visa Expenses,0.000,150.000,
2026-07-01,INV/2026/00008,500602 Knet Fees,Sales JV,Knet Charges,29.161,0.000,
2026-07-01,INV/2026/00008,500603 Visa/MC Fees,Sales JV,MCC/Visa Charges,123.628,0.000,
2026-07-01,INV/2026/00008,100201 Accounts Receivable,Sales JV,BBYN-02 - INV/2026/00008,"41,997.415",0.000,483
2026-07-01,BILL/2026/07/0038,500601 Bank Fees,Bank Fees,Bank Charges-POS,10.000,0.000,
2026-07-01,BILL/2026/07/0038,500601 Bank Fees,Bank Fees,Bank Charges-POS,10.000,0.000,
2026-07-01,BILL/2026/07/0038,200101 Payables,Bank Fees,,0.000,20.000,480
2026-07-01,BILL/2026/07/0036,500601 Bank Fees,Bank Fees,Bank Charges-POS,10.000,0.000,
2026-07-01,BILL/2026/07/0036,500601 Bank Fees,Bank Fees,Bank Charges-POS,10.000,0.000,
2026-07-01,BILL/2026/07/0036,200101 Payables,Bank Fees,,0.000,20.000,444
2026-07-01,BILL/2026/07/0002,100051 Petty Cash,Deema Fawaz AlAdwani,Petty cash transferred to Deema,"1,000.000",0.000,
2026-07-01,BILL/2026/07/0002,200101 Payables,Deema Fawaz AlAdwani,,0.000,"1,000.000",38
2026-06-30,PBNK3/2026/00029,100003 Ush BBYN-8003,Intercompany Transfers,Manual Payment: BILL/2026/06/0063,0.000,"4,050.000",
2026-06-30,PBNK3/2026/00029,200101 Payables,Intercompany Transfers,Manual Payment: BILL/2026/06/0063,"4,050.000",0.000,442
2026-06-30,PBNK3/2026/00025,100003 Ush BBYN-8003,Sales JV,Manual Payment: INV/2026/00011,"17,218.908",0.000,
2026-06-30,PBNK3/2026/00025,100201 Accounts Receivable,Sales JV,Manual Payment: INV/2026/00011,0.000,"17,218.908",438
2026-06-30,PBNK1/2026/00021,100001 Ush BBYN-8001,GULF SYSTEMS COMPUTER CO. WLL,Manual Payment: BILL/2026/06/0022,0.000,"1,495.000",
2026-06-30,PBNK1/2026/00021,200101 Payables,GULF SYSTEMS COMPUTER CO. WLL,Manual Payment: BILL/2026/06/0022,"1,495.000",0.000,28
2026-06-30,MISC2/2026/06/0010,100001 Ush BBYN-8001,,Intercompany Tranfers,"50,000.000",0.000,
2026-06-30,MISC2/2026/06/0010,300301 Partner's CA-Fahad Fawaz,,Intercompany Tranfers,0.000,"50,000.000",
2026-06-30,MISC2/2026/06/0005,100001 Ush BBYN-8001,,Intercompany Tranfers,"9,100.000",0.000,
2026-06-30,MISC2/2026/06/0005,100002 Ush BBYN-8002,,Intercompany Tranfers,0.000,"9,100.000",
2026-06-30,MISC/2026/06/0003,500332 Leave Salary,,leave for the month,669.288,0.000,
2026-06-30,MISC/2026/06/0003,200502 Leave Days Provision,,leave for the month`,0.000,669.288,
2026-06-30,MISC/2026/06/0003,500331 End of Service Indemnity,,Indemnity for the month,330.455,0.000,
2026-06-30,MISC/2026/06/0003,200503 End of Service Provision,,Indemnity for the month,0.000,330.455,
2026-06-30,MISC/2026/06/0002,100652 Accumulated Depreciation of Furniture & Office Equipment,Deema Fawaz AlAdwani,Carpentary Work: Depreciation,0.000,12.467,
2026-06-30,MISC/2026/06/0002,500804 Depreciation of Furniture & Office Equipment,Deema Fawaz AlAdwani,Carpentary Work: Depreciation,12.467,0.000,
2026-06-30,MISC/2026/06/0001,100652 Accumulated Depreciation of Furniture & Office Equipment,Deema Fawaz AlAdwani,Curtains: Depreciation,0.000,9.167,
2026-06-30,MISC/2026/06/0001,500804 Depreciation of Furniture & Office Equipment,Deema Fawaz AlAdwani,Curtains: Depreciation,9.167,0.000,
2026-06-30,INV/2026/00011,400101 Sales-Spa,Sales JV,Cash Sales for the month,0.000,37.000,
2026-06-30,INV/2026/00011,400101 Sales-Spa,Sales JV,Deema Sales for the month,0.000,0.000,
2026-06-30,INV/2026/00011,400101 Sales-Spa,Sales JV,GCC Sales for the month,0.000,60.280,
2026-06-30,INV/2026/00011,400101 Sales-Spa,Sales JV,Knet Sales for the month,0.000,"12,586.000",
2026-06-30,INV/2026/00011,400101 Sales-Spa,Sales JV,Link Sales for the month,0.000,0.000,
2026-06-30,INV/2026/00011,400101 Sales-Spa,Sales JV,Master Visa Sales for the month,0.000,"4,666.990",
2026-06-30,INV/2026/00011,400101 Sales-Spa,Sales JV,My Fatoorah Sale for month,0.000,0.000,
2026-06-30,INV/2026/00011,400101 Sales-Spa,Sales JV,Tap Sales for month,0.000,0.000,
2026-06-30,INV/2026/00011,500320 Residency & Visa Exp.,Sales JV,Visa Expenses,0.000,0.000,
2026-06-30,INV/2026/00011,500602 Knet Fees,Sales JV,Knet Charges,25.172,0.000,
2026-06-30,INV/2026/00011,500603 Visa/MC Fees,Sales JV,MCC/Visa Charges,105.010,0.000,
2026-06-30,INV/2026/00011,100201 Accounts Receivable,Sales JV,INV/2026/00011,"17,218.908",0.000,438
2026-06-30,INV/2026/00011,500601 Bank Fees,Sales JV,GCC Charges,1.180,0.000,
2026-06-30,BILL/2026/06/0063,100001 Ush BBYN-8001,Intercompany Transfers,Interbank Transfer,"4,050.000",0.000,
2026-06-30,BILL/2026/06/0063,200101 Payables,Intercompany Transfers,,0.000,"4,050.000",442
2026-06-30,BILL/2026/06/0059,100621 LHI-WIP,Partners JV,Mustafa Mahmoud Hassan Hanafi -Installation work payment-JA,60.000,0.000,
2026-06-30,BILL/2026/06/0059,200101 Payables,Partners JV,Fahad,0.000,60.000,514
2026-06-30,BILL/2026/06/0058,100621 LHI-WIP,Partners JV,Artvision-Floor Insulation Work-Third payment against floor insulation work-JA,"1,000.000",0.000,
2026-06-30,BILL/2026/06/0058,200101 Payables,Partners JV,Fahad,0.000,"1,000.000",514
2026-06-30,BILL/2026/06/0057,100621 LHI-WIP,Partners JV,Creative Media-Final payment for 3M sticker installation-JA,250.000,0.000,
2026-06-30,BILL/2026/06/0057,200101 Payables,Partners JV,Fahad,0.000,250.000,514
2026-06-30,BILL/2026/06/0056,100621 LHI-WIP,Partners JV,Artvision-Serveying & Plastering-First Payment against the contract -JA,"1,500.000",0.000,
2026-06-30,BILL/2026/06/0056,200101 Payables,Partners JV,Fahad,0.000,"1,500.000",514
2026-06-30,BILL/2026/06/0055,100621 LHI-WIP,Partners JV,Artvision-Fit-Out Works-Second payment against the Contract-JA,"5,000.000",0.000,
2026-06-30,BILL/2026/06/0055,200101 Payables,Partners JV,Fahad,0.000,"5,000.000",514
2026-06-30,BILL/2026/06/0037,500301 Basic Salary,Staff Expenses JV,Basic Salary,"11,100.000",0.000,
2026-06-30,BILL/2026/06/0037,500306 Sales Commission,Staff Expenses JV,Commission,"2,899.000",0.000,
2026-06-30,BILL/2026/06/0037,500308 Staff Overtime,Staff Expenses JV,Over Time,145.000,0.000,
2026-06-30,BILL/2026/06/0037,204101 Due to Related Party-Refresh Co.,Staff Expenses JV,Salary By REFRESH,0.000,513.000,
2026-06-30,BILL/2026/06/0037,104101 Related Party-Refresh Co.,Staff Expenses JV,Salary On Behalf of Refresh,300.000,0.000,
2026-06-30,BILL/2026/06/0037,200101 Payables,Staff Expenses JV,0626,0.000,"13,931.000",547
2026-06-30,BILL/2026/06/0035,200101 Payables,Deema Fawaz AlAdwani,,0.000,0.000,
2026-06-30,BILL/2026/06/0035,501101 Telephone,Deema Fawaz AlAdwani,Telephone charges for Ush Sharq &Mangaf and call center for May-26,46.000,0.000,
2026-06-30,BILL/2026/06/0035,500105 Cost of Sales-Hospitality,Deema Fawaz AlAdwani,Payment to Jodel E No:46 for the Food Allowance,20.000,0.000,
2026-06-30,BILL/2026/06/0035,500105 Cost of Sales-Hospitality,Deema Fawaz AlAdwani,Payment for vehicle transporting goods with workers from the Sabah Al-Nasser warehouse to the Al-Manqaf warehouse on 21-06-2026,50.000,0.000,
2026-06-30,BILL/2026/06/0035,500316 Staff Uniforms,Deema Fawaz AlAdwani,2 uniform for reception,28.000,0.000,
2026-06-30,BILL/2026/06/0035,500502 Govt. fees,Deema Fawaz AlAdwani,Payment for the baladiya license for ush spa second floor sharq,15.000,0.000,
2026-06-30,BILL/2026/06/0035,500101 Cost of Goods Sold in Trading,Deema Fawaz AlAdwani,payment for the fire& Safety license for ush sharq second floor,15.000,0.000,
2026-06-30,BILL/2026/06/0035,500105 Cost of Sales-Hospitality,Deema Fawaz AlAdwani,Payment to Boushahri Group for purchase Tea Lemon7Ginger against inv no:4010529197 on 24-06-26,33.520,0.000,
2026-06-30,BILL/2026/06/0035,400110 Sales Returns,Deema Fawaz AlAdwani,Payment refund to Customer refund against IN103600,66.000,0.000,
2026-06-30,BILL/2026/06/0035,500502 Govt. fees,Deema Fawaz AlAdwani,Payment for adding a new license  of Ush Spa Sharq to the Ministry of Social Affairs,5.000,0.000,
2026-06-30,BILL/2026/06/0035,501116 Charity Expenses,Deema Fawaz AlAdwani,Payment for tbhe building Hariss for the maonth of May/Jun-26,60.000,0.000,
2026-06-30,BILL/2026/06/0035,100051 Petty Cash,Deema Fawaz AlAdwani,petty cash for the month,0.000,338.520,
2026-06-30,BILL/2026/06/0034,100602 Furniture and Equipment,Deema Fawaz AlAdwani,Curtains,500.000,0.000,
2026-06-30,BILL/2026/06/0034,200101 Payables,Deema Fawaz AlAdwani,,0.000,0.000,
2026-06-30,BILL/2026/06/0034,100602 Furniture and Equipment,Deema Fawaz AlAdwani,Carpentary Work,680.000,0.000,
2026-06-30,BILL/2026/06/0034,100051 Petty Cash,Deema Fawaz AlAdwani,Amt Paid from Deema Petty Cash,0.000,"1,180.000",
2026-06-30,BILL/2026/06/0033,200101 Payables,Deema Fawaz AlAdwani,,0.000,0.000,
2026-06-30,BILL/2026/06/0033,501103 Spa Maintenance,Deema Fawaz AlAdwani,Payment for the router service from a freelancer worker it has no invoice,13.000,0.000,
2026-06-30,BILL/2026/06/0033,501103 Spa Maintenance,Deema Fawaz AlAdwani,Payment  to Khaled (IT) for application messages,14.950,0.000,
2026-06-30,BILL/2026/06/0033,501103 Spa Maintenance,Deema Fawaz AlAdwani,Payment to the technician for install and turn on the steam and exchange a part for the Moroccan bath machine ush sharq,40.000,0.000,
2026-06-30,BILL/2026/06/0033,501103 Spa Maintenance,Deema Fawaz AlAdwani,Payment to Insi Jam for purchase electrical item against Invc no: 02265 on 15-06-2026,8.640,0.000,
2026-06-30,BILL/2026/06/0033,500310 Staff Accomodation,Deema Fawaz AlAdwani,Payment to Iron Bed for purchase  a bunk bed with two mattresses and two wardrobes for female staff accommodation Ush-Manqaf against inv no:1699 on 18-06-26,110.000,0.000,
2026-06-30,BILL/2026/06/0033,500105 Cost of Sales-Hospitality,Deema Fawaz AlAdwani,Payment for the Replacing two sink hoses in ush mangaf,10.000,0.000,
2026-06-30,BILL/2026/06/0033,100051 Petty Cash,Deema Fawaz AlAdwani,Petty Cash for the month of Jun26,0.000,196.590,
2026-06-30,BILL/2026/06/0032,400110 Sales Returns,Deema Fawaz AlAdwani,Payment refund to Customer refund against IN103861,40.000,0.000,
2026-06-30,BILL/2026/06/0032,400110 Sales Returns,Deema Fawaz AlAdwani,Payment refund to Customer refund against IN108267- Course invoice,100.000,0.000,
2026-06-30,BILL/2026/06/0032,500101 Cost of Goods Sold in Trading,Deema Fawaz AlAdwani,Payment refund to Customer refund for excess collection against invoice IN107919,15.000,0.000,
2026-06-30,BILL/2026/06/0032,501116 Charity Expenses,Deema Fawaz AlAdwani,Building Hariss Comission ush sharq May-26,20.000,0.000,
2026-06-30,BILL/2026/06/0032,500109 Cost of Sales-Laundry,Deema Fawaz AlAdwani,Payment to Blue Diamond Plus Co against inv no:179/180-Laundry Expenses May-26,705.430,0.000,
2026-06-30,BILL/2026/06/0032,500105 Cost of Sales-Hospitality,Deema Fawaz AlAdwani,Payment for Dako  for purchase water for ush mangaf against inv no:2899 on 16-05-26,3.000,0.000,
2026-06-30,BILL/2026/06/0032,500704 Printing & Stationary,Deema Fawaz AlAdwani,Payment to Co-op for purchase pen against inv no:463019483 on 08-06-26,1.300,0.000,
2026-06-30,BILL/2026/06/0032,501105 Cleaning,Deema Fawaz AlAdwani,Payment to Co-op for purchase cleaning item against inv no:48250 on 10-06-26,12.020,0.000,
2026-06-30,BILL/2026/06/0032,500105 Cost of Sales-Hospitality,Deema Fawaz AlAdwani,Payment to sulthan for purchase Tang Lemon and Scissors against inv no:9266 on 11-06-26,10.680,0.000,
2026-06-30,BILL/2026/06/0032,501105 Cleaning,Deema Fawaz AlAdwani,Payment to Co-op for purchase cleaning item (Hand soap) against inv no:37646 on 13-06-26,4.500,0.000,
2026-06-30,BILL/2026/06/0032,500105 Cost of Sales-Hospitality,Deema Fawaz AlAdwani,Payment to Co-op for purchase chips and cake against inv no:49337 on 17-06-26,16.150,0.000,
2026-06-30,BILL/2026/06/0032,500310 Staff Accomodation,Deema Fawaz AlAdwani,Payment to london shopping for purchase Blanket and pillow for staff accommodation managf  against inv no:221734 on 18-06-26,6.850,0.000,
2026-06-30,BILL/2026/06/0032,500704 Printing & Stationary,Deema Fawaz AlAdwani,Payment to my teacher for printing the Ush cylindrical logo for the cleenux against inv no: on 18-06-26,45.000,0.000,
2026-06-30,BILL/2026/06/0032,500704 Printing & Stationary,Deema Fawaz AlAdwani,Payment for printing the signature approval for adding at Ush Sharq on 18-06-26,5.000,0.000,
2026-06-30,BILL/2026/06/0032,100051 Petty Cash,Deema Fawaz AlAdwani,petty cash for the month,0.000,984.930,
2026-06-30,BILL/2026/06/0032,200101 Payables,Deema Fawaz AlAdwani,,0.000,0.000,
2026-06-30,BILL/2026/06/0031,501103 Spa Maintenance,Deema Fawaz AlAdwani,Pyment for the transfer the raw materilas from Sabah Nasser to Reggai New Store with labours,45.000,0.000,
2026-06-30,BILL/2026/06/0031,200101 Payables,Deema Fawaz AlAdwani,,0.000,0.000,
2026-06-30,BILL/2026/06/0031,500314 Staff Recruitment Expenses,Deema Fawaz AlAdwani,Air Ticket for the staff Ms Aubrey (jodael ) E No:22,187.000,0.000,
2026-06-30,BILL/2026/06/0031,501103 Spa Maintenance,Deema Fawaz AlAdwani,"Leather upholstery for 3 Japanese beds, Al-Manqaf branch",105.000,0.000,
2026-06-30,BILL/2026/06/0031,500101 Cost of Goods Sold in Trading,Deema Fawaz AlAdwani,Payment to Thurayia Star for Purchase green Apple and Mint against inv no:1515 on 02-06-26,17.500,0.000,
2026-06-30,BILL/2026/06/0031,501112 Subcription-ChiDesk,Deema Fawaz AlAdwani,Chidesk subscription fee for Jun-26,56.000,0.000,
2026-06-30,BILL/2026/06/0031,500314 Staff Recruitment Expenses,Deema Fawaz AlAdwani,Payemt for Staff recruitment agency fee of Jodel Eno: against inv no:GWIP-2026-0526-92 on 26-05-26,380.000,0.000,
2026-06-30,BILL/2026/06/0031,400110 Sales Returns,Deema Fawaz AlAdwani,Payment refund to Customer against invoices are cancelled and edited (103314/108252/108184/ ) on 06-06-26,77.000,0.000,
2026-06-30,BILL/2026/06/0031,500101 Cost of Goods Sold in Trading,Deema Fawaz AlAdwani,Payment to Food Choice for Purchase Monin Strewberry Syrup-1L&Monin Natural Granadine Natural Syrup-1L&Glassco Lemon-700ML AND Sparkling Ginger-200ml (Free) against inv no:26212917 on 06-06-26,132.000,0.000,
2026-06-30,BILL/2026/06/0031,500101 Cost of Goods Sold in Trading,Deema Fawaz AlAdwani,Payment to Boushahri Group for purchase Tea (Green&Peach -Passion Fruit) & AT-Alu TB Beauty 30g against inv no:4010527748 on 06-06-26,125.000,0.000,
2026-06-30,BILL/2026/06/0031,500101 Cost of Goods Sold in Trading,Deema Fawaz AlAdwani,Payment to Rawaieh Al Zuhor for Purchase Ginger blossom-500ml against inv no:16447 on 06-06-26,165.500,0.000,
2026-06-30,BILL/2026/06/0031,500704 Printing & Stationary,Deema Fawaz AlAdwani,Payment to Fantastic for purchase  Punch Pocket  against inv no:8475-8538 on 06-06-26,3.000,0.000,
2026-06-30,BILL/2026/06/0031,500502 Govt. fees,Deema Fawaz AlAdwani,License fee for Ush Spa Second flooe sharq,80.000,0.000,
2026-06-30,BILL/2026/06/0031,400110 Sales Returns,Deema Fawaz AlAdwani,Payment refund to Customer refund against IN102856-Sharq  (The customer initially booked the Royal Package (V101656) and paid 60 KWD. She later changed her mind and opted for a massage session costing 24 KWD. The customer is now requesting a refund of the,36.000,0.000,
2026-06-30,BILL/2026/06/0031,500101 Cost of Goods Sold in Trading,Deema Fawaz AlAdwani,Payment to Thurayia Star for Purchase green Apple and Lemon AGAINST INV NO:1677 ON 07-06-2026 & Inv no:1767 on 08-06-26,49.500,0.000,
2026-06-30,BILL/2026/06/0031,500101 Cost of Goods Sold in Trading,Deema Fawaz AlAdwani,Payment to United Express for Purchase Delux Electric Warmer against inv no:INV-000249 on 23-05-26,175.000,0.000,
2026-06-30,BILL/2026/06/0031,500101 Cost of Goods Sold in Trading,Deema Fawaz AlAdwani,Payment to Boushahri Group for purchase Tea (Green&Peach -Passion Fruit) & AT-Alu TB Beauty 30g against inv no:4010527748 on 06-06-26,81.270,0.000,
2026-06-30,BILL/2026/06/0031,100051 Petty Cash,Deema Fawaz AlAdwani,,0.000,"1,714.770",
2026-06-30,BILL/2026/06/0030,200101 Payables,Deema Fawaz AlAdwani,Jun26,0.000,0.000,
2026-06-30,BILL/2026/06/0030,500105 Cost of Sales-Hospitality,Deema Fawaz AlAdwani,Payment to The Print Shop Co. for Purchase water with name tag against inv no:262 on 13-06-26,130.000,0.000,
2026-06-30,BILL/2026/06/0030,500101 Cost of Goods Sold in Trading,Deema Fawaz AlAdwani,Payment to White Store for Purchase Shampoo&Conditioner and Hair&face mask against inv no:500-003-I5300154888 on 04-05-26,630.330,0.000,
2026-06-30,BILL/2026/06/0030,500105 Cost of Sales-Hospitality,Deema Fawaz AlAdwani,"Payment to Food Choice for Purchase Glassco Lemon-700ML ,Monin strawberry and Grenadine 1L against inv no:26214465 on 23-06-26",168.000,0.000,
2026-06-30,BILL/2026/06/0030,500105 Cost of Sales-Hospitality,Deema Fawaz AlAdwani,Payment to Thurayia Star for Purchase green Apple and Mint against inv no:1944/1894 on 14-06-26,33.500,0.000,
2026-06-30,BILL/2026/06/0030,500101 Cost of Goods Sold in Trading,Deema Fawaz AlAdwani,Payment to Daisco japan for purchase peeler against inv no:306-1062600082520,1.200,0.000,
2026-06-30,BILL/2026/06/0030,500101 Cost of Goods Sold in Trading,Deema Fawaz AlAdwani,Payment to Centerpoint  for purchase  Candles for Store against inv no:21122115658620260616 on 16-06-26,38.000,0.000,
2026-06-30,BILL/2026/06/0030,500101 Cost of Goods Sold in Trading,Deema Fawaz AlAdwani,Payment to Co-op for purchase Tang Lemon against inv no: on 18-06-26,33.600,0.000,
2026-06-30,BILL/2026/06/0030,500101 Cost of Goods Sold in Trading,Deema Fawaz AlAdwani,Payment to Thurayia Star for Purchase green Apple against inv no:2145 on 20-06-26,17.500,0.000,
2026-06-30,BILL/2026/06/0030,500101 Cost of Goods Sold in Trading,Deema Fawaz AlAdwani,Payment to Thurayia Star for Purchase green Apple against inv no:2200 on 23-06-26,17.500,0.000,
2026-06-30,BILL/2026/06/0030,500101 Cost of Goods Sold in Trading,Deema Fawaz AlAdwani,Payment to Thurayia Star for Purchase Lemon and Mint against inv no:2363 on 20-06-26,13.250,0.000,
2026-06-30,BILL/2026/06/0030,100051 Petty Cash,Deema Fawaz AlAdwani,petty cash for the month,0.000,"1,082.880",
2026-06-30,BILL/2026/06/0029,500110 Smallwares,BIN NISF GENERAL TRADING & CONT. CO.,Payment to Bin Nisf for purchase laundry cart,138.000,0.000,
2026-06-30,BILL/2026/06/0029,200101 Payables,BIN NISF GENERAL TRADING & CONT. CO.,200326,0.000,138.000,36
2026-06-30,BILL/2026/06/0028,500502 Govt. fees,Misc JV,add the sale of beauty tools and products in Osh Spa license,20.000,0.000,
2026-06-30,BILL/2026/06/0028,200101 Payables,Misc JV,,0.000,20.000,35
2026-06-30,BILL/2026/06/0027,500110 Smallwares,BIN NISF GENERAL TRADING & CONT. CO.,Payment to Bin Nisf for purchase laundry cart,26.000,0.000,
2026-06-30,BILL/2026/06/0027,200101 Payables,BIN NISF GENERAL TRADING & CONT. CO.,2664421,0.000,26.000,34
2026-06-30,BILL/2026/06/0026,500101 Cost of Goods Sold in Trading,PRESTIGE BEAUTY CO FOR COSMETICS WLL,Payment to Prestige for purchase single-use bra,137.500,0.000,
2026-06-30,BILL/2026/06/0026,200101 Payables,PRESTIGE BEAUTY CO FOR COSMETICS WLL,15674,0.000,137.500,33
2026-06-30,BILL/2026/06/0025,500101 Cost of Goods Sold in Trading,SHEIN DISTRIBUTION UK LIMITED,Purchase cooling mask from shei,99.000,0.000,
2026-06-30,BILL/2026/06/0025,200101 Payables,SHEIN DISTRIBUTION UK LIMITED,,0.000,99.000,32
2026-06-30,BILL/2026/06/0024,500110 Smallwares,UNITED EXPRESS INTERNATIONAL GEN TRAD AND CONT CO,Payment to United Express for purchase electric warmer against in no:00296 on 24-06-2026,525.000,0.000,
2026-06-30,BILL/2026/06/0024,200101 Payables,UNITED EXPRESS INTERNATIONAL GEN TRAD AND CONT CO,,0.000,525.000,31
2026-06-30,BILL/2026/06/0023,400110 Sales Returns,Misc JV,Amount refund to customer due to Sauna was not work against inv no:IN109469 on 25-06-2026,29.000,0.000,
2026-06-30,BILL/2026/06/0023,200101 Payables,Misc JV,,0.000,69.000,30
2026-06-30,BILL/2026/06/0023,400110 Sales Returns,Misc JV,Payment to Arwa for refund of  Invoice testing amount deposited Myfatoorah,40.000,0.000,
2026-06-30,BILL/2026/06/0022,100621 LHI-WIP,GULF SYSTEMS COMPUTER CO. WLL,Payment to Al-Shatti & Hadid Group Co. for Second Payment against contract  on 25-06-2026,"1,495.000",0.000,
2026-06-30,BILL/2026/06/0022,200101 Payables,GULF SYSTEMS COMPUTER CO. WLL,,0.000,"1,495.000",28
2026-06-30,BILL/2026/06/0021,100621 LHI-WIP,AL-SHATTI & HADEED GEN. TRAD. & CONT. CO.,Payment to Al-Shatti & Hadid Group Co. for Second Payment against contract  on 25-06-2026,"7,500.000",0.000,
2026-06-30,BILL/2026/06/0021,200101 Payables,AL-SHATTI & HADEED GEN. TRAD. & CONT. CO.,,0.000,"7,500.000",27
2026-06-30,BILL/2026/06/0020,100621 LHI-WIP,MEGA TECH ELECTRICAL CONT CO,Payment to Mega Tech for  50% Advance payment agaisnt qtn no:MTECH/AVC-QUOT/091-R1/2026 for fire alaram system on 27-06-2026,"2,500.000",0.000,
2026-06-30,BILL/2026/06/0020,200101 Payables,MEGA TECH ELECTRICAL CONT CO,,0.000,"2,500.000",26
2026-06-30,BILL/2026/06/0019,500701 Marketing-Ad Sponsors,Marketing JV,Marketing Sponsor,765.000,0.000,
2026-06-30,BILL/2026/06/0019,200101 Payables,Marketing JV,,0.000,765.000,37
2026-06-30,BILL/2026/06/0018,500701 Marketing-Ad Sponsors,Marketing JV,Marketing Sponsor,637.000,0.000,
2026-06-30,BILL/2026/06/0018,200101 Payables,Marketing JV,,0.000,637.000,23
2026-06-30,BILL/2026/06/0017,500701 Marketing-Ad Sponsors,Marketing JV,Marketing Sponsor,890.000,0.000,
2026-06-30,BILL/2026/06/0017,200101 Payables,Marketing JV,,0.000,890.000,22
2026-06-30,BILL/2026/06/0016,500701 Marketing-Ad Sponsors,Marketing JV,Marketing Sponsor,240.000,0.000,
2026-06-30,BILL/2026/06/0016,200101 Payables,Marketing JV,,0.000,240.000,21
2026-06-30,BILL/2026/06/0015,500701 Marketing-Ad Sponsors,Marketing JV,Marketing Sponsor,637.000,0.000,
2026-06-30,BILL/2026/06/0015,200101 Payables,Marketing JV,,0.000,637.000,20
2026-06-30,BILL/2026/06/0014,501116 Charity Expenses,Misc JV,Donation for imam of mosque Sabah Naser,142.000,0.000,
2026-06-30,BILL/2026/06/0014,200101 Payables,Misc JV,,0.000,142.000,19
2026-06-30,BILL/2026/06/0012,500701 Marketing-Ad Sponsors,Marketing JV,Marketing Sponsor,250.000,0.000,
2026-06-30,BILL/2026/06/0012,200101 Payables,Marketing JV,,0.000,250.000,17
2026-06-30,BILL/2026/06/0011,500401 Spa Rent,Rental JV,Rental Expenses,"1,800.000",0.000,
2026-06-30,BILL/2026/06/0011,200101 Payables,Rental JV,Jun26,0.000,"4,950.000",14
2026-06-30,BILL/2026/06/0011,500401 Spa Rent,Rental JV,Rental Expense,"2,750.000",0.000,
2026-06-30,BILL/2026/06/0011,500310 Staff Accomodation,Rental JV,Rental Expenses,400.000,0.000,
2026-06-30,BILL/2026/06/0011,500310 Staff Accomodation,Rental JV,Rental Expnses,350.000,0.000,
2026-06-30,BILL/2026/06/0011,300301 Partner's CA-Fahad Fawaz,Rental JV,Paid by Fahad Personal A/c,0.000,350.000,
2026-06-30,BILL/2026/06/0009,100051 Petty Cash,Deema Fawaz AlAdwani,Petty Cash Paid,"1,500.000",0.000,
2026-06-30,BILL/2026/06/0009,200101 Payables,Deema Fawaz AlAdwani,,0.000,"1,500.000",12
2026-06-30,BILL/2026/06/0008,100051 Petty Cash,Deema Fawaz AlAdwani,Petty Cash Paid,"1,000.000",0.000,
2026-06-30,BILL/2026/06/0008,200101 Payables,Deema Fawaz AlAdwani,,0.000,"1,000.000",10
2026-06-30,BILL/2026/06/0007,100051 Petty Cash,Deema Fawaz AlAdwani,Petty Cash Paid,500.000,0.000,
2026-06-30,BILL/2026/06/0007,200101 Payables,Deema Fawaz AlAdwani,,0.000,500.000,9
2026-06-30,BILL/2026/06/0006,200101 Payables,Bank Fees,Jun26,0.000,25.000,24
2026-06-30,BILL/2026/06/0006,500601 Bank Fees,Bank Fees,Cheque book Fees,25.000,0.000,
2026-06-30,BILL/2026/06/0004,100051 Petty Cash,Deema Fawaz AlAdwani,Petty Cash Paid,"1,000.000",0.000,
2026-06-30,BILL/2026/06/0004,200101 Payables,Deema Fawaz AlAdwani,,0.000,"1,000.000",4
2026-06-30,BILL/2026/06/0003,100051 Petty Cash,Deema Fawaz AlAdwani,Petty Cash Paid,500.000,0.000,
2026-06-30,BILL/2026/06/0003,200101 Payables,Deema Fawaz AlAdwani,,0.000,500.000,2
2026-06-30,BILL/2026/06/0002,100051 Petty Cash,Deema Fawaz AlAdwani,Petty Cash Paid,500.000,0.000,
2026-06-30,BILL/2026/06/0002,200101 Payables,Deema Fawaz AlAdwani,,0.000,500.000,1
2026-06-30,BILL/2026/06/0001,500601 Bank Fees,Bank Fees,Link Fees,126.000,0.000,
2026-06-30,BILL/2026/06/0001,200101 Payables,Bank Fees,,0.000,146.000,5
2026-06-30,BILL/2026/06/0001,500607 POS Rental Fee,Bank Fees,POS Rental,20.000,0.000,
2026-06-29,PBNK1/2026/00009,100002 Ush BBYN-8002,Bank Fees,Manual Payment: BILL/2026/06/0001,0.000,146.000,
2026-06-29,PBNK1/2026/00009,200101 Payables,Bank Fees,Manual Payment: BILL/2026/06/0001,146.000,0.000,5
2026-06-28,PBNK1/2026/00029,100001 Ush BBYN-8001,BIN NISF GENERAL TRADING & CONT. CO.,Manual Payment: 200326,0.000,138.000,
2026-06-28,PBNK1/2026/00029,200101 Payables,BIN NISF GENERAL TRADING & CONT. CO.,Manual Payment: 200326,138.000,0.000,36
2026-06-28,PBNK1/2026/00028,100001 Ush BBYN-8001,Misc JV,Manual Payment: BILL/2026/06/0028,0.000,20.000,
2026-06-28,PBNK1/2026/00028,200101 Payables,Misc JV,Manual Payment: BILL/2026/06/0028,20.000,0.000,35
2026-06-28,PBNK1/2026/00027,100001 Ush BBYN-8001,BIN NISF GENERAL TRADING & CONT. CO.,Manual Payment: 2664421,0.000,26.000,
2026-06-28,PBNK1/2026/00027,200101 Payables,BIN NISF GENERAL TRADING & CONT. CO.,Manual Payment: 2664421,26.000,0.000,34
2026-06-28,PBNK1/2026/00026,100001 Ush BBYN-8001,PRESTIGE BEAUTY CO FOR COSMETICS WLL,Manual Payment: 15674,0.000,137.500,
2026-06-28,PBNK1/2026/00026,200101 Payables,PRESTIGE BEAUTY CO FOR COSMETICS WLL,Manual Payment: 15674,137.500,0.000,33
2026-06-28,PBNK1/2026/00023,100001 Ush BBYN-8001,Misc JV,Manual Payment: BILL/2026/06/0023,0.000,40.000,
2026-06-28,PBNK1/2026/00023,200101 Payables,Misc JV,Manual Payment: BILL/2026/06/0023,40.000,0.000,30
2026-06-28,PBNK1/2026/00020,100001 Ush BBYN-8001,AL-SHATTI & HADEED GEN. TRAD. & CONT. CO.,Manual Payment: BILL/2026/06/0021,0.000,"7,500.000",
2026-06-28,PBNK1/2026/00020,200101 Payables,AL-SHATTI & HADEED GEN. TRAD. & CONT. CO.,Manual Payment: BILL/2026/06/0021,"7,500.000",0.000,27
2026-06-28,PBNK1/2026/00019,100001 Ush BBYN-8001,MEGA TECH ELECTRICAL CONT CO,Manual Payment: BILL/2026/06/0020,0.000,"2,500.000",
2026-06-28,PBNK1/2026/00019,200101 Payables,MEGA TECH ELECTRICAL CONT CO,Manual Payment: BILL/2026/06/0020,"2,500.000",0.000,26
2026-06-27,PBNK1/2026/00030,100001 Ush BBYN-8001,Marketing JV,Manual Payment: BILL/2026/06/0019,0.000,765.000,
2026-06-27,PBNK1/2026/00030,200101 Payables,Marketing JV,Manual Payment: BILL/2026/06/0019,765.000,0.000,37
2026-06-26,PBNK1/2026/00022,100001 Ush BBYN-8001,Misc JV,Manual Payment: BILL/2026/06/0023,0.000,29.000,
2026-06-26,PBNK1/2026/00022,200101 Payables,Misc JV,Manual Payment: BILL/2026/06/0023,29.000,0.000,30
2026-06-24,PBNK1/2026/00025,100001 Ush BBYN-8001,SHEIN DISTRIBUTION UK LIMITED,Manual Payment: BILL/2026/06/0025,0.000,99.000,
2026-06-24,PBNK1/2026/00025,200101 Payables,SHEIN DISTRIBUTION UK LIMITED,Manual Payment: BILL/2026/06/0025,99.000,0.000,32
2026-06-24,PBNK1/2026/00024,100001 Ush BBYN-8001,UNITED EXPRESS INTERNATIONAL GEN TRAD AND CONT CO,Manual Payment: BILL/2026/06/0024,0.000,525.000,
2026-06-24,PBNK1/2026/00024,200101 Payables,UNITED EXPRESS INTERNATIONAL GEN TRAD AND CONT CO,Manual Payment: BILL/2026/06/0024,525.000,0.000,31
2026-06-24,MISC2/2026/06/0007,100001 Ush BBYN-8001,,Intercompany Tranfers,"12,315.000",0.000,
2026-06-24,MISC2/2026/06/0007,100003 Ush BBYN-8003,,Intercompany Tranfers,0.000,"12,315.000",
2026-06-24,MISC2/2026/06/0004,100001 Ush BBYN-8001,,Intercompany Tranfers,"24,188.000",0.000,
2026-06-24,MISC2/2026/06/0004,100002 Ush BBYN-8002,,Intercompany Tranfers,0.000,"24,188.000",
2026-06-21,PBNK1/2026/00016,100001 Ush BBYN-8001,Bank Fees,Manual Payment: Jun26,0.000,25.000,
2026-06-21,PBNK1/2026/00016,200101 Payables,Bank Fees,Manual Payment: Jun26,25.000,0.000,24
2026-06-20,BILL/2026/06/0054,100621 LHI-WIP,Partners JV,Mr. Hamada Naboot-Payment for removing scafoldings -JA,52.000,0.000,
2026-06-20,BILL/2026/06/0054,200101 Payables,Partners JV,Fahad,0.000,52.000,514
2026-06-18,PBNK1/2026/00003,100001 Ush BBYN-8001,Deema Fawaz AlAdwani,Manual Payment: BILL/2026/06/0009,0.000,"1,500.000",
2026-06-18,PBNK1/2026/00003,200101 Payables,Deema Fawaz AlAdwani,Manual Payment: BILL/2026/06/0009,"1,500.000",0.000,12
2026-06-17,PBNK1/2026/00015,100001 Ush BBYN-8001,Marketing JV,Manual Payment: BILL/2026/06/0018,0.000,637.000,
2026-06-17,PBNK1/2026/00015,200101 Payables,Marketing JV,Manual Payment: BILL/2026/06/0018,637.000,0.000,23
2026-06-17,PBNK1/2026/00002,100001 Ush BBYN-8001,Deema Fawaz AlAdwani,Manual Payment: BILL/2026/06/0008,0.000,"1,000.000",
2026-06-17,PBNK1/2026/00002,200101 Payables,Deema Fawaz AlAdwani,Manual Payment: BILL/2026/06/0008,"1,000.000",0.000,10
2026-06-17,MISC2/2026/06/0003,100001 Ush BBYN-8001,,Intercompany Tranfers,"5,000.000",0.000,
2026-06-17,MISC2/2026/06/0003,100002 Ush BBYN-8002,,Intercompany Tranfers,0.000,"5,000.000",
2026-06-16,BILL/2026/06/0053,100621 LHI-WIP,Partners JV,Taher for retail sale of building materials Co.-Cork insulation bill-JA,240.000,0.000,
2026-06-16,BILL/2026/06/0053,200101 Payables,Partners JV,Fahad,0.000,240.000,514
2026-06-16,BILL/2026/06/0052,500309 Air tickets,Partners JV,Payment for the air ticket of Abu sathar,240.000,0.000,
2026-06-16,BILL/2026/06/0052,200101 Payables,Partners JV,Fahad,0.000,240.000,514
2026-06-16,BILL/2026/06/0051,501116 Charity Expenses,Partners JV,Payment for the ikhramia for imam of the masjid sabah al nasser,150.000,0.000,
2026-06-16,BILL/2026/06/0051,200101 Payables,Partners JV,Fahad,0.000,150.000,514
2026-06-13,BILL/2026/06/0050,100621 LHI-WIP,Partners JV,Artvision Electricity work-Fits Payment against contract Sanitory work-JA,"4,000.000",0.000,
2026-06-13,BILL/2026/06/0050,200101 Payables,Partners JV,Fahad,0.000,"4,000.000",514
2026-06-12,BILL/2026/06/0049,100621 LHI-WIP,Partners JV,Artvision-Sanitory Work-Second payment against contract Sanitory work-JA,"2,000.000",0.000,
2026-06-12,BILL/2026/06/0049,200101 Payables,Partners JV,Fahad,0.000,"2,000.000",514
2026-06-11,PBNK1/2026/00008,100002 Ush BBYN-8002,Deema Fawaz AlAdwani,Manual Payment: BILL/2026/06/0004,0.000,"1,000.000",
2026-06-11,PBNK1/2026/00008,200101 Payables,Deema Fawaz AlAdwani,Manual Payment: BILL/2026/06/0004,"1,000.000",0.000,4
2026-06-11,BILL/2026/06/0048,100621 LHI-WIP,Partners JV,On-site scaffolding-JA,218.000,0.000,
2026-06-11,BILL/2026/06/0048,200101 Payables,Partners JV,Fahad,0.000,218.000,514
2026-06-11,BILL/2026/06/0047,100621 LHI-WIP,Partners JV,Artvision-Bricklaying Work-Third Payment against contract Bricklaying Work-JA,750.000,0.000,
2026-06-11,BILL/2026/06/0047,200101 Payables,Partners JV,Fahad,0.000,750.000,514
2026-06-11,BILL/2026/06/0046,100621 LHI-WIP,Partners JV,Artvision-Sanitory Work-Second payment against contract Sanitory work-JA,"2,000.000",0.000,
2026-06-11,BILL/2026/06/0046,200101 Payables,Partners JV,Fahad,0.000,"2,000.000",514
2026-06-10,PBNK1/2026/00014,100001 Ush BBYN-8001,Marketing JV,Manual Payment: BILL/2026/06/0017,0.000,890.000,
2026-06-10,PBNK1/2026/00014,200101 Payables,Marketing JV,Manual Payment: BILL/2026/06/0017,890.000,0.000,22
2026-06-10,PBNK1/2026/00013,100001 Ush BBYN-8001,Marketing JV,Manual Payment: BILL/2026/06/0016,0.000,240.000,
2026-06-10,PBNK1/2026/00013,200101 Payables,Marketing JV,Manual Payment: BILL/2026/06/0016,240.000,0.000,21
2026-06-09,PCSH1/2026/00026,100051 Petty Cash,Deema Fawaz AlAdwani,Manual Payment: BILL/2026/06/0031,0.000,0.000,
2026-06-09,PCSH1/2026/00026,200101 Payables,Deema Fawaz AlAdwani,Manual Payment: BILL/2026/06/0031,0.000,0.000,
2026-06-09,BILL/2026/06/0045,100621 LHI-WIP,Partners JV,Creative Media-3M sticker installation-JA,800.000,0.000,
2026-06-09,BILL/2026/06/0045,200101 Payables,Partners JV,Fahad,0.000,800.000,514
2026-06-08,PBNK1/2026/00007,100002 Ush BBYN-8002,Deema Fawaz AlAdwani,Manual Payment: BILL/2026/06/0003,0.000,500.000,
2026-06-08,PBNK1/2026/00007,200101 Payables,Deema Fawaz AlAdwani,Manual Payment: BILL/2026/06/0003,500.000,0.000,2
2026-06-08,BILL/2026/06/0044,500106 Cost of Sales-Consumables,Partners JV,Payment to Rituals for purchase bath foam against inv no:119420 on 08-06-2026-Ush,30.000,0.000,
2026-06-08,BILL/2026/06/0044,200101 Payables,Partners JV,Fahad,0.000,30.000,514
2026-06-07,PBNK1/2026/00012,100001 Ush BBYN-8001,Marketing JV,Manual Payment: BILL/2026/06/0015,0.000,637.000,
2026-06-07,PBNK1/2026/00012,200101 Payables,Marketing JV,Manual Payment: BILL/2026/06/0015,637.000,0.000,20
2026-06-07,MISC2/2026/06/0001,100001 Ush BBYN-8001,,Intercompany Tranfers,"2,000.000",0.000,
2026-06-07,MISC2/2026/06/0001,100002 Ush BBYN-8002,,Intercompany Tranfers,0.000,"2,000.000",
2026-06-06,PBNK1/2026/00006,100002 Ush BBYN-8002,Deema Fawaz AlAdwani,Manual Payment: BILL/2026/06/0002,0.000,500.000,
2026-06-06,PBNK1/2026/00006,200101 Payables,Deema Fawaz AlAdwani,Manual Payment: BILL/2026/06/0002,500.000,0.000,1
2026-06-06,BILL/2026/06/0043,500310 Staff Accomodation,Partners JV,Payment for the rent of Staff accommodation Ush sharq for the month of June-2026,350.000,0.000,
2026-06-06,BILL/2026/06/0043,200101 Payables,Partners JV,Fahad,0.000,350.000,514
2026-06-06,BILL/2026/06/0042,100621 LHI-WIP,Partners JV,Artvision-Second Payment against contract Bricklaying Work-JA,"1,650.000",0.000,
2026-06-06,BILL/2026/06/0042,200101 Payables,Partners JV,Fahad,0.000,"1,650.000",514
2026-06-04,PBNK1/2026/00018,100001 Ush BBYN-8001,Staff Expenses JV,Manual Payment: BILL/2026/05/0002,0.000,23.000,
2026-06-04,PBNK1/2026/00018,200101 Payables,Staff Expenses JV,Manual Payment: BILL/2026/05/0002,23.000,0.000,550
2026-06-04,PBNK1/2026/00017,100001 Ush BBYN-8001,Staff Expenses JV,Manual Payment: BILL/2026/05/0002,0.000,243.000,
2026-06-04,PBNK1/2026/00017,200101 Payables,Staff Expenses JV,Manual Payment: BILL/2026/05/0002,243.000,0.000,550
2026-06-04,PBNK1/2026/00001,100001 Ush BBYN-8001,Deema Fawaz AlAdwani,Manual Payment: BILL/2026/06/0007,0.000,500.000,
2026-06-04,PBNK1/2026/00001,200101 Payables,Deema Fawaz AlAdwani,Manual Payment: BILL/2026/06/0007,500.000,0.000,9
2026-06-04,MISC2/2026/06/0012,100001 Ush BBYN-8001,,Intercompany Tranfers,0.000,"10,000.000",
2026-06-04,MISC2/2026/06/0012,300301 Partner's CA-Fahad Fawaz,,Intercompany Tranfers,"10,000.000",0.000,
2026-06-04,MISC/2026/06/0004,400201 Other Income,,Profit,0.000,0.136,
2026-06-04,MISC/2026/06/0004,100051 Petty Cash,,Profit,0.136,0.000,
2026-06-04,BILL/2026/06/0041,100621 LHI-WIP,Partners JV,GERGES MEKHAEL FEKRY MEKHAEL-Labour charges for painter's work (Sharq Seconf floor),900.000,0.000,
2026-06-04,BILL/2026/06/0041,200101 Payables,Partners JV,Fahad,0.000,900.000,514
2026-06-04,BILL/2026/06/0040,500402 Warehouse Rent,Partners JV,Payment for rent of sabah al naser store for the month of jun-26,280.000,0.000,
2026-06-04,BILL/2026/06/0040,200101 Payables,Partners JV,Fahad,0.000,280.000,514
2026-06-03,PBNK4/2026/00011,100004 Ush BBYN-8004,Sales JV,Manual Payment: INV/2026/00017,0.221,0.000,
2026-06-03,PBNK4/2026/00011,100201 Accounts Receivable,Sales JV,Manual Payment: INV/2026/00017,0.000,0.221,494
2026-06-03,PBNK1/2026/00006,100001 Ush BBYN-8001,Rental JV,Manual Payment: Jun26,0.000,"3,150.000",
2026-06-03,PBNK1/2026/00006,200101 Payables,Rental JV,Manual Payment: Jun26,"3,150.000",0.000,14
2026-06-03,MISC2/2026/06/0011,100001 Ush BBYN-8001,,Intercompany Tranfers,0.000,"15,000.000",
2026-06-03,MISC2/2026/06/0011,300301 Partner's CA-Fahad Fawaz,,Intercompany Tranfers,"15,000.000",0.000,
2026-06-03,BILL/2026/06/0039,100621 LHI-WIP,Partners JV,Artvision-50% Adavcne payment to Artvision for bricklayng work-JA,"2,000.000",0.000,
2026-06-03,BILL/2026/06/0039,200101 Payables,Partners JV,Fahad,0.000,"2,000.000",514
2026-06-03,BILL/2026/06/0038,100621 LHI-WIP,Partners JV,Taher for Retail Sale of Building Material Co.-buying door thresholds-JA,146.000,0.000,
2026-06-03,BILL/2026/06/0038,200101 Payables,Partners JV,Fahad,0.000,146.000,514
2026-06-02,PBNK1/2026/00014,100002 Ush BBYN-8002,Staff Expenses JV,Manual Payment: May26,0.000,58.000,
2026-06-02,PBNK1/2026/00014,200101 Payables,Staff Expenses JV,Manual Payment: May26,58.000,0.000,551
2026-06-02,PBNK1/2026/00013,100002 Ush BBYN-8002,Staff Expenses JV,Manual Payment: May26,0.000,107.000,
2026-06-02,PBNK1/2026/00013,200101 Payables,Staff Expenses JV,Manual Payment: May26,107.000,0.000,551
2026-06-02,PBNK1/2026/00012,100002 Ush BBYN-8002,Staff Expenses JV,Manual Payment: May26,0.000,"2,133.000",
2026-06-02,PBNK1/2026/00012,200101 Payables,Staff Expenses JV,Manual Payment: May26,"2,133.000",0.000,551
2026-06-02,PBNK1/2026/00011,100001 Ush BBYN-8001,Misc JV,Manual Payment: BILL/2026/06/0014,0.000,142.000,
2026-06-02,PBNK1/2026/00011,200101 Payables,Misc JV,Manual Payment: BILL/2026/06/0014,142.000,0.000,19
2026-06-02,PBNK1/2026/00010,100002 Ush BBYN-8002,Staff Expenses JV,Manual Payment: May26,0.000,"1,869.000",
2026-06-02,PBNK1/2026/00010,200101 Payables,Staff Expenses JV,Manual Payment: May26,"1,869.000",0.000,551
2026-06-02,PBNK1/2026/00010,100001 Ush BBYN-8001,SPA AND MORE FOR GENERAL TRADING COMPANY WLL,Manual Payment: BILL/2026/06/0013,0.000,"2,000.000",
2026-06-02,PBNK1/2026/00010,200101 Payables,SPA AND MORE FOR GENERAL TRADING COMPANY WLL,Manual Payment: BILL/2026/06/0013,"2,000.000",0.000,P626
2026-06-02,PBNK1/2026/00009,100001 Ush BBYN-8001,Marketing JV,Manual Payment: BILL/2026/06/0012,0.000,250.000,
2026-06-02,PBNK1/2026/00009,200101 Payables,Marketing JV,Manual Payment: BILL/2026/06/0012,250.000,0.000,17
2026-06-02,PBNK1/2026/00005,100001 Ush BBYN-8001,Rental JV,Manual Payment: Jun26,0.000,800.000,
2026-06-02,PBNK1/2026/00005,200101 Payables,Rental JV,Manual Payment: Jun26,800.000,0.000,14
2026-06-02,PBNK1/2026/00004,100001 Ush BBYN-8001,Rental JV,Manual Payment: Jun26,0.000,"1,000.000",
2026-06-02,PBNK1/2026/00004,200101 Payables,Rental JV,Manual Payment: Jun26,"1,000.000",0.000,14
2026-06-02,MISC2/2026/06/0009,100001 Ush BBYN-8001,,Intercompany Tranfers,500.000,0.000,
2026-06-02,MISC2/2026/06/0009,100004 Ush BBYN-8004,,Intercompany Tranfers,0.000,500.000,
2026-06-02,MISC2/2026/06/0006,100001 Ush BBYN-8001,,Intercompany Tranfers,"13,500.000",0.000,
2026-06-02,MISC2/2026/06/0006,100003 Ush BBYN-8003,,Intercompany Tranfers,0.000,"13,500.000",
2026-06-02,MISC2/2026/06/0002,100001 Ush BBYN-8001,,Intercompany Tranfers,"20,000.000",0.000,
2026-06-02,MISC2/2026/06/0002,100002 Ush BBYN-8002,,Intercompany Tranfers,0.000,"20,000.000",
2026-06-01,PCSH3/2026/00012,300301 Partner's CA-Fahad Fawaz,Staff Expenses JV,Manual Payment: 0526,0.000,"12,844.000",
2026-06-01,PCSH3/2026/00012,200101 Payables,Staff Expenses JV,Manual Payment: 0526,"12,844.000",0.000,546
2026-06-01,PBNK3/2026/00026,100003 Ush BBYN-8003,Bank Fees,Manual Payment: BILL/2026/06/0060,0.000,20.000,
2026-06-01,PBNK3/2026/00026,200101 Payables,Bank Fees,Manual Payment: BILL/2026/06/0060,20.000,0.000,439
2026-06-01,PBNK1/2026/00021,100002 Ush BBYN-8002,Sales JV,Manual Payment: INV/2026/00007,"44,860.020",0.000,
2026-06-01,PBNK1/2026/00021,100201 Accounts Receivable,Sales JV,Manual Payment: INV/2026/00007,0.000,"44,860.020",406
2026-06-01,PBNK1/2026/00011,100002 Ush BBYN-8002,Staff Expenses JV,Manual Payment: May26,0.000,"7,065.000",
2026-06-01,PBNK1/2026/00011,200101 Payables,Staff Expenses JV,Manual Payment: May26,"7,065.000",0.000,551
2026-06-01,PBNK1/2026/00008,100001 Ush BBYN-8001,Staff Expenses JV,Manual Payment: BILL/2026/05/0002,0.000,40.000,
2026-06-01,PBNK1/2026/00008,200101 Payables,Staff Expenses JV,Manual Payment: BILL/2026/05/0002,40.000,0.000,550
2026-06-01,PBNK1/2026/00007,100001 Ush BBYN-8001,Staff Expenses JV,Manual Payment: BILL/2026/05/0002,0.000,"1,364.000",
2026-06-01,PBNK1/2026/00007,200101 Payables,Staff Expenses JV,Manual Payment: BILL/2026/05/0002,"1,364.000",0.000,550
2026-06-01,INV/2026/00007,400101 Sales-Spa,Sales JV,Cash Sales for the month,0.000,100.000,
2026-06-01,INV/2026/00007,400101 Sales-Spa,Sales JV,Deema Sales for the month,0.000,"2,949.454",
2026-06-01,INV/2026/00007,400101 Sales-Spa,Sales JV,GCC Sales for the month,0.000,0.000,
2026-06-01,INV/2026/00007,400101 Sales-Spa,Sales JV,Knet Sales for the month,0.000,"19,933.601",
2026-06-01,INV/2026/00007,400101 Sales-Spa,Sales JV,Link Sales for the month,0.000,"17,017.000",
2026-06-01,INV/2026/00007,400101 Sales-Spa,Sales JV,Master Visa Sales for the month,0.000,"4,902.985",
2026-06-01,INV/2026/00007,400101 Sales-Spa,Sales JV,My Fatoorah Sale for month,0.000,4.850,
2026-06-01,INV/2026/00007,400101 Sales-Spa,Sales JV,Tap Sales for month,0.000,102.320,
2026-06-01,INV/2026/00007,500602 Knet Fees,Sales JV,Knet Charges,39.870,0.000,
2026-06-01,INV/2026/00007,500603 Visa/MC Fees,Sales JV,MCC/Visa Charges,110.320,0.000,
2026-06-01,INV/2026/00007,100201 Accounts Receivable,Sales JV,BBYN-02 - INV/2026/00007,"44,860.020",0.000,406
2026-06-01,BILL/2026/06/0060,500601 Bank Fees,Bank Fees,Bank Charges-POS,10.000,0.000,
2026-06-01,BILL/2026/06/0060,500601 Bank Fees,Bank Fees,Bank Charges-POS,10.000,0.000,
2026-06-01,BILL/2026/06/0060,200101 Payables,Bank Fees,,0.000,20.000,439
2026-05-31,PCSH2/2026/00014,100051 Petty Cash,Deema Fawaz AlAdwani,Manual Payment: BILL/2026/05/0043,0.000,26.840,
2026-05-31,PCSH2/2026/00014,200101 Payables,Deema Fawaz AlAdwani,Manual Payment: BILL/2026/05/0043,26.840,0.000,283
2026-05-31,PCSH2/2026/00013,100051 Petty Cash,Deema Fawaz AlAdwani,Manual Payment: BILL/2026/05/0042,0.000,11.685,
2026-05-31,PCSH2/2026/00013,200101 Payables,Deema Fawaz AlAdwani,Manual Payment: BILL/2026/05/0042,11.685,0.000,282
2026-05-31,PCSH1/2026/00015,100051 Petty Cash,Deema Fawaz AlAdwani,Manual Payment: BILL/2026/05/0043,0.000,15.000,
2026-05-31,PCSH1/2026/00015,200101 Payables,Deema Fawaz AlAdwani,Manual Payment: BILL/2026/05/0043,15.000,0.000,283
2026-05-31,PBNK3/2026/00021,100003 Ush BBYN-8003,Sales JV,Manual Payment: INV/2026/00012,"13,539.370",0.000,
2026-05-31,PBNK3/2026/00021,100201 Accounts Receivable,Sales JV,Manual Payment: INV/2026/00012,0.000,"13,539.370",434
2026-05-31,PBNK1/2026/00267,100001 Ush BBYN-8001,Deema Fawaz AlAdwani,Manual Payment: BILL/2026/05/0043,0.000,0.000,
2026-05-31,PBNK1/2026/00267,200101 Payables,Deema Fawaz AlAdwani,Manual Payment: BILL/2026/05/0043,0.000,0.000,
2026-05-31,PBNK1/2026/00260,100001 Ush BBYN-8001,Deema Fawaz AlAdwani,Manual Payment: BILL/2026/05/0042,0.000,0.000,
2026-05-31,PBNK1/2026/00260,200101 Payables,Deema Fawaz AlAdwani,Manual Payment: BILL/2026/05/0042,0.000,0.000,
2026-05-31,PBNK1/2026/00083,100002 Ush BBYN-8002,Bank Fees,Manual Payment: BILL/2026/05/0060,0.000,98.750,
2026-05-31,PBNK1/2026/00083,200101 Payables,Bank Fees,Manual Payment: BILL/2026/05/0060,98.750,0.000,474
2026-05-31,MISC/2026/05/0001,500332 Leave Salary,,leave for the month,669.288,0.000,
2026-05-31,MISC/2026/05/0001,200502 Leave Days Provision,,leave for the month`,0.000,669.288,
2026-05-31,MISC/2026/05/0001,500331 End of Service Indemnity,,Indemnity for the month,330.455,0.000,
2026-05-31,MISC/2026/05/0001,200503 End of Service Provision,,Indemnity for the month,0.000,330.455,
2026-05-31,INV/2026/00012,400101 Sales-Spa,Sales JV,Cash Sales for the month,0.000,5.000,
2026-05-31,INV/2026/00012,400101 Sales-Spa,Sales JV,Deema Sales for the month,0.000,0.000,
2026-05-31,INV/2026/00012,400101 Sales-Spa,Sales JV,GCC Sales for the month,0.000,0.000,
2026-05-31,INV/2026/00012,400101 Sales-Spa,Sales JV,Knet Sales for the month,0.000,"10,366.500",
2026-05-31,INV/2026/00012,400101 Sales-Spa,Sales JV,Link Sales for the month,0.000,0.000,
2026-05-31,INV/2026/00012,400101 Sales-Spa,Sales JV,Master Visa Sales for the month,0.000,"3,261.990",
2026-05-31,INV/2026/00012,400101 Sales-Spa,Sales JV,My Fatoorah Sale for month,0.000,0.000,
2026-05-31,INV/2026/00012,400101 Sales-Spa,Sales JV,Tap Sales for month,0.000,0.000,
2026-05-31,INV/2026/00012,500320 Residency & Visa Exp.,Sales JV,Visa Expenses,0.000,0.000,
2026-05-31,INV/2026/00012,500602 Knet Fees,Sales JV,Knet Charges,20.730,0.000,
2026-05-31,INV/2026/00012,500603 Visa/MC Fees,Sales JV,MCC/Visa Charges,73.390,0.000,
2026-05-31,INV/2026/00012,100201 Accounts Receivable,Sales JV,INV/2026/00012,"13,539.370",0.000,434
2026-05-31,BILL/2026/05/0060,500601 Bank Fees,Bank Fees,Transaction Fees,98.750,0.000,
2026-05-31,BILL/2026/05/0060,200101 Payables,Bank Fees,,0.000,98.750,474
2026-05-31,BILL/2026/05/0054,100621 LHI-WIP,Partners JV,Moroccan-style mixer,43.750,0.000,
2026-05-31,BILL/2026/05/0054,200101 Payables,Partners JV,Sara,0.000,43.750,530
2026-05-31,BILL/2026/05/0050,100621 LHI-WIP,Partners JV,Artvision-floor insulation work-JA,"2,725.000",0.000,
2026-05-31,BILL/2026/05/0050,200101 Payables,Partners JV,Fahad,0.000,"2,725.000",514
2026-05-31,BILL/2026/05/0049,100621 LHI-WIP,Partners JV,Artvision-floor insulation work-JA,"2,000.000",0.000,
2026-05-31,BILL/2026/05/0049,200101 Payables,Partners JV,Fahad,0.000,"2,000.000",514
2026-05-31,BILL/2026/05/0048,100621 LHI-WIP,Partners JV,Emaar Royal Co.-Fire department protection-JA,180.000,0.000,
2026-05-31,BILL/2026/05/0048,200101 Payables,Partners JV,Fahad,0.000,180.000,514
2026-05-31,BILL/2026/05/0047,500401 Spa Rent,Partners JV,Chq#96-Rent for Usp Spa Mangaf and staff accommodation May-26,"2,750.000",0.000,
2026-05-31,BILL/2026/05/0047,500310 Staff Accomodation,Partners JV,Chq#96-Rent for Usp Spa Mangaf and staff accommodation May-26,400.000,0.000,
2026-05-31,BILL/2026/05/0047,200101 Payables,Partners JV,Fahad,0.000,"3,150.000",514
2026-05-31,BILL/2026/05/0046,100621 LHI-WIP,Partners JV,Warba Insurance-Jaber Al-Ahmad Insurance-JA,280.000,0.000,
2026-05-31,BILL/2026/05/0046,200101 Payables,Partners JV,Fahad,0.000,280.000,514
2026-05-31,BILL/2026/05/0045,100621 LHI-WIP,Partners JV,Artvision-Fit-Out Works-Fits Payment against contract-JA,"7,000.000",0.000,
2026-05-31,BILL/2026/05/0045,200101 Payables,Partners JV,Fahad,0.000,"7,000.000",514
2026-05-31,BILL/2026/05/0044,500301 Basic Salary,Staff Expenses JV,Basic Salary,"10,560.000",0.000,
2026-05-31,BILL/2026/05/0044,500306 Sales Commission,Staff Expenses JV,Commission,"2,416.000",0.000,
2026-05-31,BILL/2026/05/0044,500308 Staff Overtime,Staff Expenses JV,Over Time,130.000,0.000,
2026-05-31,BILL/2026/05/0044,204101 Due to Related Party-Refresh Co.,Staff Expenses JV,Salary By REFRESH,0.000,562.000,
2026-05-31,BILL/2026/05/0044,104101 Related Party-Refresh Co.,Staff Expenses JV,Salary On Behalf of Refresh,300.000,0.000,
2026-05-31,BILL/2026/05/0044,200101 Payables,Staff Expenses JV,0526,0.000,"12,844.000",546
2026-05-31,BILL/2026/05/0043,500105 Cost of Sales-Hospitality,Deema Fawaz AlAdwani,Payment to Co-op  for purchase Tang-Lemon  against inv no:33545 on 31-05-26,9.920,0.000,
2026-05-31,BILL/2026/05/0043,500704 Printing & Stationary,Deema Fawaz AlAdwani,Payment to Co-op  for purchase  Batteries for Store against inv no:33545 on 31-05-26,1.720,0.000,
2026-05-31,BILL/2026/05/0043,500106 Cost of Sales-Consumables,Deema Fawaz AlAdwani,Payment to Centerpoint  for purchase  Candles for Store against inv no:12614 on 31-05-26,15.200,0.000,
2026-05-31,BILL/2026/05/0043,501103 Spa Maintenance,Deema Fawaz AlAdwani,payment for the half lorry for removed the rubble from next to the building. Ush Spa Sharq,15.000,0.000,
2026-05-31,BILL/2026/05/0043,501103 Spa Maintenance,Deema Fawaz AlAdwani,Payment to Oscar Golden for the Heater Maintenance at ush sharq against inv no; on 29-06-2025,25.000,0.000,
2026-05-31,BILL/2026/05/0043,501112 Subcription-ChiDesk,Deema Fawaz AlAdwani,Chidesk subscription fee for Jul-26,56.000,0.000,
2026-05-31,BILL/2026/05/0043,500105 Cost of Sales-Hospitality,Deema Fawaz AlAdwani,Payment to Thurayia Star for Purchase Green Apple and  Lemon against inv no:2432/2457/2550 on 28-06-26,40.250,0.000,
2026-05-31,BILL/2026/05/0043,500106 Cost of Sales-Consumables,Deema Fawaz AlAdwani,Payment to Fantastic for purchase interfold tissues and dining table cover against inv no:8599 on 01-07-26,65.750,0.000,
2026-05-31,BILL/2026/05/0043,500105 Cost of Sales-Hospitality,Deema Fawaz AlAdwani,Payment to Food Choice for Purchase Monin Strewberry Syrup-1L&Monin Natural Granadine Natural Syrup-1L&Glassco Lemon-700ML against inv no:26215227 on 01-07-26,132.000,0.000,
2026-05-31,BILL/2026/05/0043,500105 Cost of Sales-Hospitality,Deema Fawaz AlAdwani,Payment to Boushahri Group for purchase Tea (Green&Peach -Passion Fruit)against inv no:4010530045 on 02-07-26,15.120,0.000,
2026-05-31,BILL/2026/05/0043,200101 Payables,Deema Fawaz AlAdwani,,0.000,375.960,283
2026-05-31,BILL/2026/05/0002,200101 Payables,Staff Expenses JV,,0.000,"1,670.000",550
2026-05-31,BILL/2026/05/0002,300301 Partner's CA-Fahad Fawaz,Staff Expenses JV,Cash Salaries May,"1,670.000",0.000,
2026-05-31,BILL/2026/05/0001,300301 Partner's CA-Fahad Fawaz,Staff Expenses JV,Salary for May26,"11,232.000",0.000,
2026-05-31,BILL/2026/05/0001,200101 Payables,Staff Expenses JV,May26,0.000,"11,232.000",551
2026-05-29,PCSH1/2026/00014,100051 Petty Cash,Deema Fawaz AlAdwani,Manual Payment: BILL/2026/05/0042,0.000,299.000,
2026-05-29,PCSH1/2026/00014,200101 Payables,Deema Fawaz AlAdwani,Manual Payment: BILL/2026/05/0042,299.000,0.000,282
2026-05-29,PBNK1/2026/00095,100001 Ush BBYN-8001,Marketing JV,Manual Payment: BILL/2026/05/0036,0.000,763.000,
2026-05-29,PBNK1/2026/00095,200101 Payables,Marketing JV,Manual Payment: BILL/2026/05/0036,763.000,0.000,94
2026-05-29,BILL/2026/05/0036,500701 Marketing-Ad Sponsors,Marketing JV,Instagram Sponser,763.000,0.000,
2026-05-29,BILL/2026/05/0036,200101 Payables,Marketing JV,,0.000,763.000,94
2026-05-26,PBNK1/2026/00094,100001 Ush BBYN-8001,Deema Fawaz AlAdwani,Manual Payment: BILL/2026/05/0035,0.000,500.000,
2026-05-26,PBNK1/2026/00094,200101 Payables,Deema Fawaz AlAdwani,Manual Payment: BILL/2026/05/0035,500.000,0.000,93
2026-05-26,BILL/2026/05/0035,100051 Petty Cash,Deema Fawaz AlAdwani,Petty cash transferred to Deema,500.000,0.000,
2026-05-26,BILL/2026/05/0035,200101 Payables,Deema Fawaz AlAdwani,,0.000,500.000,93
2026-05-25,BILL/2026/05/0042,100621 LHI-WIP,Deema Fawaz AlAdwani,Balance amount for headphones',245.000,0.000,
2026-05-25,BILL/2026/05/0042,500704 Printing & Stationary,Deema Fawaz AlAdwani,Payment to dar al kuwait for purchase clip board for ush spa sharq second floor against inv no:12634 on 25-05-26,10.000,0.000,
2026-05-25,BILL/2026/05/0042,501103 Spa Maintenance,Deema Fawaz AlAdwani,maintenance for the Jacuzzi at ush mangaf,8.500,0.000,
2026-05-25,BILL/2026/05/0042,500105 Cost of Sales-Hospitality,Deema Fawaz AlAdwani,Payment to Thurayia Star for Purchase Green Apple  against inv no:765 on 25-05-26,16.000,0.000,
2026-05-25,BILL/2026/05/0042,501103 Spa Maintenance,Deema Fawaz AlAdwani,Maintenance work at ush sharq second floor,19.500,0.000,
2026-05-25,BILL/2026/05/0042,500704 Printing & Stationary,Deema Fawaz AlAdwani,Payment to Capital Stationery for purchase Card Holder Stand against inv no:CA-54859 ON 04-05-26,0.700,0.000,
2026-05-25,BILL/2026/05/0042,500704 Printing & Stationary,Deema Fawaz AlAdwani,Payment to Abyat for purchase Card Holder Stand against inv no:74622340 ON 09-05-26,3.900,0.000,
2026-05-25,BILL/2026/05/0042,500105 Cost of Sales-Hospitality,Deema Fawaz AlAdwani,Payment to Co-op Sharq for purchase Tea for Sharq against inv no:170822 ON 20-05-26,1.385,0.000,
2026-05-25,BILL/2026/05/0042,500704 Printing & Stationary,Deema Fawaz AlAdwani,Payment to Eureka Sharq for purchase Mouse for HR Dept against inv no:40-150-1864602 on 23-05-26,2.900,0.000,
2026-05-25,BILL/2026/05/0042,500105 Cost of Sales-Hospitality,Deema Fawaz AlAdwani,Payment to Co-op Sharq for purchase Tang-Lemon for Mangaf against inv no:58984 on 30-05-26,2.800,0.000,
2026-05-25,BILL/2026/05/0042,200101 Payables,Deema Fawaz AlAdwani,,0.000,310.685,282
2026-05-23,PCSH1/2026/00013,100051 Petty Cash,Deema Fawaz AlAdwani,Manual Payment: BILL/2026/05/0041,0.000,"1,231.450",
2026-05-23,PCSH1/2026/00013,200101 Payables,Deema Fawaz AlAdwani,Manual Payment: BILL/2026/05/0041,"1,231.450",0.000,281
2026-05-23,PBNK1/2026/00259,100001 Ush BBYN-8001,Deema Fawaz AlAdwani,Manual Payment: BILL/2026/05/0041,0.000,0.000,
2026-05-23,PBNK1/2026/00259,200101 Payables,Deema Fawaz AlAdwani,Manual Payment: BILL/2026/05/0041,0.000,0.000,
2026-05-21,PBNK1/2026/00093,100001 Ush BBYN-8001,Deema Fawaz AlAdwani,Manual Payment: BILL/2026/05/0034,0.000,500.000,
2026-05-21,PBNK1/2026/00093,200101 Payables,Deema Fawaz AlAdwani,Manual Payment: BILL/2026/05/0034,500.000,0.000,92
2026-05-21,BILL/2026/05/0034,100051 Petty Cash,Deema Fawaz AlAdwani,Petty cash transferred to Deema,500.000,0.000,
2026-05-21,BILL/2026/05/0034,200101 Payables,Deema Fawaz AlAdwani,,0.000,500.000,92
2026-05-20,PBNK1/2026/00092,100001 Ush BBYN-8001,Deema Fawaz AlAdwani,Manual Payment: BILL/2026/05/0033,0.000,"1,000.000",
2026-05-20,PBNK1/2026/00092,200101 Payables,Deema Fawaz AlAdwani,Manual Payment: BILL/2026/05/0033,"1,000.000",0.000,91
2026-05-20,BILL/2026/05/0053,100621 LHI-WIP,Partners JV,Artvision-Fits Payment against contract Sanitory work-JA,"2,000.000",0.000,
2026-05-20,BILL/2026/05/0053,200101 Payables,Partners JV,Fahad,0.000,"2,000.000",514
2026-05-20,BILL/2026/05/0052,100621 LHI-WIP,Partners JV,Artvision-Core and electrical work on site-JA,324.000,0.000,
2026-05-20,BILL/2026/05/0052,200101 Payables,Partners JV,Fahad,0.000,324.000,514
2026-05-20,BILL/2026/05/0051,100621 LHI-WIP,Partners JV,Creative Media-Printing and installation of logo for Ush and Refresh-JA,700.000,0.000,
2026-05-20,BILL/2026/05/0051,200101 Payables,Partners JV,Fahad,0.000,700.000,514
2026-05-20,BILL/2026/05/0033,100051 Petty Cash,Deema Fawaz AlAdwani,Petty cash transferred to Deema,"1,000.000",0.000,
2026-05-20,BILL/2026/05/0033,200101 Payables,Deema Fawaz AlAdwani,,0.000,"1,000.000",91
2026-05-19,PBNK1/2026/00091,100001 Ush BBYN-8001,Marketing JV,Manual Payment: BILL/2026/05/0032,0.000,637.000,
2026-05-19,PBNK1/2026/00091,200101 Payables,Marketing JV,Manual Payment: BILL/2026/05/0032,637.000,0.000,90
2026-05-19,BILL/2026/05/0032,500701 Marketing-Ad Sponsors,Marketing JV,Instagram Sponser for 10 Days,637.000,0.000,
2026-05-19,BILL/2026/05/0032,200101 Payables,Marketing JV,,0.000,637.000,90
2026-05-18,PBNK1/2026/00090,100001 Ush BBYN-8001,Misc JV,Manual Payment: BILL/2026/05/0031,0.000,150.000,
2026-05-18,PBNK1/2026/00090,200101 Payables,Misc JV,Manual Payment: BILL/2026/05/0031,150.000,0.000,89
2026-05-17,PCSH1/2026/00012,100051 Petty Cash,Deema Fawaz AlAdwani,Manual Payment: BILL/2026/05/0040,0.000,776.000,
2026-05-17,PCSH1/2026/00012,200101 Payables,Deema Fawaz AlAdwani,Manual Payment: BILL/2026/05/0040,776.000,0.000,280
2026-05-17,BILL/2026/05/0041,501103 Spa Maintenance,Deema Fawaz AlAdwani,Pyment for the transfer the raw materilas from Sabah Nasser to Reggai New Store,25.000,0.000,
2026-05-17,BILL/2026/05/0041,100621 LHI-WIP,Deema Fawaz AlAdwani,Plumbing work,50.000,0.000,
2026-05-17,BILL/2026/05/0041,100621 LHI-WIP,Deema Fawaz AlAdwani,install the protection to replace the expired one,50.000,0.000,
2026-05-17,BILL/2026/05/0041,100621 LHI-WIP,Deema Fawaz AlAdwani,Electrical Work,350.000,0.000,
2026-05-17,BILL/2026/05/0041,500106 Cost of Sales-Consumables,Deema Fawaz AlAdwani,Payment to White Store for Purchase Shampoo&Conditioner and Hair&face mask against inv no:500-003-I5300153744 on 21-05-26,499.950,0.000,
2026-05-17,BILL/2026/05/0041,501101 Telephone,Deema Fawaz AlAdwani,Telephone charges for Ush Sharq &Mangaf and call center for Apr-26,46.000,0.000,
2026-05-17,BILL/2026/05/0041,500106 Cost of Sales-Consumables,Deema Fawaz AlAdwani,Payment to Spa&More for Purchase Massage Stone set 36pcs against inv no:118749 on 21-05-26,72.000,0.000,
2026-05-17,BILL/2026/05/0041,100621 LHI-WIP,Deema Fawaz AlAdwani,Purchas electricalm item for Ush sharq second floor,8.000,0.000,
2026-05-17,BILL/2026/05/0041,500106 Cost of Sales-Consumables,Deema Fawaz AlAdwani,Payment to United Express for Purchase Herb Ball Heaters against inv no:INV-0002111 on 23-05-26,68.000,0.000,
2026-05-17,BILL/2026/05/0041,500105 Cost of Sales-Hospitality,Deema Fawaz AlAdwani,"Payment to Thurayia Star for Purchase Green Apple,mint and Yellow Lemon  against inv no:1131/1170 on 23-05-26",62.500,0.000,
2026-05-17,BILL/2026/05/0041,200101 Payables,Deema Fawaz AlAdwani,,0.000,"1,231.450",281
2026-05-14,PBNK1/2026/00257,100001 Ush BBYN-8001,Deema Fawaz AlAdwani,Manual Payment: BILL/2026/05/0040,0.000,0.000,
2026-05-14,PBNK1/2026/00257,200101 Payables,Deema Fawaz AlAdwani,Manual Payment: BILL/2026/05/0040,0.000,0.000,
2026-05-14,PBNK1/2026/00089,100001 Ush BBYN-8001,Deema Fawaz AlAdwani,Manual Payment: BILL/2026/05/0030,0.000,500.000,
2026-05-14,PBNK1/2026/00089,200101 Payables,Deema Fawaz AlAdwani,Manual Payment: BILL/2026/05/0030,500.000,0.000,88
2026-05-14,BILL/2026/05/0031,500502 Govt. fees,Misc JV,Payment for Name Board License for Ush Mnagaf rcpt no:613840044177,150.000,0.000,
2026-05-14,BILL/2026/05/0031,200101 Payables,Misc JV,,0.000,150.000,89
2026-05-14,BILL/2026/05/0030,100051 Petty Cash,Deema Fawaz AlAdwani,Petty cash transferred to Deema,500.000,0.000,
2026-05-14,BILL/2026/05/0030,200101 Payables,Deema Fawaz AlAdwani,,0.000,500.000,88
2026-05-13,PBNK1/2026/00258,100001 Ush BBYN-8001,ArtVision,Manual Payment: BILL/2026/05/0029,0.000,"1,650.000",
2026-05-13,PBNK1/2026/00258,200101 Payables,ArtVision,Manual Payment: BILL/2026/05/0029,"1,650.000",0.000,257
2026-05-13,PBNK1/2026/00091,100002 Ush BBYN-8002,Intercompany Transfers,Manual Payment: BILL/2026/05/0063,0.000,"5,000.000",
2026-05-13,PBNK1/2026/00091,200101 Payables,Intercompany Transfers,Manual Payment: BILL/2026/05/0063,"5,000.000",0.000,477
2026-05-13,PBNK1/2026/00088,100001 Ush BBYN-8001,Blue Diamond Plus Co.,Manual Payment: BILL/2026/05/0028,0.000,714.580,
2026-05-13,PBNK1/2026/00088,200101 Payables,Blue Diamond Plus Co.,Manual Payment: BILL/2026/05/0028,714.580,0.000,87
2026-05-13,BILL/2026/05/0063,100001 Ush BBYN-8001,Intercompany Transfers,Interbank Transfer,"24,500.000",0.000,
2026-05-13,BILL/2026/05/0063,200101 Payables,Intercompany Transfers,,0.000,"24,500.000",477
2026-05-13,BILL/2026/05/0029,100621 LHI-WIP,ArtVision,Maintenance work Ush sharq second floor (Paint Work-Labour charges),"1,000.000",0.000,
2026-05-13,BILL/2026/05/0029,100621 LHI-WIP,ArtVision,Maintenance work Ush sharq second floor (Carpentory Work),650.000,0.000,
2026-05-13,BILL/2026/05/0029,200101 Payables,ArtVision,,0.000,"1,650.000",257
2026-05-13,BILL/2026/05/0028,500109 Cost of Sales-Laundry,Blue Diamond Plus Co.,Payment to Blue Diamond Plus Co against inv no:172/173-Laundry Expenses Apr-26,714.580,0.000,
2026-05-13,BILL/2026/05/0028,200101 Payables,Blue Diamond Plus Co.,,0.000,714.580,87
2026-05-12,PCSH1/2026/00011,100051 Petty Cash,Deema Fawaz AlAdwani,Manual Payment: BILL/2026/05/0039,0.000,766.300,
2026-05-12,PCSH1/2026/00011,200101 Payables,Deema Fawaz AlAdwani,Manual Payment: BILL/2026/05/0039,766.300,0.000,279
2026-05-12,PBNK1/2026/00253,100001 Ush BBYN-8001,Deema Fawaz AlAdwani,Manual Payment: BILL/2026/05/0039,0.000,0.000,
2026-05-12,PBNK1/2026/00253,200101 Payables,Deema Fawaz AlAdwani,Manual Payment: BILL/2026/05/0039,0.000,0.000,
2026-05-12,PBNK1/2026/00087,100001 Ush BBYN-8001,Deema Fawaz AlAdwani,Manual Payment: BILL/2026/05/0027,0.000,500.000,
2026-05-12,PBNK1/2026/00087,200101 Payables,Deema Fawaz AlAdwani,Manual Payment: BILL/2026/05/0027,500.000,0.000,86
2026-05-12,BILL/2026/05/0040,100621 LHI-WIP,Deema Fawaz AlAdwani,"Purchase of concealed lighting and transformers, located east of the second floor.",97.500,0.000,
2026-05-12,BILL/2026/05/0040,500401 Spa Rent,Deema Fawaz AlAdwani,Building Hariss Comission ush sharq apr-26,20.000,0.000,
2026-05-12,BILL/2026/05/0040,100621 LHI-WIP,Deema Fawaz AlAdwani,50cm Fire Heater,260.000,0.000,
2026-05-12,BILL/2026/05/0040,500110 Smallwares,Deema Fawaz AlAdwani,Payment to United Express for Purchase MT Premium - Deluxe Electric Warmer Pad against inv no:INV-000191 on 12-05-26,130.000,0.000,
2026-05-12,BILL/2026/05/0040,500105 Cost of Sales-Hospitality,Deema Fawaz AlAdwani,Payment to Thurayia Star for Purchase mint and Yellow Lemon  against inv no:719 on 16-05-26,8.750,0.000,
2026-05-12,BILL/2026/05/0040,100621 LHI-WIP,Deema Fawaz AlAdwani,Aluminum work for Moroccan bathroom ceiling and door,150.000,0.000,
2026-05-12,BILL/2026/05/0040,501103 Spa Maintenance,Deema Fawaz AlAdwani,Payment for the Half lorry with labour for store shifting from sabah naser to Reggai,40.000,0.000,
2026-05-12,BILL/2026/05/0040,500105 Cost of Sales-Hospitality,Deema Fawaz AlAdwani,Payment to Thurayia Star for Purchase green Apple against inv no:846/875 on 16-05-26,32.000,0.000,
2026-05-12,BILL/2026/05/0040,501103 Spa Maintenance,Deema Fawaz AlAdwani,Purchase Exit Name bord for Ush Sharq Branch,3.000,0.000,
2026-05-12,BILL/2026/05/0040,500320 Residency & Visa Exp.,Deema Fawaz AlAdwani,New Visa for,20.000,0.000,
2026-05-12,BILL/2026/05/0040,500106 Cost of Sales-Consumables,Deema Fawaz AlAdwani,Payment to Almeera maal for Purchase 5 foot soaking basins  against inv no:73415 on 16-05-26,14.750,0.000,
2026-05-12,BILL/2026/05/0040,200101 Payables,Deema Fawaz AlAdwani,,0.000,776.000,280
2026-05-12,BILL/2026/05/0027,100051 Petty Cash,Deema Fawaz AlAdwani,Petty cash transferred to Deema,500.000,0.000,
2026-05-12,BILL/2026/05/0027,200101 Payables,Deema Fawaz AlAdwani,,0.000,500.000,86
2026-05-11,PBNK1/2026/00086,100001 Ush BBYN-8001,Misc JV,Manual Payment: BILL/2026/05/0026,0.000,44.000,
2026-05-11,PBNK1/2026/00086,200101 Payables,Misc JV,Manual Payment: BILL/2026/05/0026,44.000,0.000,85
2026-05-11,PBNK1/2026/00085,100001 Ush BBYN-8001,Misc JV,Manual Payment: BILL/2026/05/0025,0.000,25.000,
2026-05-11,PBNK1/2026/00085,200101 Payables,Misc JV,Manual Payment: BILL/2026/05/0025,25.000,0.000,84
2026-05-11,BILL/2026/05/0026,400110 Sales Returns,Misc JV,Customer Refund,44.000,0.000,
2026-05-11,BILL/2026/05/0026,200101 Payables,Misc JV,,0.000,44.000,85
2026-05-11,BILL/2026/05/0025,400110 Sales Returns,Misc JV,Customer Refund,25.000,0.000,
2026-05-11,BILL/2026/05/0025,200101 Payables,Misc JV,,0.000,25.000,84
2026-05-10,PBNK1/2026/00256,100001 Ush BBYN-8001,Rental JV,Manual Payment: BILL/2026/05/0024,0.000,450.000,
2026-05-10,PBNK1/2026/00256,200101 Payables,Rental JV,Manual Payment: BILL/2026/05/0024,450.000,0.000,255
2026-05-10,PBNK1/2026/00255,100001 Ush BBYN-8001,SPA AND MORE FOR GENERAL TRADING COMPANY WLL,Manual Payment: BILL/2026/05/0023,0.000,500.000,
2026-05-10,PBNK1/2026/00255,200101 Payables,SPA AND MORE FOR GENERAL TRADING COMPANY WLL,Manual Payment: BILL/2026/05/0023,500.000,0.000,254
2026-05-10,PBNK1/2026/00254,100001 Ush BBYN-8001,ArtVision,Manual Payment: BILL/2026/05/0022,0.000,14.750,
2026-05-10,PBNK1/2026/00254,200101 Payables,ArtVision,Manual Payment: BILL/2026/05/0022,14.750,0.000,253
2026-05-10,BILL/2026/05/0024,500402 Warehouse Rent,Rental JV,Rent for Office for May-26,450.000,0.000,
2026-05-10,BILL/2026/05/0024,200101 Payables,Rental JV,,0.000,450.000,255
2026-05-10,BILL/2026/05/0023,100621 LHI-WIP,SPA AND MORE FOR GENERAL TRADING COMPANY WLL,Advance Payment to Spa& More,500.000,0.000,
2026-05-10,BILL/2026/05/0023,200101 Payables,SPA AND MORE FOR GENERAL TRADING COMPANY WLL,,0.000,500.000,254
2026-05-10,BILL/2026/05/0022,100621 LHI-WIP,ArtVision,Maintenance work Ush sharq second floor,14.750,0.000,
2026-05-10,BILL/2026/05/0022,200101 Payables,ArtVision,,0.000,14.750,253
2026-05-09,PBNK1/2026/00084,100001 Ush BBYN-8001,Deema Fawaz AlAdwani,Manual Payment: BILL/2026/05/0021,0.000,500.000,
2026-05-09,PBNK1/2026/00084,200101 Payables,Deema Fawaz AlAdwani,Manual Payment: BILL/2026/05/0021,500.000,0.000,83
2026-05-09,BILL/2026/05/0021,100051 Petty Cash,Deema Fawaz AlAdwani,Petty cash transferred to Deema,500.000,0.000,
2026-05-09,BILL/2026/05/0021,200101 Payables,Deema Fawaz AlAdwani,,0.000,500.000,83
2026-05-08,PBNK1/2026/00083,100001 Ush BBYN-8001,Marketing JV,Manual Payment: BILL/2026/05/0020,0.000,460.000,
2026-05-08,PBNK1/2026/00083,200101 Payables,Marketing JV,Manual Payment: BILL/2026/05/0020,460.000,0.000,82
2026-05-08,BILL/2026/05/0020,500701 Marketing-Ad Sponsors,Marketing JV,Instagram Sponser,460.000,0.000,
2026-05-08,BILL/2026/05/0020,200101 Payables,Marketing JV,,0.000,460.000,82
2026-05-07,MISC/2026/05/0003,400201 Other Income,,Profit,0.000,0.530,
2026-05-07,MISC/2026/05/0003,100051 Petty Cash,,Profit,0.530,0.000,
2026-05-07,BILL/2026/05/0039,500105 Cost of Sales-Hospitality,Deema Fawaz AlAdwani,Payment to Thurayia Star for Purchase green Apple against inv no:81/423 on 07-05-26,32.000,0.000,
2026-05-07,BILL/2026/05/0039,501103 Spa Maintenance,Deema Fawaz AlAdwani,Pest Control for New store Reggai,30.000,0.000,
2026-05-07,BILL/2026/05/0039,100621 LHI-WIP,Deema Fawaz AlAdwani,cleaning worker,15.000,0.000,
2026-05-07,BILL/2026/05/0039,500105 Cost of Sales-Hospitality,Deema Fawaz AlAdwani,"Payment to Jameel Internation for purchase walnut,cashew and almond against inv no:31539 on 09-05-26",177.000,0.000,
2026-05-07,BILL/2026/05/0039,501103 Spa Maintenance,Deema Fawaz AlAdwani,Purchase Door Handles for Ush Sharq,66.000,0.000,
2026-05-07,BILL/2026/05/0039,100621 LHI-WIP,Deema Fawaz AlAdwani,Invoice for electrical finishing materials,63.300,0.000,
2026-05-07,BILL/2026/05/0039,100621 LHI-WIP,Deema Fawaz AlAdwani,bathroom partitions and shower enclosures,100.000,0.000,
2026-05-07,BILL/2026/05/0039,500110 Smallwares,Deema Fawaz AlAdwani,Purchase piece wax oil heater,68.000,0.000,
2026-05-07,BILL/2026/05/0039,500110 Smallwares,Deema Fawaz AlAdwani,Payment to Online Bazar for Purcase Calming Comfort Neck Wrap against inv no:26082 on 12-05-26,65.000,0.000,
2026-05-07,BILL/2026/05/0039,100621 LHI-WIP,Deema Fawaz AlAdwani,Purchase Wooden Bed against inv no:117329 for Ush Spa Sharq- Second Floor,150.000,0.000,
2026-05-07,BILL/2026/05/0039,200101 Payables,Deema Fawaz AlAdwani,,0.000,766.300,279
2026-05-06,PCSH1/2026/00010,100051 Petty Cash,Deema Fawaz AlAdwani,Manual Payment: BILL/2026/05/0038,0.000,767.250,
2026-05-06,PCSH1/2026/00010,200101 Payables,Deema Fawaz AlAdwani,Manual Payment: BILL/2026/05/0038,767.250,0.000,278
2026-05-06,PBNK4/2026/00013,100004 Ush BBYN-8004,Sales JV,Manual Payment: INV/2026/00017,1.437,0.000,
2026-05-06,PBNK4/2026/00013,100201 Accounts Receivable,Sales JV,Manual Payment: INV/2026/00017,0.000,1.437,494
2026-05-06,PBNK3/2026/00024,100003 Ush BBYN-8003,Intercompany Transfers,Manual Payment: BILL/2026/05/0057,0.000,"5,000.000",
2026-05-06,PBNK3/2026/00024,200101 Payables,Intercompany Transfers,Manual Payment: BILL/2026/05/0057,"5,000.000",0.000,437
2026-05-06,PBNK1/2026/00271,100001 Ush BBYN-8001,Sales JV,Manual Payment: INV/2026/00017,0.000,0.000,
2026-05-06,PBNK1/2026/00271,100201 Accounts Receivable,Sales JV,Manual Payment: INV/2026/00017,0.000,0.000,
2026-05-06,PBNK1/2026/00270,100001 Ush BBYN-8001,Intercompany Transfers,Manual Payment: BILL/2026/05/0066,0.000,"2,000.000",
2026-05-06,PBNK1/2026/00270,200101 Payables,Intercompany Transfers,Manual Payment: BILL/2026/05/0066,"2,000.000",0.000,491
2026-05-06,PBNK1/2026/00252,100001 Ush BBYN-8001,Deema Fawaz AlAdwani,Manual Payment: BILL/2026/05/0038,0.000,0.000,
2026-05-06,PBNK1/2026/00252,200101 Payables,Deema Fawaz AlAdwani,Manual Payment: BILL/2026/05/0038,0.000,0.000,
2026-05-06,PBNK1/2026/00090,100002 Ush BBYN-8002,Intercompany Transfers,Manual Payment: BILL/2026/05/0063,0.000,"3,500.000",
2026-05-06,PBNK1/2026/00090,200101 Payables,Intercompany Transfers,Manual Payment: BILL/2026/05/0063,"3,500.000",0.000,477
2026-05-06,PBNK1/2026/00082,100001 Ush BBYN-8001,Deema Fawaz AlAdwani,Manual Payment: BILL/2026/05/0019,0.000,200.000,
2026-05-06,PBNK1/2026/00082,200101 Payables,Deema Fawaz AlAdwani,Manual Payment: BILL/2026/05/0019,200.000,0.000,81
2026-05-06,PBNK1/2026/00081,100001 Ush BBYN-8001,Deema Fawaz AlAdwani,Manual Payment: BILL/2026/05/0018,0.000,500.000,
2026-05-06,PBNK1/2026/00081,200101 Payables,Deema Fawaz AlAdwani,Manual Payment: BILL/2026/05/0018,500.000,0.000,80
2026-05-06,PBNK1/2026/00080,100001 Ush BBYN-8001,Marketing JV,Manual Payment: BILL/2026/05/0017,0.000,"1,200.000",
2026-05-06,PBNK1/2026/00080,200101 Payables,Marketing JV,Manual Payment: BILL/2026/05/0017,"1,200.000",0.000,79
2026-05-06,PBNK1/2026/00079,100001 Ush BBYN-8001,ArtVision,Manual Payment: BILL/2026/05/0016,0.000,"3,000.000",
2026-05-06,PBNK1/2026/00079,200101 Payables,ArtVision,Manual Payment: BILL/2026/05/0016,"3,000.000",0.000,78
2026-05-06,BILL/2026/05/0066,104101 Related Party-Refresh Co.,Intercompany Transfers,Related Party,"2,000.000",0.000,
2026-05-06,BILL/2026/05/0066,200101 Payables,Intercompany Transfers,,0.000,"2,000.000",491
2026-05-06,BILL/2026/05/0057,100001 Ush BBYN-8001,Intercompany Transfers,Interbank Transfer,"5,000.000",0.000,
2026-05-06,BILL/2026/05/0057,200101 Payables,Intercompany Transfers,,0.000,"5,000.000",437
2026-05-06,BILL/2026/05/0019,100051 Petty Cash,Deema Fawaz AlAdwani,Petty cash transferred to Deema,200.000,0.000,
2026-05-06,BILL/2026/05/0019,200101 Payables,Deema Fawaz AlAdwani,,0.000,200.000,81
2026-05-06,BILL/2026/05/0018,100051 Petty Cash,Deema Fawaz AlAdwani,Petty cash transferred to Deema,500.000,0.000,
2026-05-06,BILL/2026/05/0018,200101 Payables,Deema Fawaz AlAdwani,,0.000,500.000,80
2026-05-06,BILL/2026/05/0017,500701 Marketing-Ad Sponsors,Marketing JV,Payment for the bloggers against the contract,"1,200.000",0.000,
2026-05-06,BILL/2026/05/0017,200101 Payables,Marketing JV,,0.000,"1,200.000",79
2026-05-06,BILL/2026/05/0016,100621 LHI-WIP,ArtVision,Security Deposit for the project,"3,000.000",0.000,
2026-05-06,BILL/2026/05/0016,200101 Payables,ArtVision,,0.000,"3,000.000",78
2026-05-05,PBNK1/2026/00089,100002 Ush BBYN-8002,Intercompany Transfers,Manual Payment: BILL/2026/05/0063,0.000,"5,000.000",
2026-05-05,PBNK1/2026/00089,200101 Payables,Intercompany Transfers,Manual Payment: BILL/2026/05/0063,"5,000.000",0.000,477
2026-05-05,PBNK1/2026/00078,100001 Ush BBYN-8001,White Stores General Trad. Co. W.L.L.,Manual Payment: BILL/2026/05/0015,0.000,36.965,
2026-05-05,PBNK1/2026/00078,200101 Payables,White Stores General Trad. Co. W.L.L.,Manual Payment: BILL/2026/05/0015,36.965,0.000,77
2026-05-05,PBNK1/2026/00077,100001 Ush BBYN-8001,Rental JV,Manual Payment: BILL/2026/05/0014,0.000,"2,150.000",
2026-05-05,PBNK1/2026/00077,200101 Payables,Rental JV,Manual Payment: BILL/2026/05/0014,"2,150.000",0.000,76
2026-05-05,PBNK1/2026/00076,100001 Ush BBYN-8001,Staff Expenses JV,Manual Payment: BILL/2026/05/0013,0.000,500.000,
2026-05-05,PBNK1/2026/00076,200101 Payables,Staff Expenses JV,Manual Payment: BILL/2026/05/0013,500.000,0.000,488
2026-05-05,BILL/2026/05/0015,500101 Cost of Goods Sold in Trading,White Stores General Trad. Co. W.L.L.,Payment to White Store,36.965,0.000,
2026-05-05,BILL/2026/05/0015,200101 Payables,White Stores General Trad. Co. W.L.L.,,0.000,36.965,77
2026-05-05,BILL/2026/05/0014,500401 Spa Rent,Rental JV,Rent for  Ush Spa Sharq May-25,"1,000.000",0.000,
2026-05-05,BILL/2026/05/0014,500401 Spa Rent,Rental JV,Rent for  Ush Spa Sharq May-25,800.000,0.000,
2026-05-05,BILL/2026/05/0014,500310 Staff Accomodation,Rental JV,Rent for Staff Accommodation Ush Sharq May-25,350.000,0.000,
2026-05-05,BILL/2026/05/0014,200101 Payables,Rental JV,,0.000,"2,150.000",76
2026-05-05,BILL/2026/05/0013,300301 Partner's CA-Fahad Fawaz,Staff Expenses JV,Cash Salary Apr 26,500.000,0.000,
2026-05-05,BILL/2026/05/0013,200101 Payables,Staff Expenses JV,,0.000,500.000,488
2026-05-04,PCSH2/2026/00012,100051 Petty Cash,Deema Fawaz AlAdwani,Manual Payment: BILL/2026/05/0038,0.000,155.000,
2026-05-04,PCSH2/2026/00012,200101 Payables,Deema Fawaz AlAdwani,Manual Payment: BILL/2026/05/0038,155.000,0.000,278
2026-05-04,PBNK1/2026/00088,100002 Ush BBYN-8002,Intercompany Transfers,Manual Payment: BILL/2026/05/0063,0.000,"1,000.000",
2026-05-04,PBNK1/2026/00088,200101 Payables,Intercompany Transfers,Manual Payment: BILL/2026/05/0063,"1,000.000",0.000,477
2026-05-04,PBNK1/2026/00075,100001 Ush BBYN-8001,White Stores General Trad. Co. W.L.L.,Manual Payment: BILL/2026/05/0012,0.000,30.350,
2026-05-04,PBNK1/2026/00075,200101 Payables,White Stores General Trad. Co. W.L.L.,Manual Payment: BILL/2026/05/0012,30.350,0.000,74
2026-05-04,PBNK1/2026/00074,100001 Ush BBYN-8001,Misc JV,Manual Payment: BILL/2026/05/0011,0.000,17.000,
2026-05-04,PBNK1/2026/00074,200101 Payables,Misc JV,Manual Payment: BILL/2026/05/0011,17.000,0.000,73
2026-05-04,PBNK1/2026/00073,100001 Ush BBYN-8001,Marketing JV,Manual Payment: BILL/2026/05/0010,0.000,30.000,
2026-05-04,PBNK1/2026/00073,200101 Payables,Marketing JV,Manual Payment: BILL/2026/05/0010,30.000,0.000,72
2026-05-04,PBNK1/2026/00072,100001 Ush BBYN-8001,ArtVision,Manual Payment: BILL/2026/05/0009,0.000,"1,000.000",
2026-05-04,PBNK1/2026/00072,200101 Payables,ArtVision,Manual Payment: BILL/2026/05/0009,"1,000.000",0.000,71
2026-05-04,PBNK1/2026/00071,100001 Ush BBYN-8001,SPA AND MORE FOR GENERAL TRADING COMPANY WLL,Manual Payment: BILL/2026/05/0008,0.000,"2,000.000",
2026-05-04,PBNK1/2026/00071,200101 Payables,SPA AND MORE FOR GENERAL TRADING COMPANY WLL,Manual Payment: BILL/2026/05/0008,"2,000.000",0.000,P626
2026-05-04,BILL/2026/05/0012,500101 Cost of Goods Sold in Trading,White Stores General Trad. Co. W.L.L.,Payment to White Store for Purchase Shampoo against inv no:500-003-I5300152760 on 05-05-26,30.350,0.000,
2026-05-04,BILL/2026/05/0012,200101 Payables,White Stores General Trad. Co. W.L.L.,,0.000,30.350,74
2026-05-04,BILL/2026/05/0011,501101 Telephone,Misc JV,New Number for the Ush Spa application,17.000,0.000,
2026-05-04,BILL/2026/05/0011,200101 Payables,Misc JV,,0.000,17.000,73
2026-05-04,BILL/2026/05/0010,500701 Marketing-Ad Sponsors,Marketing JV,Model photography,30.000,0.000,
2026-05-04,BILL/2026/05/0010,200101 Payables,Marketing JV,,0.000,30.000,72
2026-05-04,BILL/2026/05/0009,100621 LHI-WIP,ArtVision,Maintenance work Ush sharq second floor (Paint Work-Labour charges),"1,000.000",0.000,
2026-05-04,BILL/2026/05/0009,200101 Payables,ArtVision,,0.000,"1,000.000",71
2026-05-03,PCSH1/2026/00009,100051 Petty Cash,Deema Fawaz AlAdwani,Manual Payment: BILL/2026/05/0037,0.000,661.540,
2026-05-03,PCSH1/2026/00009,200101 Payables,Deema Fawaz AlAdwani,Manual Payment: BILL/2026/05/0037,661.540,0.000,277
2026-05-03,PBNK3/2026/00023,100003 Ush BBYN-8003,Bank Fees,Manual Payment: BILL/2026/05/0056,0.000,20.000,
2026-05-03,PBNK3/2026/00023,200101 Payables,Bank Fees,Manual Payment: BILL/2026/05/0056,20.000,0.000,436
2026-05-03,PBNK1/2026/00251,100001 Ush BBYN-8001,Deema Fawaz AlAdwani,Manual Payment: BILL/2026/05/0037,0.000,0.000,
2026-05-03,PBNK1/2026/00251,200101 Payables,Deema Fawaz AlAdwani,Manual Payment: BILL/2026/05/0037,0.000,0.000,
2026-05-03,PBNK1/2026/00093,100002 Ush BBYN-8002,Intercompany Transfers,Manual Payment: BILL/2026/05/0062,0.000,908.000,
2026-05-03,PBNK1/2026/00093,200101 Payables,Intercompany Transfers,Manual Payment: BILL/2026/05/0062,908.000,0.000,479
2026-05-03,PBNK1/2026/00086,100002 Ush BBYN-8002,Intercompany Transfers,Manual Payment: BILL/2026/05/0062,0.000,"1,000.000",
2026-05-03,PBNK1/2026/00086,200101 Payables,Intercompany Transfers,Manual Payment: BILL/2026/05/0062,"1,000.000",0.000,479
2026-05-03,PBNK1/2026/00082,100002 Ush BBYN-8002,Bank Fees,Manual Payment: BILL/2026/05/0059,0.000,20.000,
2026-05-03,PBNK1/2026/00082,200101 Payables,Bank Fees,Manual Payment: BILL/2026/05/0059,20.000,0.000,473
2026-05-03,PBNK1/2026/00070,100001 Ush BBYN-8001,White Stores General Trad. Co. W.L.L.,Manual Payment: BILL/2026/05/0007,0.000,253.340,
2026-05-03,PBNK1/2026/00070,200101 Payables,White Stores General Trad. Co. W.L.L.,Manual Payment: BILL/2026/05/0007,253.340,0.000,69
2026-05-03,PBNK1/2026/00069,100001 Ush BBYN-8001,Blue Diamond Plus Co.,Manual Payment: BILL/2026/05/0006,0.000,519.420,
2026-05-03,PBNK1/2026/00069,200101 Payables,Blue Diamond Plus Co.,Manual Payment: BILL/2026/05/0006,519.420,0.000,68
2026-05-03,BILL/2026/05/0062,300301 Partner's CA-Fahad Fawaz,Intercompany Transfers,Fahad-Personal A/c,"7,281.000",0.000,
2026-05-03,BILL/2026/05/0062,200101 Payables,Intercompany Transfers,,0.000,"7,281.000",479
2026-05-03,BILL/2026/05/0059,500601 Bank Fees,Bank Fees,Bank Charges-POS,10.000,0.000,
2026-05-03,BILL/2026/05/0059,500601 Bank Fees,Bank Fees,Bank Charges-POS,10.000,0.000,
2026-05-03,BILL/2026/05/0059,200101 Payables,Bank Fees,,0.000,20.000,473
2026-05-03,BILL/2026/05/0056,500601 Bank Fees,Bank Fees,Bank Charges-POS,10.000,0.000,
2026-05-03,BILL/2026/05/0056,500601 Bank Fees,Bank Fees,Bank Charges-POS,10.000,0.000,
2026-05-03,BILL/2026/05/0056,200101 Payables,Bank Fees,,0.000,20.000,436
2026-05-03,BILL/2026/05/0038,100621 LHI-WIP,Deema Fawaz AlAdwani,Sanitary ware for finishing,65.000,0.000,
2026-05-03,BILL/2026/05/0038,500320 Residency & Visa Exp.,Deema Fawaz AlAdwani,Temporery Ikhama Transfer of Arwa E No:27,20.000,0.000,
2026-05-03,BILL/2026/05/0038,500320 Residency & Visa Exp.,Deema Fawaz AlAdwani,Glades Residancy Renewal Fees (Work Permission/Healthy Insurance/Ikhama/Civil ID)E No:02,135.000,0.000,
2026-05-03,BILL/2026/05/0038,500704 Printing & Stationary,Deema Fawaz AlAdwani,Purchase thermal roll-Box,15.000,0.000,
2026-05-03,BILL/2026/05/0038,100621 LHI-WIP,Deema Fawaz AlAdwani,A bag of syrup to complete the ceramic work,3.750,0.000,
2026-05-03,BILL/2026/05/0038,501112 Subcription-ChiDesk,Deema Fawaz AlAdwani,Chidesk subscription fee,56.000,0.000,
2026-05-03,BILL/2026/05/0038,500106 Cost of Sales-Consumables,Deema Fawaz AlAdwani,"Payment to Gulf of Aden Rose Perume,Lavender,Oil,Lemon oil against inv no:954 on 05-05-26",17.500,0.000,
2026-05-03,BILL/2026/05/0038,500105 Cost of Sales-Hospitality,Deema Fawaz AlAdwani,Payement to The Print Shop Co. for Purchase water with name tag against inv no:258 on 06-05-26,130.000,0.000,
2026-05-03,BILL/2026/05/0038,500401 Spa Rent,Deema Fawaz AlAdwani,Rent for sabah al nasser store for may-26,280.000,0.000,
2026-05-03,BILL/2026/05/0038,500301 Basic Salary,Deema Fawaz AlAdwani,Deema Salary for Mar-26,200.000,0.000,
2026-05-03,BILL/2026/05/0038,200101 Payables,Deema Fawaz AlAdwani,,0.000,922.250,278
2026-05-03,BILL/2026/05/0007,500101 Cost of Goods Sold in Trading,White Stores General Trad. Co. W.L.L.,Payment to White Store for Purchase Shampoo&Conditioner and Hair&face mask against inv no:500-003-I5300152751 on 04-05-26,253.340,0.000,
2026-05-03,BILL/2026/05/0007,200101 Payables,White Stores General Trad. Co. W.L.L.,,0.000,253.340,69
2026-05-03,BILL/2026/05/0006,500109 Cost of Sales-Laundry,Blue Diamond Plus Co.,Payment to Blue Diamond Plus Co against inv no:Laundry Expenses Mar-26,519.420,0.000,
2026-05-03,BILL/2026/05/0006,200101 Payables,Blue Diamond Plus Co.,,0.000,519.420,68
2026-05-02,PBNK3/2026/00022,100003 Ush BBYN-8003,Intercompany Transfers,Manual Payment: BILL/2026/05/0055,0.000,"13,000.000",
2026-05-02,PBNK3/2026/00022,200101 Payables,Intercompany Transfers,Manual Payment: BILL/2026/05/0055,"13,000.000",0.000,435
2026-05-02,PBNK1/2026/00269,100001 Ush BBYN-8001,Intercompany Transfers,Manual Payment: BILL/2026/05/0065,0.000,"3,300.000",
2026-05-02,PBNK1/2026/00269,200101 Payables,Intercompany Transfers,Manual Payment: BILL/2026/05/0065,"3,300.000",0.000,490
2026-05-02,PBNK1/2026/00092,100002 Ush BBYN-8002,Intercompany Transfers,Manual Payment: BILL/2026/05/0064,0.000,"8,500.000",
2026-05-02,PBNK1/2026/00092,200101 Payables,Intercompany Transfers,Manual Payment: BILL/2026/05/0064,"8,500.000",0.000,478
2026-05-02,PBNK1/2026/00087,100002 Ush BBYN-8002,Intercompany Transfers,Manual Payment: BILL/2026/05/0063,0.000,"10,000.000",
2026-05-02,PBNK1/2026/00087,200101 Payables,Intercompany Transfers,Manual Payment: BILL/2026/05/0063,"10,000.000",0.000,477
2026-05-02,PBNK1/2026/00085,100002 Ush BBYN-8002,Intercompany Transfers,Manual Payment: BILL/2026/05/0062,0.000,"5,373.000",
2026-05-02,PBNK1/2026/00085,200101 Payables,Intercompany Transfers,Manual Payment: BILL/2026/05/0062,"5,373.000",0.000,479
2026-05-02,PBNK1/2026/00081,100002 Ush BBYN-8002,Bank Fees,Manual Payment: BILL/2026/05/0058,0.000,24.000,
2026-05-02,PBNK1/2026/00081,200101 Payables,Bank Fees,Manual Payment: BILL/2026/05/0058,24.000,0.000,472
2026-05-02,PBNK1/2026/00068,100001 Ush BBYN-8001,Marketing JV,Manual Payment: BILL/2026/05/0005,0.000,250.000,
2026-05-02,PBNK1/2026/00068,200101 Payables,Marketing JV,Manual Payment: BILL/2026/05/0005,250.000,0.000,67
2026-05-02,PBNK1/2026/00067,100001 Ush BBYN-8001,Misc JV,Manual Payment: BILL/2026/05/0004,0.000,142.000,
2026-05-02,PBNK1/2026/00067,200101 Payables,Misc JV,Manual Payment: BILL/2026/05/0004,142.000,0.000,66
2026-05-02,PBNK1/2026/00066,100001 Ush BBYN-8001,Staff Expenses JV,Manual Payment: BILL/2026/05/0003,0.000,"3,100.000",
2026-05-02,PBNK1/2026/00066,200101 Payables,Staff Expenses JV,Manual Payment: BILL/2026/05/0003,"3,100.000",0.000,489
2026-05-02,MISC/2026/05/0002,204101 Due to Related Party-Refresh Co.,,Carpentary Work: Depreciation,0.000,"8,500.000",
2026-05-02,MISC/2026/05/0002,100621 LHI-WIP,,Carpentary Work: Depreciation,"8,500.000",0.000,
2026-05-02,BILL/2026/05/0065,300301 Partner's CA-Fahad Fawaz,Intercompany Transfers,Fahad-Personal A/c,"3,300.000",0.000,
2026-05-02,BILL/2026/05/0065,200101 Payables,Intercompany Transfers,,0.000,"3,300.000",490
2026-05-02,BILL/2026/05/0064,204101 Due to Related Party-Refresh Co.,Intercompany Transfers,Related Party,"8,500.000",0.000,
2026-05-02,BILL/2026/05/0064,200101 Payables,Intercompany Transfers,,0.000,"8,500.000",478
2026-05-02,BILL/2026/05/0058,500601 Bank Fees,Bank Fees,Transaction Fees,24.000,0.000,
2026-05-02,BILL/2026/05/0058,200101 Payables,Bank Fees,,0.000,24.000,472
2026-05-02,BILL/2026/05/0055,300301 Partner's CA-Fahad Fawaz,Intercompany Transfers,Fahad-Personal A/c,"13,000.000",0.000,
2026-05-02,BILL/2026/05/0055,200101 Payables,Intercompany Transfers,,0.000,"13,000.000",435
2026-05-02,BILL/2026/05/0005,500701 Marketing-Ad Sponsors,Marketing JV,Instagram Sponser for 10 Days,250.000,0.000,
2026-05-02,BILL/2026/05/0005,200101 Payables,Marketing JV,,0.000,250.000,67
2026-05-02,BILL/2026/05/0004,501116 Charity Expenses,Misc JV,Donation for imam of mosque Sabah Naser,142.000,0.000,
2026-05-02,BILL/2026/05/0004,200101 Payables,Misc JV,,0.000,142.000,66
2026-05-02,BILL/2026/05/0003,300301 Partner's CA-Fahad Fawaz,Staff Expenses JV,Cash-Staff Commission Apr 26,"2,232.000",0.000,
2026-05-02,BILL/2026/05/0003,300301 Partner's CA-Fahad Fawaz,Staff Expenses JV,Cash-Staff Over Time Apr 26,68.000,0.000,
2026-05-02,BILL/2026/05/0003,500301 Basic Salary,Staff Expenses JV,Salary for Salman Sahli Apr 26,800.000,0.000,
2026-05-02,BILL/2026/05/0003,200101 Payables,Staff Expenses JV,,0.000,"3,100.000",489
2026-05-01,PCSH3/2026/00013,300301 Partner's CA-Fahad Fawaz,Staff Expenses JV,Manual Payment: 0426,0.000,"11,307.500",
2026-05-01,PCSH3/2026/00013,200101 Payables,Staff Expenses JV,Manual Payment: 0426,"11,307.500",0.000,545
2026-05-01,PBNK1/2026/00084,100002 Ush BBYN-8002,Deema Fawaz AlAdwani,Manual Payment: BILL/2026/05/0061,0.000,"1,000.000",
2026-05-01,PBNK1/2026/00084,200101 Payables,Deema Fawaz AlAdwani,Manual Payment: BILL/2026/05/0061,"1,000.000",0.000,475
2026-05-01,PBNK1/2026/00020,100002 Ush BBYN-8002,Sales JV,Manual Payment: INV/2026/00006,"44,515.432",0.000,
2026-05-01,PBNK1/2026/00020,100201 Accounts Receivable,Sales JV,Manual Payment: INV/2026/00006,0.000,"44,515.432",405
2026-05-01,INV/2026/00006,400101 Sales-Spa,Sales JV,Cash Sales for the month,0.000,900.000,
2026-05-01,INV/2026/00006,400101 Sales-Spa,Sales JV,Deema Sales for the month,0.000,"1,074.787",
2026-05-01,INV/2026/00006,400101 Sales-Spa,Sales JV,GCC Sales for the month,0.000,24.000,
2026-05-01,INV/2026/00006,400101 Sales-Spa,Sales JV,Knet Sales for the month,0.000,"21,059.020",
2026-05-01,INV/2026/00006,400101 Sales-Spa,Sales JV,Link Sales for the month,0.000,"14,436.750",
2026-05-01,INV/2026/00006,400101 Sales-Spa,Sales JV,Master Visa Sales for the month,0.000,"5,154.980",
2026-05-01,INV/2026/00006,400101 Sales-Spa,Sales JV,My Fatoorah Sale for month,0.000,24.375,
2026-05-01,INV/2026/00006,500602 Knet Fees,Sales JV,Knet Charges,42.120,0.000,
2026-05-01,INV/2026/00006,500603 Visa/MC Fees,Sales JV,MCC/Visa Charges,116.000,0.000,
2026-05-01,INV/2026/00006,500601 Bank Fees,Sales JV,GCC Charges,0.360,0.000,
2026-05-01,INV/2026/00006,100201 Accounts Receivable,Sales JV,BBYN-02 - INV/2026/00006,"44,515.432",0.000,405
2026-05-01,INV/2026/00006,104101 Related Party-Refresh Co.,Sales JV,Related Party Refresh,0.000,"2,000.000",
2026-05-01,BILL/2026/05/0061,100051 Petty Cash,Deema Fawaz AlAdwani,Petty cash transferred to Deema,"1,000.000",0.000,
2026-05-01,BILL/2026/05/0061,200101 Payables,Deema Fawaz AlAdwani,,0.000,"1,000.000",475
2026-05-01,BILL/2026/05/0037,100621 LHI-WIP,Deema Fawaz AlAdwani,Rubble container,25.000,0.000,
2026-05-01,BILL/2026/05/0037,100621 LHI-WIP,Deema Fawaz AlAdwani,Decoration work,120.000,0.000,
2026-05-01,BILL/2026/05/0037,500106 Cost of Sales-Consumables,Deema Fawaz AlAdwani,Purchase of 1000 cold eye masks from Shein,54.500,0.000,
2026-05-01,BILL/2026/05/0037,500105 Cost of Sales-Hospitality,Deema Fawaz AlAdwani,Payment to Food Choice for Purchase Glassco Lemon-700ML  against inv no:26209826 on 003-05-26,72.000,0.000,
2026-05-01,BILL/2026/05/0037,500105 Cost of Sales-Hospitality,Deema Fawaz AlAdwani,Payment to Thurayia Star for Purchase green Apple against inv no:0312 on 02-05-26,16.000,0.000,
2026-05-01,BILL/2026/05/0037,500105 Cost of Sales-Hospitality,Deema Fawaz AlAdwani,"Payment to Boushahri Group for purchase Tea (Lemon,Peach and Green) & AT-Alu TB Beauty 30g against inv no:4010525521 on 02-05-26",114.790,0.000,
2026-05-01,BILL/2026/05/0037,501103 Spa Maintenance,Deema Fawaz AlAdwani,supplies for cleaning the Moroccan bath and applying the cleaning spray to the bathrooms.,69.000,0.000,
2026-05-01,BILL/2026/05/0037,500106 Cost of Sales-Consumables,Deema Fawaz AlAdwani,"Payment to Fantastic for purchase clenex inter fold,Clenuex roll,Dettol and carbage bag against inv no:8354 on 3-05-263",103.250,0.000,
2026-05-01,BILL/2026/05/0037,500704 Printing & Stationary,Deema Fawaz AlAdwani,Ush Visiting card,28.000,0.000,
2026-05-01,BILL/2026/05/0037,100621 LHI-WIP,Deema Fawaz AlAdwani,filters with 2 bathroom bidets,59.000,0.000,
2026-05-01,BILL/2026/05/0037,200101 Payables,Deema Fawaz AlAdwani,,0.000,661.540,277
2026-04-30,PCSH1/2026/00008,100051 Petty Cash,Deema Fawaz AlAdwani,Manual Payment: BILL/2026/04/0052,0.000,"1,265.000",
2026-04-30,PCSH1/2026/00008,200101 Payables,Deema Fawaz AlAdwani,Manual Payment: BILL/2026/04/0052,"1,265.000",0.000,276
2026-04-30,PBNK3/2026/00016,100003 Ush BBYN-8003,Sales JV,Manual Payment: INV/2026/00013,"11,718.846",0.000,
2026-04-30,PBNK3/2026/00016,100201 Accounts Receivable,Sales JV,Manual Payment: INV/2026/00013,0.000,"11,718.846",429
2026-04-30,PBNK1/2026/00076,100002 Ush BBYN-8002,Sales JV,Manual Payment: INV/2026/00005,0.000,0.000,
2026-04-30,PBNK1/2026/00076,100201 Accounts Receivable,Sales JV,Manual Payment: INV/2026/00005,0.000,0.000,
2026-04-30,PBNK1/2026/00066,100002 Ush BBYN-8002,Bank Fees,Manual Payment: BILL/2026/04/0065,0.000,81.500,
2026-04-30,PBNK1/2026/00066,200101 Payables,Bank Fees,Manual Payment: BILL/2026/04/0065,81.500,0.000,466
2026-04-30,MISC/2026/04/0001,500332 Leave Salary,,leave for the month,669.288,0.000,
2026-04-30,MISC/2026/04/0001,200502 Leave Days Provision,,leave for the month`,0.000,669.288,
2026-04-30,MISC/2026/04/0001,500331 End of Service Indemnity,,Indemnity for the month,330.455,0.000,
2026-04-30,MISC/2026/04/0001,200503 End of Service Provision,,Indemnity for the month,0.000,330.455,
2026-04-30,INV/2026/00013,400101 Sales-Spa,Sales JV,Cash Sales for the month,0.000,309.000,
2026-04-30,INV/2026/00013,400101 Sales-Spa,Sales JV,Deema Sales for the month,0.000,0.000,
2026-04-30,INV/2026/00013,400101 Sales-Spa,Sales JV,GCC Sales for the month,0.000,0.000,
2026-04-30,INV/2026/00013,400101 Sales-Spa,Sales JV,Knet Sales for the month,0.000,"9,207.000",
2026-04-30,INV/2026/00013,400101 Sales-Spa,Sales JV,Link Sales for the month,0.000,0.000,
2026-04-30,INV/2026/00013,400101 Sales-Spa,Sales JV,Master Visa Sales for the month,0.000,"2,272.390",
2026-04-30,INV/2026/00013,400101 Sales-Spa,Sales JV,My Fatoorah Sale for month,0.000,0.000,
2026-04-30,INV/2026/00013,400101 Sales-Spa,Sales JV,Tap Sales for month,0.000,0.000,
2026-04-30,INV/2026/00013,500320 Residency & Visa Exp.,Sales JV,Visa Expenses,0.000,0.000,
2026-04-30,INV/2026/00013,500602 Knet Fees,Sales JV,Knet Charges,18.414,0.000,
2026-04-30,INV/2026/00013,500603 Visa/MC Fees,Sales JV,MCC/Visa Charges,51.130,0.000,
2026-04-30,INV/2026/00013,100201 Accounts Receivable,Sales JV,INV/2026/00013,"11,718.846",0.000,429
2026-04-30,BILL/2026/04/0065,500601 Bank Fees,Bank Fees,Transaction Fees,81.500,0.000,
2026-04-30,BILL/2026/04/0065,200101 Payables,Bank Fees,,0.000,81.500,466
2026-04-30,BILL/2026/04/0060,100621 LHI-WIP,Partners JV,"Purchase he showers, mixers, bidet sprayer, washbasin, and soap dispenser were from saudi",35.060,0.000,
2026-04-30,BILL/2026/04/0060,200101 Payables,Partners JV,Sara,0.000,35.060,531
2026-04-30,BILL/2026/04/0059,100621 LHI-WIP,Partners JV,"Plates, sheets, and bowls",74.600,0.000,
2026-04-30,BILL/2026/04/0059,200101 Payables,Partners JV,Sara,0.000,74.600,532
2026-04-30,BILL/2026/04/0058,100621 LHI-WIP,Partners JV,Mirrors,108.000,0.000,
2026-04-30,BILL/2026/04/0058,200101 Payables,Partners JV,Sara,0.000,108.000,533
2026-04-30,BILL/2026/04/0057,100621 LHI-WIP,Partners JV,Bulbs,85.000,0.000,
2026-04-30,BILL/2026/04/0057,200101 Payables,Partners JV,Sara,0.000,85.000,534
2026-04-30,BILL/2026/04/0056,100621 LHI-WIP,Partners JV,3 Chairs or the rest area.,560.900,0.000,
2026-04-30,BILL/2026/04/0056,200101 Payables,Partners JV,Sara,0.000,560.900,535
2026-04-30,BILL/2026/04/0055,100621 LHI-WIP,Partners JV,Ceramic,840.000,0.000,
2026-04-30,BILL/2026/04/0055,200101 Payables,Partners JV,Sara,0.000,840.000,536
2026-04-30,BILL/2026/04/0054,100621 LHI-WIP,Partners JV,Payment to Al Jazeera for purchase ceramic tool for ush sharq second floor,30.000,0.000,
2026-04-30,BILL/2026/04/0054,200101 Payables,Partners JV,Fahad,0.000,30.000,514
2026-04-30,BILL/2026/04/0053,500301 Basic Salary,Staff Expenses JV,Basic Salary,"9,259.000",0.000,
2026-04-30,BILL/2026/04/0053,500306 Sales Commission,Staff Expenses JV,Commission,"2,232.000",0.000,
2026-04-30,BILL/2026/04/0053,500308 Staff Overtime,Staff Expenses JV,Over Time,109.500,0.000,
2026-04-30,BILL/2026/04/0053,204101 Due to Related Party-Refresh Co.,Staff Expenses JV,Salary By REFRESH,0.000,593.000,
2026-04-30,BILL/2026/04/0053,104101 Related Party-Refresh Co.,Staff Expenses JV,Salary On Behalf of Refresh,300.000,0.000,
2026-04-30,BILL/2026/04/0053,200101 Payables,Staff Expenses JV,0426,0.000,"11,307.500",545
2026-04-29,PBNK1/2026/00096,100001 Ush BBYN-8001,Misc JV,Manual Payment: BILL/2026/04/0047,0.000,60.000,
2026-04-29,PBNK1/2026/00096,200101 Payables,Misc JV,Manual Payment: BILL/2026/04/0047,60.000,0.000,95
2026-04-29,BILL/2026/04/0047,400110 Sales Returns,Misc JV,Customer refund amount,60.000,0.000,
2026-04-29,BILL/2026/04/0047,200101 Payables,Misc JV,,0.000,60.000,95
2026-04-28,PBNK1/2026/00097,100001 Ush BBYN-8001,Deema Fawaz AlAdwani,Manual Payment: BILL/2026/04/0046,0.000,"1,000.000",
2026-04-28,PBNK1/2026/00097,200101 Payables,Deema Fawaz AlAdwani,Manual Payment: BILL/2026/04/0046,"1,000.000",0.000,96
2026-04-28,PBNK1/2026/00079,100002 Ush BBYN-8002,Intercompany Transfers,Manual Payment: BILL/2026/04/0069,0.000,685.000,
2026-04-28,PBNK1/2026/00079,200101 Payables,Intercompany Transfers,Manual Payment: BILL/2026/04/0069,685.000,0.000,471
2026-04-28,BILL/2026/04/0069,300301 Partner's CA-Fahad Fawaz,Intercompany Transfers,Fahad-Personal A/c,"10,415.000",0.000,
2026-04-28,BILL/2026/04/0069,200101 Payables,Intercompany Transfers,,0.000,"10,415.000",471
2026-04-28,BILL/2026/04/0046,100051 Petty Cash,Deema Fawaz AlAdwani,Petty cash transferred to Deema,"1,000.000",0.000,
2026-04-28,BILL/2026/04/0046,200101 Payables,Deema Fawaz AlAdwani,,0.000,"1,000.000",96
2026-04-27,PBNK1/2026/00250,100001 Ush BBYN-8001,Deema Fawaz AlAdwani,Manual Payment: BILL/2026/04/0052,0.000,0.000,
2026-04-27,PBNK1/2026/00250,200101 Payables,Deema Fawaz AlAdwani,Manual Payment: BILL/2026/04/0052,0.000,0.000,
2026-04-27,BILL/2026/04/0052,500704 Printing & Stationary,Deema Fawaz AlAdwani,Purchasing  Meeting File Beige with Gold 4 Clipboards,45.000,0.000,
2026-04-27,BILL/2026/04/0052,501112 Subcription-ChiDesk,Deema Fawaz AlAdwani,MyFatoorah for payment methods for the application,200.000,0.000,
2026-04-27,BILL/2026/04/0052,100621 LHI-WIP,Deema Fawaz AlAdwani,7 bags of sherbet for ceramics,26.250,0.000,
2026-04-27,BILL/2026/04/0052,100621 LHI-WIP,Deema Fawaz AlAdwani,three drain covers,16.000,0.000,
2026-04-27,BILL/2026/04/0052,100621 LHI-WIP,Deema Fawaz AlAdwani,Steam machine with installation,250.000,0.000,
2026-04-27,BILL/2026/04/0052,100621 LHI-WIP,Deema Fawaz AlAdwani,Purchase sand and cement,17.000,0.000,
2026-04-27,BILL/2026/04/0052,500401 Spa Rent,Deema Fawaz AlAdwani,Payment for Building Haris commission-Mangaf,30.000,0.000,
2026-04-27,BILL/2026/04/0052,500105 Cost of Sales-Hospitality,Deema Fawaz AlAdwani,"Payment to Thurayia Star for Purchase Green Apple,Yellow Lemon and Mint against inv no:3563 on 28-04-26",26.750,0.000,
2026-04-27,BILL/2026/04/0052,100621 LHI-WIP,Deema Fawaz AlAdwani,ceramic work,619.000,0.000,
2026-04-27,BILL/2026/04/0052,100621 LHI-WIP,Deema Fawaz AlAdwani,Toilet paint cost,35.000,0.000,
2026-04-27,BILL/2026/04/0052,200101 Payables,Deema Fawaz AlAdwani,,0.000,"1,265.000",276
2026-04-26,PCSH2/2026/00011,100051 Petty Cash,Deema Fawaz AlAdwani,Manual Payment: BILL/2026/04/0051,0.000,80.306,
2026-04-26,PCSH2/2026/00011,200101 Payables,Deema Fawaz AlAdwani,Manual Payment: BILL/2026/04/0051,80.306,0.000,275
2026-04-26,PCSH1/2026/00007,100051 Petty Cash,Deema Fawaz AlAdwani,Manual Payment: BILL/2026/04/0051,0.000,851.500,
2026-04-26,PCSH1/2026/00007,200101 Payables,Deema Fawaz AlAdwani,Manual Payment: BILL/2026/04/0051,851.500,0.000,275
2026-04-26,PBNK1/2026/00098,100001 Ush BBYN-8001,Misc JV,Manual Payment: BILL/2026/04/0045,0.000,55.000,
2026-04-26,PBNK1/2026/00098,200101 Payables,Misc JV,Manual Payment: BILL/2026/04/0045,55.000,0.000,97
2026-04-26,BILL/2026/04/0045,400110 Sales Returns,Misc JV,Customer refund amount,55.000,0.000,
2026-04-26,BILL/2026/04/0045,200101 Payables,Misc JV,,0.000,55.000,97
2026-04-25,PBNK1/2026/00099,100001 Ush BBYN-8001,Deema Fawaz AlAdwani,Manual Payment: BILL/2026/04/0044,0.000,"1,000.000",
2026-04-25,PBNK1/2026/00099,200101 Payables,Deema Fawaz AlAdwani,Manual Payment: BILL/2026/04/0044,"1,000.000",0.000,98
2026-04-25,BILL/2026/04/0044,100051 Petty Cash,Deema Fawaz AlAdwani,Petty cash transferred to Deema,"1,000.000",0.000,
2026-04-25,BILL/2026/04/0044,200101 Payables,Deema Fawaz AlAdwani,,0.000,"1,000.000",98
2026-04-23,PCSH1/2026/00006,100051 Petty Cash,Deema Fawaz AlAdwani,Manual Payment: BILL/2026/04/0050,0.000,"1,169.400",
2026-04-23,PCSH1/2026/00006,200101 Payables,Deema Fawaz AlAdwani,Manual Payment: BILL/2026/04/0050,"1,169.400",0.000,274
2026-04-23,PBNK1/2026/00249,100001 Ush BBYN-8001,Deema Fawaz AlAdwani,Manual Payment: BILL/2026/04/0051,0.000,0.000,
2026-04-23,PBNK1/2026/00249,200101 Payables,Deema Fawaz AlAdwani,Manual Payment: BILL/2026/04/0051,0.000,0.000,
2026-04-23,PBNK1/2026/00100,100001 Ush BBYN-8001,Abdellah Ali Ahmed Mahmoud,Manual Payment: BILL/2026/04/0043,0.000,"1,028.000",
2026-04-23,PBNK1/2026/00100,200101 Payables,Abdellah Ali Ahmed Mahmoud,Manual Payment: BILL/2026/04/0043,"1,028.000",0.000,99
2026-04-23,PBNK1/2026/00075,100002 Ush BBYN-8002,Intercompany Transfers,Manual Payment: BILL/2026/04/0068,0.000,"3,000.000",
2026-04-23,PBNK1/2026/00075,200101 Payables,Intercompany Transfers,Manual Payment: BILL/2026/04/0068,"3,000.000",0.000,469
2026-04-23,PBNK1/2026/00071,100002 Ush BBYN-8002,Intercompany Transfers,Manual Payment: BILL/2026/04/0067,0.000,0.000,
2026-04-23,PBNK1/2026/00071,200101 Payables,Intercompany Transfers,Manual Payment: BILL/2026/04/0067,0.000,0.000,
2026-04-23,BILL/2026/04/0068,100001 Ush BBYN-8001,Intercompany Transfers,Interbank Transfer,"10,200.000",0.000,
2026-04-23,BILL/2026/04/0068,200101 Payables,Intercompany Transfers,,0.000,"10,200.000",469
2026-04-23,BILL/2026/04/0067,300301 Partner's CA-Fahad Fawaz,Intercompany Transfers,Fahad-Personal A/c,0.000,0.000,
2026-04-23,BILL/2026/04/0067,200101 Payables,Intercompany Transfers,,0.000,0.000,
2026-04-23,BILL/2026/04/0051,500106 Cost of Sales-Consumables,Deema Fawaz AlAdwani,Payment to Purchase Jing Bath Foam against inv no:611388046341 on 23-04-26,36.000,0.000,
2026-04-23,BILL/2026/04/0051,500105 Cost of Sales-Hospitality,Deema Fawaz AlAdwani,Payment to Thurayia Star for Purchase green Apple against inv no:3086 on 25-04-26,15.500,0.000,
2026-04-23,BILL/2026/04/0051,100621 LHI-WIP,Deema Fawaz AlAdwani,Electrical Work,350.000,0.000,
2026-04-23,BILL/2026/04/0051,500106 Cost of Sales-Consumables,Deema Fawaz AlAdwani,Purchase Candles,38.000,0.000,
2026-04-23,BILL/2026/04/0051,500105 Cost of Sales-Hospitality,Deema Fawaz AlAdwani,Purchase Tang Lemon Syrup 2 KG,7.440,0.000,
2026-04-23,BILL/2026/04/0051,500105 Cost of Sales-Hospitality,Deema Fawaz AlAdwani,Purchase Tang Lemon Syrup 2 KG,12.400,0.000,
2026-04-23,BILL/2026/04/0051,500105 Cost of Sales-Hospitality,Deema Fawaz AlAdwani,Purchase Tang Lemon Syrup 2 KG,4.966,0.000,
2026-04-23,BILL/2026/04/0051,500106 Cost of Sales-Consumables,Deema Fawaz AlAdwani,Purchase interfold Tissue -120(Roots),17.500,0.000,
2026-04-23,BILL/2026/04/0051,100621 LHI-WIP,Deema Fawaz AlAdwani,Advance payment for purchasing two beds for sharq and Mangaf,300.000,0.000,
2026-04-23,BILL/2026/04/0051,501103 Spa Maintenance,Deema Fawaz AlAdwani,making 6 tray holders for jacuzzis,150.000,0.000,
2026-04-23,BILL/2026/04/0051,200101 Payables,Deema Fawaz AlAdwani,,0.000,931.806,275
2026-04-23,BILL/2026/04/0043,100621 LHI-WIP,Abdellah Ali Ahmed Mahmoud,Balance amount of Construction Work-Ush second floor,"1,028.000",0.000,
2026-04-23,BILL/2026/04/0043,200101 Payables,Abdellah Ali Ahmed Mahmoud,,0.000,"1,028.000",99
2026-04-21,PCSH2/2026/00010,100051 Petty Cash,Deema Fawaz AlAdwani,Manual Payment: BILL/2026/04/0050,0.000,80.500,
2026-04-21,PCSH2/2026/00010,200101 Payables,Deema Fawaz AlAdwani,Manual Payment: BILL/2026/04/0050,80.500,0.000,274
2026-04-21,PBNK1/2026/00067,100002 Ush BBYN-8002,Deema Fawaz AlAdwani,Manual Payment: BILL/2026/04/0066,0.000,"1,000.000",
2026-04-21,PBNK1/2026/00067,200101 Payables,Deema Fawaz AlAdwani,Manual Payment: BILL/2026/04/0066,"1,000.000",0.000,467
2026-04-21,BILL/2026/04/0066,100051 Petty Cash,Deema Fawaz AlAdwani,Petty cash transferred to Deema,"1,000.000",0.000,
2026-04-21,BILL/2026/04/0066,200101 Payables,Deema Fawaz AlAdwani,,0.000,"1,000.000",467
2026-04-20,PBNK1/2026/00248,100001 Ush BBYN-8001,Deema Fawaz AlAdwani,Manual Payment: BILL/2026/04/0050,0.000,0.000,
2026-04-20,PBNK1/2026/00248,200101 Payables,Deema Fawaz AlAdwani,Manual Payment: BILL/2026/04/0050,0.000,0.000,
2026-04-20,PBNK1/2026/00247,100001 Ush BBYN-8001,Deema Fawaz AlAdwani,Manual Payment: BILL/2026/04/0049,0.000,0.000,
2026-04-20,PBNK1/2026/00247,200101 Payables,Deema Fawaz AlAdwani,Manual Payment: BILL/2026/04/0049,0.000,0.000,
2026-04-20,BILL/2026/04/0050,501103 Spa Maintenance,Deema Fawaz AlAdwani,Purchase new fan for ush sharq,59.900,0.000,
2026-04-20,BILL/2026/04/0050,501103 Spa Maintenance,Deema Fawaz AlAdwani,maintenance work ush sharq,65.000,0.000,
2026-04-20,BILL/2026/04/0050,100621 LHI-WIP,Deema Fawaz AlAdwani,Advance payment against qtn no:  for headphone installation,250.000,0.000,
2026-04-20,BILL/2026/04/0050,500106 Cost of Sales-Consumables,Deema Fawaz AlAdwani,Purchase ethic alocohol,30.000,0.000,
2026-04-20,BILL/2026/04/0050,500320 Residency & Visa Exp.,Deema Fawaz AlAdwani,Mona Residency Extend charges  E No:,24.000,0.000,
2026-04-20,BILL/2026/04/0050,501103 Spa Maintenance,Deema Fawaz AlAdwani,Advance for curtan work,500.000,0.000,
2026-04-20,BILL/2026/04/0050,100621 LHI-WIP,Deema Fawaz AlAdwani,Aluminum work for Moroccan bathroom ceiling and door,255.000,0.000,
2026-04-20,BILL/2026/04/0050,500106 Cost of Sales-Consumables,Deema Fawaz AlAdwani,Purchaser plastic bag and cleanex,26.500,0.000,
2026-04-20,BILL/2026/04/0050,500105 Cost of Sales-Hospitality,Deema Fawaz AlAdwani,Payment to Top Pack  for Purchase Wooden sweet fork 80 pcs against inv no:28109 on 22-04-26,32.500,0.000,
2026-04-20,BILL/2026/04/0050,500502 Govt. fees,Deema Fawaz AlAdwani,Commercial extract invoice (USH),7.000,0.000,
2026-04-20,BILL/2026/04/0050,200101 Payables,Deema Fawaz AlAdwani,,0.000,"1,249.900",274
2026-04-19,PCSH1/2026/00005,100051 Petty Cash,Deema Fawaz AlAdwani,Manual Payment: BILL/2026/04/0049,0.000,674.000,
2026-04-19,PCSH1/2026/00005,200101 Payables,Deema Fawaz AlAdwani,Manual Payment: BILL/2026/04/0049,674.000,0.000,273
2026-04-19,PBNK4/2026/00009,100004 Ush BBYN-8004,Bank Fees,Manual Payment: BILL/2026/07/0041,0.000,500.000,
2026-04-19,PBNK4/2026/00009,200101 Payables,Bank Fees,Manual Payment: BILL/2026/07/0041,500.000,0.000,492
2026-04-19,PBNK4/2026/00008,100004 Ush BBYN-8004,Bank Fees,Manual Payment: BILL/2026/07/0041,0.000,"1,864.643",
2026-04-19,PBNK4/2026/00008,200101 Payables,Bank Fees,Manual Payment: BILL/2026/07/0041,"1,864.643",0.000,492
2026-04-19,PBNK4/2026/00005,100004 Ush BBYN-8004,Intercompany Transfers,Manual Payment: BILL/2026/04/0070,0.000,385.000,
2026-04-19,PBNK4/2026/00005,200101 Payables,Intercompany Transfers,Manual Payment: BILL/2026/04/0070,385.000,0.000,486
2026-04-19,PBNK1/2026/00101,100001 Ush BBYN-8001,Misc JV,Manual Payment: BILL/2026/04/0042,0.000,55.000,
2026-04-19,PBNK1/2026/00101,200101 Payables,Misc JV,Manual Payment: BILL/2026/04/0042,55.000,0.000,100
2026-04-19,BILL/2026/04/0070,100001 Ush BBYN-8001,Intercompany Transfers,Interbank Transfer,"6,635.000",0.000,
2026-04-19,BILL/2026/04/0070,200101 Payables,Intercompany Transfers,,0.000,"6,635.000",486
2026-04-19,BILL/2026/04/0042,100621 LHI-WIP,Misc JV,Complete adjustment job-Ush Sharq Second floor,55.000,0.000,
2026-04-19,BILL/2026/04/0042,200101 Payables,Misc JV,,0.000,55.000,100
2026-04-18,PCSH2/2026/00009,100051 Petty Cash,Deema Fawaz AlAdwani,Manual Payment: BILL/2026/04/0049,0.000,46.400,
2026-04-18,PCSH2/2026/00009,200101 Payables,Deema Fawaz AlAdwani,Manual Payment: BILL/2026/04/0049,46.400,0.000,273
2026-04-18,PBNK1/2026/00105,100001 Ush BBYN-8001,Mohamed Amer Abdelmoneim Amer,Manual Payment: BILL/2026/04/0038,0.000,350.000,
2026-04-18,PBNK1/2026/00105,200101 Payables,Mohamed Amer Abdelmoneim Amer,Manual Payment: BILL/2026/04/0038,350.000,0.000,104
2026-04-18,PBNK1/2026/00104,100001 Ush BBYN-8001,Marketing JV,Manual Payment: BILL/2026/04/0039,0.000,460.000,
2026-04-18,PBNK1/2026/00104,200101 Payables,Marketing JV,Manual Payment: BILL/2026/04/0039,460.000,0.000,103
2026-04-18,PBNK1/2026/00103,100001 Ush BBYN-8001,Ali Bahaa,Manual Payment: BILL/2026/04/0040,0.000,20.000,
2026-04-18,PBNK1/2026/00103,200101 Payables,Ali Bahaa,Manual Payment: BILL/2026/04/0040,20.000,0.000,102
2026-04-18,PBNK1/2026/00102,100001 Ush BBYN-8001,Thurayia Star,Manual Payment: BILL/2026/04/0041,0.000,45.000,
2026-04-18,PBNK1/2026/00102,200101 Payables,Thurayia Star,Manual Payment: BILL/2026/04/0041,45.000,0.000,101
2026-04-18,BILL/2026/04/0041,500105 Cost of Sales-Hospitality,Thurayia Star,"Payment to Thurayia Star for Purchase Green Apple,Yellow Lemon and Mint against inv no:3275/3305 on 18-04-26",45.000,0.000,
2026-04-18,BILL/2026/04/0041,200101 Payables,Thurayia Star,,0.000,45.000,101
2026-04-18,BILL/2026/04/0040,100051 Petty Cash,Ali Bahaa,Petty cash To Ali,20.000,0.000,
2026-04-18,BILL/2026/04/0040,200101 Payables,Ali Bahaa,,0.000,20.000,102
2026-04-18,BILL/2026/04/0039,500701 Marketing-Ad Sponsors,Marketing JV,Payment to instagram sponser,460.000,0.000,
2026-04-18,BILL/2026/04/0039,200101 Payables,Marketing JV,,0.000,460.000,103
2026-04-18,BILL/2026/04/0038,100621 LHI-WIP,Mohamed Amer Abdelmoneim Amer,Electrical/Plumbing Work for Ush second floor,350.000,0.000,
2026-04-18,BILL/2026/04/0038,200101 Payables,Mohamed Amer Abdelmoneim Amer,,0.000,350.000,104
2026-04-16,PBNK4/2026/00007,100004 Ush BBYN-8004,Bank Fees,Manual Payment: BILL/2026/07/0041,0.000,500.000,
2026-04-16,PBNK4/2026/00007,200101 Payables,Bank Fees,Manual Payment: BILL/2026/07/0041,500.000,0.000,492
2026-04-16,PBNK4/2026/00004,100004 Ush BBYN-8004,Intercompany Transfers,Manual Payment: BILL/2026/04/0070,0.000,"1,000.000",
2026-04-16,PBNK4/2026/00004,200101 Payables,Intercompany Transfers,Manual Payment: BILL/2026/04/0070,"1,000.000",0.000,486
2026-04-16,PBNK1/2026/00268,100001 Ush BBYN-8001,Intercompany Transfers,Manual Payment: BILL/2026/04/0071,0.000,330.000,
2026-04-16,PBNK1/2026/00268,200101 Payables,Intercompany Transfers,Manual Payment: BILL/2026/04/0071,330.000,0.000,487
2026-04-16,BILL/2026/04/0071,300301 Partner's CA-Fahad Fawaz,Intercompany Transfers,Fahad-Personal A/c,330.000,0.000,
2026-04-16,BILL/2026/04/0071,200101 Payables,Intercompany Transfers,,0.000,330.000,487
2026-04-14,PBNK4/2026/00003,100004 Ush BBYN-8004,Intercompany Transfers,Manual Payment: BILL/2026/04/0070,0.000,"1,000.000",
2026-04-14,PBNK4/2026/00003,200101 Payables,Intercompany Transfers,Manual Payment: BILL/2026/04/0070,"1,000.000",0.000,486
2026-04-14,PBNK1/2026/00111,100001 Ush BBYN-8001,Ali Bahaa,Manual Payment: BILL/2026/04/0032,0.000,25.775,
2026-04-14,PBNK1/2026/00111,200101 Payables,Ali Bahaa,Manual Payment: BILL/2026/04/0032,25.775,0.000,110
2026-04-14,PBNK1/2026/00110,100001 Ush BBYN-8001,The Print Shop Co,Manual Payment: BILL/2026/04/0033,0.000,130.000,
2026-04-14,PBNK1/2026/00110,200101 Payables,The Print Shop Co,Manual Payment: BILL/2026/04/0033,130.000,0.000,109
2026-04-14,PBNK1/2026/00109,100001 Ush BBYN-8001,Thurayia Star,Manual Payment: BILL/2026/04/0034,0.000,15.500,
2026-04-14,PBNK1/2026/00109,200101 Payables,Thurayia Star,Manual Payment: BILL/2026/04/0034,15.500,0.000,108
2026-04-14,PBNK1/2026/00108,100001 Ush BBYN-8001,Ali Bahaa,Manual Payment: BILL/2026/04/0035,0.000,100.000,
2026-04-14,PBNK1/2026/00108,200101 Payables,Ali Bahaa,Manual Payment: BILL/2026/04/0035,100.000,0.000,107
2026-04-14,PBNK1/2026/00107,100001 Ush BBYN-8001,Abdellah Ali Ahmed Mahmoud,Manual Payment: BILL/2026/04/0036,0.000,650.000,
2026-04-14,PBNK1/2026/00107,200101 Payables,Abdellah Ali Ahmed Mahmoud,Manual Payment: BILL/2026/04/0036,650.000,0.000,106
2026-04-14,PBNK1/2026/00106,100001 Ush BBYN-8001,Al Taneeb Trading Company,Manual Payment: BILL/2026/04/0037,0.000,269.500,
2026-04-14,PBNK1/2026/00106,200101 Payables,Al Taneeb Trading Company,Manual Payment: BILL/2026/04/0037,269.500,0.000,105
2026-04-14,BILL/2026/04/0049,500106 Cost of Sales-Consumables,Deema Fawaz AlAdwani,"Purchase flowers,Hibiscus and Lavender",14.000,0.000,
2026-04-14,BILL/2026/04/0049,500704 Printing & Stationary,Deema Fawaz AlAdwani,Payment to Dar al kuwait Purchasing  meeting files against inv no:12519 on 14-04-2026,15.000,0.000,
2026-04-14,BILL/2026/04/0049,500316 Staff Uniforms,Deema Fawaz AlAdwani,Uniform charges,140.000,0.000,
2026-04-14,BILL/2026/04/0049,501112 Subcription-ChiDesk,Deema Fawaz AlAdwani,Chidesk subscription fee,56.000,0.000,
2026-04-14,BILL/2026/04/0049,500105 Cost of Sales-Hospitality,Deema Fawaz AlAdwani,Payment to GR Professional  for Purchase Sugar Stick 5Grms and Cliché for white sugar  against inv no:992 on 07-04-26,45.000,0.000,
2026-04-14,BILL/2026/04/0049,500105 Cost of Sales-Hospitality,Deema Fawaz AlAdwani,Purchase Lemonade 2KG,12.400,0.000,
2026-04-14,BILL/2026/04/0049,500320 Residency & Visa Exp.,Deema Fawaz AlAdwani,Mishel Residancy Transfer Fees (Ikhama)E No:,20.000,0.000,
2026-04-14,BILL/2026/04/0049,100621 LHI-WIP,Deema Fawaz AlAdwani,Purchase Electrical item for ushar sharq-new,268.000,0.000,
2026-04-14,BILL/2026/04/0049,500401 Spa Rent,Deema Fawaz AlAdwani,Payment for Building Haris commission-Sharq,25.000,0.000,
2026-04-14,BILL/2026/04/0049,501103 Spa Maintenance,Deema Fawaz AlAdwani,Painting work Sharq,125.000,0.000,
2026-04-14,BILL/2026/04/0049,200101 Payables,Deema Fawaz AlAdwani,,0.000,720.400,273
2026-04-14,BILL/2026/04/0037,100621 LHI-WIP,Al Taneeb Trading Company,Payment to Al Taneeb Trdng  Co. against inv no:225442- Sanitryware Ush sharq second floor,269.500,0.000,
2026-04-14,BILL/2026/04/0037,200101 Payables,Al Taneeb Trading Company,,0.000,269.500,105
2026-04-14,BILL/2026/04/0036,100621 LHI-WIP,Abdellah Ali Ahmed Mahmoud,Advance for Construction Work-Ush Sharq Second floor,650.000,0.000,
2026-04-14,BILL/2026/04/0036,200101 Payables,Abdellah Ali Ahmed Mahmoud,,0.000,650.000,106
2026-04-14,BILL/2026/04/0035,100051 Petty Cash,Ali Bahaa,Petty cash To Ali,100.000,0.000,
2026-04-14,BILL/2026/04/0035,200101 Payables,Ali Bahaa,,0.000,100.000,107
2026-04-14,BILL/2026/04/0034,500105 Cost of Sales-Hospitality,Thurayia Star,Payment to Thurayia Star for purchase green apple against inv no:2975 on 11-04-26,15.500,0.000,
2026-04-14,BILL/2026/04/0034,200101 Payables,Thurayia Star,,0.000,15.500,108
2026-04-14,BILL/2026/04/0033,500105 Cost of Sales-Hospitality,The Print Shop Co,Payment to The Print Shop Co. for purchase water with name tag against inv no:254 on 13-04-26,130.000,0.000,
2026-04-14,BILL/2026/04/0033,200101 Payables,The Print Shop Co,,0.000,130.000,109
2026-04-14,BILL/2026/04/0032,100051 Petty Cash,Ali Bahaa,Petty cash To Ali,25.775,0.000,
2026-04-14,BILL/2026/04/0032,200101 Payables,Ali Bahaa,,0.000,25.775,110
2026-04-13,PBNK1/2026/00113,100001 Ush BBYN-8001,Mostafa Mahmood Hassan,Manual Payment: BILL/2026/04/0030,0.000,"1,325.000",
2026-04-13,PBNK1/2026/00113,200101 Payables,Mostafa Mahmood Hassan,Manual Payment: BILL/2026/04/0030,"1,325.000",0.000,112
2026-04-13,BILL/2026/04/0031,100621 LHI-WIP,Fahad Al Suwayed Sons,Payment for sanitary ware with lorry fare-Ush Sharq 2nd floor,111.000,0.000,
2026-04-13,BILL/2026/04/0031,200101 Payables,Fahad Al Suwayed Sons,,0.000,111.000,111
2026-04-13,BILL/2026/04/0030,100621 LHI-WIP,Mostafa Mahmood Hassan,Payment to Mostafa Mahmood Hassan for 825 KD remaining on the main contract & 500 KD for AC work report ( we neeed deduct KWD 500 From Mostafa),"1,325.000",0.000,
2026-04-13,BILL/2026/04/0030,200101 Payables,Mostafa Mahmood Hassan,,0.000,"1,325.000",112
2026-04-12,PBNK4/2026/00002,100004 Ush BBYN-8004,Intercompany Transfers,Manual Payment: BILL/2026/04/0070,0.000,"2,000.000",
2026-04-12,PBNK4/2026/00002,200101 Payables,Intercompany Transfers,Manual Payment: BILL/2026/04/0070,"2,000.000",0.000,486
2026-04-12,PBNK1/2026/00117,100001 Ush BBYN-8001,Misc JV,Manual Payment: BILL/2026/04/0026,0.000,92.000,
2026-04-12,PBNK1/2026/00117,200101 Payables,Misc JV,Manual Payment: BILL/2026/04/0026,92.000,0.000,116
2026-04-12,PBNK1/2026/00116,100001 Ush BBYN-8001,Misc JV,Manual Payment: BILL/2026/04/0027,0.000,75.000,
2026-04-12,PBNK1/2026/00116,200101 Payables,Misc JV,Manual Payment: BILL/2026/04/0027,75.000,0.000,115
2026-04-12,PBNK1/2026/00115,100001 Ush BBYN-8001,Oscar Golder Group,Manual Payment: BILL/2026/04/0028,0.000,85.000,
2026-04-12,PBNK1/2026/00115,200101 Payables,Oscar Golder Group,Manual Payment: BILL/2026/04/0028,85.000,0.000,114
2026-04-12,PBNK1/2026/00114,100001 Ush BBYN-8001,Farhan Fahim Mohamed,Manual Payment: BILL/2026/04/0029,0.000,800.000,
2026-04-12,PBNK1/2026/00114,200101 Payables,Farhan Fahim Mohamed,Manual Payment: BILL/2026/04/0029,800.000,0.000,113
2026-04-12,BILL/2026/04/0029,100621 LHI-WIP,Farhan Fahim Mohamed,carpentry work ush sharq second floor,800.000,0.000,
2026-04-12,BILL/2026/04/0029,200101 Payables,Farhan Fahim Mohamed,,0.000,800.000,113
2026-04-12,BILL/2026/04/0028,501103 Spa Maintenance,Oscar Golder Group,Payment to Oscar Golden Group against inv no:,85.000,0.000,
2026-04-12,BILL/2026/04/0028,200101 Payables,Oscar Golder Group,,0.000,85.000,114
2026-04-12,BILL/2026/04/0027,400110 Sales Returns,Misc JV,Customer refund amount,75.000,0.000,
2026-04-12,BILL/2026/04/0027,200101 Payables,Misc JV,,0.000,75.000,115
2026-04-12,BILL/2026/04/0026,501101 Telephone,Misc JV,Payment to Zain-Telephone charges for Feb/Mar-26,92.000,0.000,
2026-04-12,BILL/2026/04/0026,200101 Payables,Misc JV,,0.000,92.000,116
2026-04-11,PCSH2/2026/00008,100051 Petty Cash,Deema Fawaz AlAdwani,Manual Payment: BILL/2026/04/0048,0.000,243.640,
2026-04-11,PCSH2/2026/00008,200101 Payables,Deema Fawaz AlAdwani,Manual Payment: BILL/2026/04/0048,243.640,0.000,272
2026-04-11,PBNK1/2026/00112,100001 Ush BBYN-8001,Fahad Al Suwayed Sons,Manual Payment: BILL/2026/04/0031,0.000,111.000,
2026-04-11,PBNK1/2026/00112,200101 Payables,Fahad Al Suwayed Sons,Manual Payment: BILL/2026/04/0031,111.000,0.000,111
2026-04-09,PCSH1/2026/00004,100051 Petty Cash,Deema Fawaz AlAdwani,Manual Payment: BILL/2026/04/0048,0.000,81.500,
2026-04-09,PCSH1/2026/00004,200101 Payables,Deema Fawaz AlAdwani,Manual Payment: BILL/2026/04/0048,81.500,0.000,272
2026-04-09,PBNK1/2026/00119,100001 Ush BBYN-8001,Thurayia Star,Manual Payment: BILL/2026/04/0024,0.000,30.250,
2026-04-09,PBNK1/2026/00119,200101 Payables,Thurayia Star,Manual Payment: BILL/2026/04/0024,30.250,0.000,118
2026-04-09,PBNK1/2026/00118,100001 Ush BBYN-8001,Samra Al-Yemen,Manual Payment: BILL/2026/04/0025,0.000,57.500,
2026-04-09,PBNK1/2026/00118,200101 Payables,Samra Al-Yemen,Manual Payment: BILL/2026/04/0025,57.500,0.000,117
2026-04-09,BILL/2026/04/0025,500105 Cost of Sales-Hospitality,Samra Al-Yemen,"Payment to Samra Al-Yemen for purchase cashew.walnuts,Almods and Hibiscus against inv no:175804 on 09-04-2026",57.500,0.000,
2026-04-09,BILL/2026/04/0025,200101 Payables,Samra Al-Yemen,,0.000,57.500,117
2026-04-09,BILL/2026/04/0024,500105 Cost of Sales-Hospitality,Thurayia Star,"Payment to Thurayia Star for Purchase Green Apple,Yellow Lemon and Mint against inv no:2931 on 08-04-26",30.250,0.000,
2026-04-09,BILL/2026/04/0024,200101 Payables,Thurayia Star,,0.000,30.250,118
2026-04-08,PBNK1/2026/00124,100001 Ush BBYN-8001,Boushahri Group Trading,Manual Payment: BILL/2026/04/0019,0.000,25.980,
2026-04-08,PBNK1/2026/00124,200101 Payables,Boushahri Group Trading,Manual Payment: BILL/2026/04/0019,25.980,0.000,123
2026-04-08,PBNK1/2026/00123,100001 Ush BBYN-8001,SPA AND MORE FOR GENERAL TRADING COMPANY WLL,Manual Payment: BILL/2026/04/0020,0.000,500.000,
2026-04-08,PBNK1/2026/00123,200101 Payables,SPA AND MORE FOR GENERAL TRADING COMPANY WLL,Manual Payment: BILL/2026/04/0020,500.000,0.000,122
2026-04-08,PBNK1/2026/00122,100001 Ush BBYN-8001,Dr Scent,Manual Payment: BILL/2026/04/0021,0.000,125.000,
2026-04-08,PBNK1/2026/00122,200101 Payables,Dr Scent,Manual Payment: BILL/2026/04/0021,125.000,0.000,121
2026-04-08,PBNK1/2026/00121,100001 Ush BBYN-8001,Marketing JV,Manual Payment: BILL/2026/04/0022,0.000,464.000,
2026-04-08,PBNK1/2026/00121,200101 Payables,Marketing JV,Manual Payment: BILL/2026/04/0022,464.000,0.000,120
2026-04-08,PBNK1/2026/00120,100001 Ush BBYN-8001,Food Choice Gen Trad Co.,Manual Payment: BILL/2026/04/0023,0.000,264.000,
2026-04-08,PBNK1/2026/00120,200101 Payables,Food Choice Gen Trad Co.,Manual Payment: BILL/2026/04/0023,264.000,0.000,119
2026-04-08,PBNK1/2026/00074,100002 Ush BBYN-8002,Intercompany Transfers,Manual Payment: BILL/2026/04/0068,0.000,"1,000.000",
2026-04-08,PBNK1/2026/00074,200101 Payables,Intercompany Transfers,Manual Payment: BILL/2026/04/0068,"1,000.000",0.000,469
2026-04-08,PBNK1/2026/00070,100002 Ush BBYN-8002,Intercompany Transfers,Manual Payment: BILL/2026/04/0067,0.000,0.000,
2026-04-08,PBNK1/2026/00070,200101 Payables,Intercompany Transfers,Manual Payment: BILL/2026/04/0067,0.000,0.000,
2026-04-08,BILL/2026/04/0023,500105 Cost of Sales-Hospitality,Food Choice Gen Trad Co.,"Payment to Food Choice for Purchase Strawberry-1L,Glassco Lemon-700ML and Grenadine Syrup-1L against inv no:26207755 on 07-04-26",264.000,0.000,
2026-04-08,BILL/2026/04/0023,200101 Payables,Food Choice Gen Trad Co.,,0.000,264.000,119
2026-04-08,BILL/2026/04/0022,500701 Marketing-Ad Sponsors,Marketing JV,Payment to instagram sponser,464.000,0.000,
2026-04-08,BILL/2026/04/0022,200101 Payables,Marketing JV,,0.000,464.000,120
2026-04-08,BILL/2026/04/0021,500101 Cost of Goods Sold in Trading,Dr Scent,Payment to DR Scent for purchase Aroma Oil Ginger against inv no:2610004535 on 07-04-26,125.000,0.000,
2026-04-08,BILL/2026/04/0021,200101 Payables,Dr Scent,,0.000,125.000,121
2026-04-08,BILL/2026/04/0020,100621 LHI-WIP,SPA AND MORE FOR GENERAL TRADING COMPANY WLL,Advance Payment to Spa & More (UshSpa SharqSecon floor),500.000,0.000,
2026-04-08,BILL/2026/04/0020,200101 Payables,SPA AND MORE FOR GENERAL TRADING COMPANY WLL,,0.000,500.000,122
2026-04-08,BILL/2026/04/0019,500101 Cost of Goods Sold in Trading,Boushahri Group Trading,Payment to Boushahri Group for purchase Tea & AT-Alu TB Beauty 30g against inv no:4010522551 on 07-04-26,25.980,0.000,
2026-04-08,BILL/2026/04/0019,200101 Payables,Boushahri Group Trading,,0.000,25.980,123
2026-04-07,PBNK3/2026/00019,100003 Ush BBYN-8003,Intercompany Transfers,Manual Payment: BILL/2026/04/0063,0.000,"5,750.000",
2026-04-07,PBNK3/2026/00019,200101 Payables,Intercompany Transfers,Manual Payment: BILL/2026/04/0063,"5,750.000",0.000,432
2026-04-07,PBNK1/2026/00128,100001 Ush BBYN-8001,Rental JV,Manual Payment: BILL/2026/04/0015,0.000,"3,150.000",
2026-04-07,PBNK1/2026/00128,200101 Payables,Rental JV,Manual Payment: BILL/2026/04/0015,"3,150.000",0.000,127
2026-04-07,PBNK1/2026/00126,100001 Ush BBYN-8001,Misc JV,Manual Payment: BILL/2026/04/0017,0.000,3.000,
2026-04-07,PBNK1/2026/00126,200101 Payables,Misc JV,Manual Payment: BILL/2026/04/0017,3.000,0.000,125
2026-04-07,PBNK1/2026/00125,100001 Ush BBYN-8001,Ali Bahaa,Manual Payment: BILL/2026/04/0018,0.000,135.995,
2026-04-07,PBNK1/2026/00125,200101 Payables,Ali Bahaa,Manual Payment: BILL/2026/04/0018,135.995,0.000,124
2026-04-07,BILL/2026/04/0063,104101 Related Party-Refresh Co.,Intercompany Transfers,Ush BBYN-0003,"5,750.000",0.000,
2026-04-07,BILL/2026/04/0063,200101 Payables,Intercompany Transfers,,0.000,"5,750.000",432
2026-04-07,BILL/2026/04/0018,100051 Petty Cash,Ali Bahaa,Petty cash To Ali,135.995,0.000,
2026-04-07,BILL/2026/04/0018,200101 Payables,Ali Bahaa,,0.000,135.995,124
2026-04-07,BILL/2026/04/0017,500908 Other Non-Operating Expenses,Misc JV,Parking Fee,3.000,0.000,
2026-04-07,BILL/2026/04/0017,200101 Payables,Misc JV,,0.000,3.000,125
2026-04-06,PCSH2/2026/00020,100051 Petty Cash,Deema Fawaz AlAdwani,Manual Payment: BILL/2026/03/0047,0.000,0.000,
2026-04-06,PCSH2/2026/00020,200101 Payables,Deema Fawaz AlAdwani,Manual Payment: BILL/2026/03/0047,0.000,0.000,
2026-04-06,PCSH2/2026/00007,100051 Petty Cash,Deema Fawaz AlAdwani,Manual Payment: BILL/2026/03/0047,0.000,797.135,
2026-04-06,PCSH2/2026/00007,200101 Payables,Deema Fawaz AlAdwani,Manual Payment: BILL/2026/03/0047,797.135,0.000,271
2026-04-06,PCSH2/2026/00006,100051 Petty Cash,Deema Fawaz AlAdwani,Manual Payment: BILL/2026/03/0047,0.000,0.000,
2026-04-06,PCSH2/2026/00006,200101 Payables,Deema Fawaz AlAdwani,Manual Payment: BILL/2026/03/0047,0.000,0.000,
2026-04-06,PCSH1/2026/00001,100051 Petty Cash,Deema Fawaz AlAdwani,Manual Payment: BILL/2026/03/0047,0.000,0.000,
2026-04-06,PCSH1/2026/00001,200101 Payables,Deema Fawaz AlAdwani,Manual Payment: BILL/2026/03/0047,0.000,0.000,
2026-04-06,PBNK1/2026/00246,100001 Ush BBYN-8001,Deema Fawaz AlAdwani,Manual Payment: BILL/2026/04/0048,0.000,0.000,
2026-04-06,PBNK1/2026/00246,200101 Payables,Deema Fawaz AlAdwani,Manual Payment: BILL/2026/04/0048,0.000,0.000,
2026-04-06,PBNK1/2026/00134,100001 Ush BBYN-8001,Rental JV,Manual Payment: BILL/2026/04/0009,0.000,280.000,
2026-04-06,PBNK1/2026/00134,200101 Payables,Rental JV,Manual Payment: BILL/2026/04/0009,280.000,0.000,133
2026-04-06,PBNK1/2026/00133,100001 Ush BBYN-8001,Thurayia Star,Manual Payment: BILL/2026/04/0010,0.000,15.500,
2026-04-06,PBNK1/2026/00133,200101 Payables,Thurayia Star,Manual Payment: BILL/2026/04/0010,15.500,0.000,132
2026-04-06,PBNK1/2026/00132,100001 Ush BBYN-8001,Al Shamel Office Supplies,Manual Payment: BILL/2026/04/0011,0.000,23.500,
2026-04-06,PBNK1/2026/00132,200101 Payables,Al Shamel Office Supplies,Manual Payment: BILL/2026/04/0011,23.500,0.000,131
2026-04-06,PBNK1/2026/00131,100001 Ush BBYN-8001,Ali Bahaa,Manual Payment: BILL/2026/04/0012,0.000,915.000,
2026-04-06,PBNK1/2026/00131,200101 Payables,Ali Bahaa,Manual Payment: BILL/2026/04/0012,915.000,0.000,130
2026-04-06,PBNK1/2026/00130,100001 Ush BBYN-8001,JothenPro,Manual Payment: BILL/2026/04/0013,0.000,545.000,
2026-04-06,PBNK1/2026/00130,200101 Payables,JothenPro,Manual Payment: BILL/2026/04/0013,545.000,0.000,129
2026-04-06,PBNK1/2026/00129,100001 Ush BBYN-8001,Blue Diamond Plus Co.,Manual Payment: BILL/2026/04/0014,0.000,454.740,
2026-04-06,PBNK1/2026/00129,200101 Payables,Blue Diamond Plus Co.,Manual Payment: BILL/2026/04/0014,454.740,0.000,128
2026-04-06,PBNK1/2026/00127,100001 Ush BBYN-8001,Misc JV,Manual Payment: BILL/2026/04/0016,0.000,60.000,
2026-04-06,PBNK1/2026/00127,200101 Payables,Misc JV,Manual Payment: BILL/2026/04/0016,60.000,0.000,126
2026-04-06,PBNK1/2026/00073,100002 Ush BBYN-8002,Intercompany Transfers,Manual Payment: BILL/2026/04/0068,0.000,"6,000.000",
2026-04-06,PBNK1/2026/00073,200101 Payables,Intercompany Transfers,Manual Payment: BILL/2026/04/0068,"6,000.000",0.000,469
2026-04-06,MISC/2026/04/0002,400201 Other Income,,Profit,0.000,0.107,
2026-04-06,MISC/2026/04/0002,100051 Petty Cash,,Profit,0.107,0.000,
2026-04-06,BILL/2026/04/0048,500320 Residency & Visa Exp.,Deema Fawaz AlAdwani,BulanSimvisad Residancy Transfer Fees (Healthy Insurance/Ikhama)E No:39,120.000,0.000,
2026-04-06,BILL/2026/04/0048,500110 Smallwares,Deema Fawaz AlAdwani,Purchase MT Premium - Deluxe Electric Warmer Pad,54.000,0.000,
2026-04-06,BILL/2026/04/0048,501105 Cleaning,Deema Fawaz AlAdwani,Purchase Cleaning items,8.220,0.000,
2026-04-06,BILL/2026/04/0048,500106 Cost of Sales-Consumables,Deema Fawaz AlAdwani,Purchase Candles,38.000,0.000,
2026-04-06,BILL/2026/04/0048,501105 Cleaning,Deema Fawaz AlAdwani,Purchase Cleaning items,11.670,0.000,
2026-04-06,BILL/2026/04/0048,500106 Cost of Sales-Consumables,Deema Fawaz AlAdwani,Purchase Maxi Roll,3.250,0.000,
2026-04-06,BILL/2026/04/0048,500106 Cost of Sales-Consumables,Deema Fawaz AlAdwani,Purchase Cleanex,3.500,0.000,
2026-04-06,BILL/2026/04/0048,500106 Cost of Sales-Consumables,Deema Fawaz AlAdwani,Purchase Cleanex,26.500,0.000,
2026-04-06,BILL/2026/04/0048,500704 Printing & Stationary,Deema Fawaz AlAdwani,Purchasing  meeting files,27.500,0.000,
2026-04-06,BILL/2026/04/0048,500106 Cost of Sales-Consumables,Deema Fawaz AlAdwani,Purchase Maxi Roll,32.500,0.000,
2026-04-06,BILL/2026/04/0048,200101 Payables,Deema Fawaz AlAdwani,,0.000,325.140,272
2026-04-06,BILL/2026/04/0016,400110 Sales Returns,Misc JV,Sales Return,60.000,0.000,
2026-04-06,BILL/2026/04/0016,200101 Payables,Misc JV,,0.000,60.000,126
2026-04-06,BILL/2026/04/0015,500401 Spa Rent,Rental JV,Payment to Alenjaz French Co for the rent for Ush Spa Mangaf on 01-02-2026,"2,750.000",0.000,
2026-04-06,BILL/2026/04/0015,500310 Staff Accomodation,Rental JV,Payment to Alenjaz French Co for the rent for Ush Spa Mangaf on 01-02-2026,400.000,0.000,
2026-04-06,BILL/2026/04/0015,200101 Payables,Rental JV,,0.000,"3,150.000",127
2026-04-06,BILL/2026/04/0014,500109 Cost of Sales-Laundry,Blue Diamond Plus Co.,Payment to Blue Diamond Plus Co against inv no:159/160-Laundry Expenses Feb-26,454.740,0.000,
2026-04-06,BILL/2026/04/0014,200101 Payables,Blue Diamond Plus Co.,,0.000,454.740,128
2026-04-06,BILL/2026/04/0013,500101 Cost of Goods Sold in Trading,JothenPro,Payment to Jothern Pro for Purchase Bra and Panities Against Inv no:INV/DST/26049142 07-04-2026,545.000,0.000,
2026-04-06,BILL/2026/04/0013,200101 Payables,JothenPro,,0.000,545.000,129
2026-04-06,BILL/2026/04/0012,100051 Petty Cash,Ali Bahaa,Petty cash To Ali,915.000,0.000,
2026-04-06,BILL/2026/04/0012,200101 Payables,Ali Bahaa,,0.000,915.000,130
2026-04-06,BILL/2026/04/0011,500704 Printing & Stationary,Al Shamel Office Supplies,Payment to Al Shamel Office Supplies against inv no:143018641/42,23.500,0.000,
2026-04-06,BILL/2026/04/0011,200101 Payables,Al Shamel Office Supplies,,0.000,23.500,131
2026-04-06,BILL/2026/04/0010,500105 Cost of Sales-Hospitality,Thurayia Star,Payment to Thurayia Star for Purchase green Apple against inv no:2678 on 03-04-26,15.500,0.000,
2026-04-06,BILL/2026/04/0010,200101 Payables,Thurayia Star,,0.000,15.500,132
2026-04-06,BILL/2026/04/0009,500401 Spa Rent,Rental JV,Rent Ush Store-Sabah Nasser Apr 26,280.000,0.000,
2026-04-06,BILL/2026/04/0009,200101 Payables,Rental JV,,0.000,280.000,133
2026-04-05,PBNK4/2026/00010,100004 Ush BBYN-8004,Sales JV,Manual Payment: INV/2026/00017,0.483,0.000,
2026-04-05,PBNK4/2026/00010,100201 Accounts Receivable,Sales JV,Manual Payment: INV/2026/00017,0.000,0.483,494
2026-04-05,PBNK4/2026/00006,100004 Ush BBYN-8004,Bank Fees,Manual Payment: BILL/2026/07/0041,0.000,0.000,
2026-04-05,PBNK4/2026/00006,200101 Payables,Bank Fees,Manual Payment: BILL/2026/07/0041,0.000,0.000,
2026-04-05,PBNK4/2026/00001,100004 Ush BBYN-8004,Intercompany Transfers,Manual Payment: BILL/2026/04/0070,0.000,"2,250.000",
2026-04-05,PBNK4/2026/00001,200101 Payables,Intercompany Transfers,Manual Payment: BILL/2026/04/0070,"2,250.000",0.000,486
2026-04-05,PBNK1/2026/00136,100001 Ush BBYN-8001,Al-Omaizi Construction Material Co.,Manual Payment: BILL/2026/04/0007,0.000,"2,250.000",
2026-04-05,PBNK1/2026/00136,200101 Payables,Al-Omaizi Construction Material Co.,Manual Payment: BILL/2026/04/0007,"2,250.000",0.000,135
2026-04-05,PBNK1/2026/00135,100001 Ush BBYN-8001,Misc JV,Manual Payment: BILL/2026/04/0008,0.000,30.000,
2026-04-05,PBNK1/2026/00135,200101 Payables,Misc JV,Manual Payment: BILL/2026/04/0008,30.000,0.000,134
2026-04-05,BILL/2026/04/0008,400110 Sales Returns,Misc JV,Sales Return,30.000,0.000,
2026-04-05,BILL/2026/04/0008,200101 Payables,Misc JV,,0.000,30.000,134
2026-04-05,BILL/2026/04/0007,100621 LHI-WIP,Al-Omaizi Construction Material Co.,Purchase 3 jakozi from Al-Omaizi Construction Material Co. inv no:3-1328 for new branch ush spa,"2,250.000",0.000,
2026-04-05,BILL/2026/04/0007,200101 Payables,Al-Omaizi Construction Material Co.,,0.000,"2,250.000",135
2026-04-04,PCSH1/2026/00003,100051 Petty Cash,Deema Fawaz AlAdwani,Manual Payment: BILL/2026/03/0047,0.000,303.000,
2026-04-04,PCSH1/2026/00003,200101 Payables,Deema Fawaz AlAdwani,Manual Payment: BILL/2026/03/0047,303.000,0.000,271
2026-04-04,PCSH1/2026/00002,100051 Petty Cash,Deema Fawaz AlAdwani,Manual Payment: BILL/2026/03/0047,0.000,0.000,
2026-04-04,PCSH1/2026/00002,200101 Payables,Deema Fawaz AlAdwani,Manual Payment: BILL/2026/03/0047,0.000,0.000,
2026-04-03,PBNK1/2026/00245,100001 Ush BBYN-8001,Suspense JV,Manual Payment: BILL/2026/04/0006,0.000,6.000,
2026-04-03,PBNK1/2026/00245,200101 Payables,Suspense JV,Manual Payment: BILL/2026/04/0006,6.000,0.000,244
2026-04-03,PBNK1/2026/00069,100002 Ush BBYN-8002,Intercompany Transfers,Manual Payment: BILL/2026/04/0067,0.000,0.000,
2026-04-03,PBNK1/2026/00069,200101 Payables,Intercompany Transfers,Manual Payment: BILL/2026/04/0067,0.000,0.000,
2026-04-03,BILL/2026/04/0006,100102 Bank Suspense Account,Suspense JV,Suspense A/c,6.000,0.000,
2026-04-03,BILL/2026/04/0006,200101 Payables,Suspense JV,,0.000,6.000,244
2026-04-01,PCSH3/2026/00014,300301 Partner's CA-Fahad Fawaz,Staff Expenses JV,Manual Payment: 0326,0.000,"9,706.000",
2026-04-01,PCSH3/2026/00014,200101 Payables,Staff Expenses JV,Manual Payment: 0326,"9,706.000",0.000,544
2026-04-01,PBNK3/2026/00018,100003 Ush BBYN-8003,Intercompany Transfers,Manual Payment: BILL/2026/04/0062,0.000,"2,000.000",
2026-04-01,PBNK3/2026/00018,200101 Payables,Intercompany Transfers,Manual Payment: BILL/2026/04/0062,"2,000.000",0.000,431
2026-04-01,PBNK3/2026/00017,100003 Ush BBYN-8003,Bank Fees,Manual Payment: BILL/2026/04/0061,0.000,20.000,
2026-04-01,PBNK3/2026/00017,200101 Payables,Bank Fees,Manual Payment: BILL/2026/04/0061,20.000,0.000,430
2026-04-01,PBNK1/2026/00244,100001 Ush BBYN-8001,Suspense JV,Manual Payment: BILL/2026/04/0002,0.000,220.000,
2026-04-01,PBNK1/2026/00244,200101 Payables,Suspense JV,Manual Payment: BILL/2026/04/0002,220.000,0.000,243
2026-04-01,PBNK1/2026/00140,100001 Ush BBYN-8001,Deema Fawaz AlAdwani,Manual Payment: BILL/2026/04/0001,0.000,200.000,
2026-04-01,PBNK1/2026/00140,200101 Payables,Deema Fawaz AlAdwani,Manual Payment: BILL/2026/04/0001,200.000,0.000,139
2026-04-01,PBNK1/2026/00139,100001 Ush BBYN-8001,Misc JV,Manual Payment: BILL/2026/04/0003,0.000,142.000,
2026-04-01,PBNK1/2026/00139,200101 Payables,Misc JV,Manual Payment: BILL/2026/04/0003,142.000,0.000,138
2026-04-01,PBNK1/2026/00138,100001 Ush BBYN-8001,Suspense JV,Manual Payment: BILL/2026/04/0004,0.000,250.000,
2026-04-01,PBNK1/2026/00138,200101 Payables,Suspense JV,Manual Payment: BILL/2026/04/0004,250.000,0.000,137
2026-04-01,PBNK1/2026/00137,100001 Ush BBYN-8001,Suspense JV,Manual Payment: BILL/2026/04/0005,0.000,800.000,
2026-04-01,PBNK1/2026/00137,200101 Payables,Suspense JV,Manual Payment: BILL/2026/04/0005,800.000,0.000,136
2026-04-01,PBNK1/2026/00080,100002 Ush BBYN-8002,Bank Fees,Manual Payment: BILL/2026/04/0064,0.000,20.000,
2026-04-01,PBNK1/2026/00080,200101 Payables,Bank Fees,Manual Payment: BILL/2026/04/0064,20.000,0.000,465
2026-04-01,PBNK1/2026/00078,100002 Ush BBYN-8002,Intercompany Transfers,Manual Payment: BILL/2026/04/0069,0.000,"4,860.000",
2026-04-01,PBNK1/2026/00078,200101 Payables,Intercompany Transfers,Manual Payment: BILL/2026/04/0069,"4,860.000",0.000,471
2026-04-01,PBNK1/2026/00077,100002 Ush BBYN-8002,Intercompany Transfers,Manual Payment: BILL/2026/04/0069,0.000,"4,870.000",
2026-04-01,PBNK1/2026/00077,200101 Payables,Intercompany Transfers,Manual Payment: BILL/2026/04/0069,"4,870.000",0.000,471
2026-04-01,PBNK1/2026/00072,100002 Ush BBYN-8002,Intercompany Transfers,Manual Payment: BILL/2026/04/0068,0.000,200.000,
2026-04-01,PBNK1/2026/00072,200101 Payables,Intercompany Transfers,Manual Payment: BILL/2026/04/0068,200.000,0.000,469
2026-04-01,PBNK1/2026/00068,100002 Ush BBYN-8002,Intercompany Transfers,Manual Payment: BILL/2026/04/0067,0.000,0.000,
2026-04-01,PBNK1/2026/00068,200101 Payables,Intercompany Transfers,Manual Payment: BILL/2026/04/0067,0.000,0.000,
2026-04-01,PBNK1/2026/00019,100002 Ush BBYN-8002,Sales JV,Manual Payment: INV/2026/00005,"37,950.289",0.000,
2026-04-01,PBNK1/2026/00019,100201 Accounts Receivable,Sales JV,Manual Payment: INV/2026/00005,0.000,"37,950.289",
2026-04-01,INV/2026/00005,400101 Sales-Spa,Sales JV,Cash Sales for the month,0.000,530.000,
2026-04-01,INV/2026/00005,400101 Sales-Spa,Sales JV,Deema Sales for the month,0.000,277.736,
2026-04-01,INV/2026/00005,400101 Sales-Spa,Sales JV,GCC Sales for the month,0.000,70.920,
2026-04-01,INV/2026/00005,400101 Sales-Spa,Sales JV,Knet Sales for the month,0.000,"20,164.500",
2026-04-01,INV/2026/00005,400101 Sales-Spa,Sales JV,Link Sales for the month,0.000,"12,038.410",
2026-04-01,INV/2026/00005,400101 Sales-Spa,Sales JV,Master Visa Sales for the month,0.000,"5,018.983",
2026-04-01,INV/2026/00005,400201 Other Income,Sales JV,Other Income for the month,0.000,3.000,
2026-04-01,INV/2026/00005,500602 Knet Fees,Sales JV,Knet Charges,40.330,0.000,
2026-04-01,INV/2026/00005,500603 Visa/MC Fees,Sales JV,MCC/Visa Charges,112.930,0.000,
2026-04-01,INV/2026/00005,100201 Accounts Receivable,Sales JV,BBYN-02 - INV/2026/00005,"37,950.289",0.000,
2026-04-01,BILL/2026/04/0064,500601 Bank Fees,Bank Fees,Bank Charges-POS,10.000,0.000,
2026-04-01,BILL/2026/04/0064,500601 Bank Fees,Bank Fees,Bank Charges-POS,10.000,0.000,
2026-04-01,BILL/2026/04/0064,200101 Payables,Bank Fees,,0.000,20.000,465
2026-04-01,BILL/2026/04/0062,100001 Ush BBYN-8001,Intercompany Transfers,Ush BBYN-0001,"2,000.000",0.000,
2026-04-01,BILL/2026/04/0062,200101 Payables,Intercompany Transfers,,0.000,"2,000.000",431
2026-04-01,BILL/2026/04/0061,500601 Bank Fees,Bank Fees,Bank Charges-POS,10.000,0.000,
2026-04-01,BILL/2026/04/0061,500601 Bank Fees,Bank Fees,Bank Charges-POS,10.000,0.000,
2026-04-01,BILL/2026/04/0061,200101 Payables,Bank Fees,,0.000,20.000,430
2026-04-01,BILL/2026/04/0005,500301 Basic Salary,Suspense JV,Suspense A/c,800.000,0.000,
2026-04-01,BILL/2026/04/0005,200101 Payables,Suspense JV,,0.000,800.000,136
2026-04-01,BILL/2026/04/0004,500701 Marketing-Ad Sponsors,Suspense JV,Suspense A/c,250.000,0.000,
2026-04-01,BILL/2026/04/0004,200101 Payables,Suspense JV,,0.000,250.000,137
2026-04-01,BILL/2026/04/0003,501116 Charity Expenses,Misc JV,Donation for Mosque's Imaam in Sabah Naser,142.000,0.000,
2026-04-01,BILL/2026/04/0003,200101 Payables,Misc JV,,0.000,142.000,138
2026-04-01,BILL/2026/04/0002,100102 Bank Suspense Account,Suspense JV,Suspense A/c,220.000,0.000,
2026-04-01,BILL/2026/04/0002,200101 Payables,Suspense JV,,0.000,220.000,243
2026-04-01,BILL/2026/04/0001,100051 Petty Cash,Deema Fawaz AlAdwani,Petty cash transferred to Deema,200.000,0.000,
2026-04-01,BILL/2026/04/0001,200101 Payables,Deema Fawaz AlAdwani,,0.000,200.000,139
2026-03-31,PBNK3/2026/00013,100003 Ush BBYN-8003,Sales JV,Manual Payment: INV/2026/00014,"8,114.360",0.000,
2026-03-31,PBNK3/2026/00013,100201 Accounts Receivable,Sales JV,Manual Payment: INV/2026/00014,0.000,"8,114.360",426
2026-03-31,PBNK1/2026/00242,100001 Ush BBYN-8001,Ali Bahaa,Manual Payment: BILL/2026/03/0046,0.000,0.000,
2026-03-31,PBNK1/2026/00242,200101 Payables,Ali Bahaa,Manual Payment: BILL/2026/03/0046,0.000,0.000,
2026-03-31,PBNK1/2026/00065,100002 Ush BBYN-8002,Intercompany Transfers,Manual Payment: BILL/2026/03/0058,0.000,"2,500.000",
2026-03-31,PBNK1/2026/00065,200101 Payables,Intercompany Transfers,Manual Payment: BILL/2026/03/0058,"2,500.000",0.000,464
2026-03-31,PBNK1/2026/00053,100002 Ush BBYN-8002,Bank Fees,Manual Payment: BILL/2026/03/0053,0.000,61.750,
2026-03-31,PBNK1/2026/00053,200101 Payables,Bank Fees,Manual Payment: BILL/2026/03/0053,61.750,0.000,459
2026-03-31,MISC/2026/03/0001,500332 Leave Salary,,leave for the month,669.288,0.000,
2026-03-31,MISC/2026/03/0001,200502 Leave Days Provision,,leave for the month`,0.000,669.288,
2026-03-31,MISC/2026/03/0001,500331 End of Service Indemnity,,Indemnity for the month,330.455,0.000,
2026-03-31,MISC/2026/03/0001,200503 End of Service Provision,,Indemnity for the month,0.000,330.455,
2026-03-31,INV/2026/00014,400101 Sales-Spa,Sales JV,Cash Sales for the month,0.000,490.000,
2026-03-31,INV/2026/00014,400101 Sales-Spa,Sales JV,Deema Sales for the month,0.000,0.000,
2026-03-31,INV/2026/00014,400101 Sales-Spa,Sales JV,GCC Sales for the month,0.000,0.000,
2026-03-31,INV/2026/00014,400101 Sales-Spa,Sales JV,Knet Sales for the month,0.000,"5,829.600",
2026-03-31,INV/2026/00014,400101 Sales-Spa,Sales JV,Link Sales for the month,0.000,44.000,
2026-03-31,INV/2026/00014,400101 Sales-Spa,Sales JV,Master Visa Sales for the month,0.000,"1,802.990",
2026-03-31,INV/2026/00014,400101 Sales-Spa,Sales JV,My Fatoorah Sale for month,0.000,0.000,
2026-03-31,INV/2026/00014,400101 Sales-Spa,Sales JV,Tap Sales for month,0.000,0.000,
2026-03-31,INV/2026/00014,500320 Residency & Visa Exp.,Sales JV,Visa Expenses,0.000,0.000,
2026-03-31,INV/2026/00014,500602 Knet Fees,Sales JV,Knet Charges,11.660,0.000,
2026-03-31,INV/2026/00014,500603 Visa/MC Fees,Sales JV,MCC/Visa Charges,40.570,0.000,
2026-03-31,INV/2026/00014,100201 Accounts Receivable,Sales JV,INV/2026/00014,"8,114.360",0.000,426
2026-03-31,BILL/2026/03/0058,300301 Partner's CA-Fahad Fawaz,Intercompany Transfers,Fahad-Personal A/c,"2,500.000",0.000,
2026-03-31,BILL/2026/03/0058,200101 Payables,Intercompany Transfers,,0.000,"2,500.000",464
2026-03-31,BILL/2026/03/0053,500601 Bank Fees,Bank Fees,Transaction Fees,61.750,0.000,
2026-03-31,BILL/2026/03/0053,200101 Payables,Bank Fees,,0.000,61.750,459
2026-03-31,BILL/2026/03/0048,500301 Basic Salary,Staff Expenses JV,Basic Salary,"8,984.000",0.000,
2026-03-31,BILL/2026/03/0048,500306 Sales Commission,Staff Expenses JV,Commission,"1,044.000",0.000,
2026-03-31,BILL/2026/03/0048,500308 Staff Overtime,Staff Expenses JV,Over Time,56.000,0.000,
2026-03-31,BILL/2026/03/0048,204101 Due to Related Party-Refresh Co.,Staff Expenses JV,Salary By REFRESH,0.000,625.000,
2026-03-31,BILL/2026/03/0048,104101 Related Party-Refresh Co.,Staff Expenses JV,Salary On Behalf of Refresh,247.000,0.000,
2026-03-31,BILL/2026/03/0048,200101 Payables,Staff Expenses JV,0326,0.000,"9,706.000",544
2026-03-31,BILL/2026/03/0047,500105 Cost of Sales-Hospitality,Deema Fawaz AlAdwani,Supplier payment,37.500,0.000,
2026-03-31,BILL/2026/03/0047,500105 Cost of Sales-Hospitality,Deema Fawaz AlAdwani,Payment to Thurayia Star for Purchase green Apple against inv no:4842/4893 on 26-03-26,41.500,0.000,
2026-03-31,BILL/2026/03/0047,500105 Cost of Sales-Hospitality,Deema Fawaz AlAdwani,Purchase Green Apple,2.135,0.000,
2026-03-31,BILL/2026/03/0047,500301 Basic Salary,Deema Fawaz AlAdwani,Deema Salary for Mar-26,200.000,0.000,
2026-03-31,BILL/2026/03/0047,500106 Cost of Sales-Consumables,Deema Fawaz AlAdwani,Payment to Purchase Jing Bath Foam against inv no:5251720643423 on 04-04-26,24.000,0.000,
2026-03-31,BILL/2026/03/0047,500320 Residency & Visa Exp.,Deema Fawaz AlAdwani,Niluh Sariastiti Residancy Transfer Fees (Work Permission/Healthy Insurance/Ikhama/Civil ID)E No:42,185.000,0.000,
2026-03-31,BILL/2026/03/0047,500320 Residency & Visa Exp.,Deema Fawaz AlAdwani,Misraim Malco Residancy Transfer Fees (Work Permission/Healthy Insurance/Ikhama/Civil ID)E No:41,185.000,0.000,
2026-03-31,BILL/2026/03/0047,500320 Residency & Visa Exp.,Deema Fawaz AlAdwani,Michelle Bacalan Residancy Transfer Fees (Work Permission/Healthy Insurance/Ikhama/Civil ID)E No:40,185.000,0.000,
2026-03-31,BILL/2026/03/0047,500320 Residency & Visa Exp.,Deema Fawaz AlAdwani,Rampai Wasamula Residancy Transfer Fees (Healthy Insurance/Ikhama)E No:38,120.000,0.000,
2026-03-31,BILL/2026/03/0047,500320 Residency & Visa Exp.,Deema Fawaz AlAdwani,Thanwarat Chaiyawet Residancy Transfer Fees (Healthy Insurance/Ikhama)E No:37,120.000,0.000,
2026-03-31,BILL/2026/03/0047,200101 Payables,Deema Fawaz AlAdwani,,0.000,"1,100.135",271
2026-03-29,PBNK3/2026/00020,100003 Ush BBYN-8003,Bank Fees,Manual Payment: BILL/2026/03/0051,0.000,0.250,
2026-03-29,PBNK3/2026/00020,200101 Payables,Bank Fees,Manual Payment: BILL/2026/03/0051,0.250,0.000,433
2026-03-29,PBNK1/2026/00142,100001 Ush BBYN-8001,Misc JV,Manual Payment: BILL/2026/03/0043,0.000,460.000,
2026-03-29,PBNK1/2026/00142,200101 Payables,Misc JV,Manual Payment: BILL/2026/03/0043,460.000,0.000,141
2026-03-29,PBNK1/2026/00141,100001 Ush BBYN-8001,Misc JV,Manual Payment: BILL/2026/03/0044,0.000,75.000,
2026-03-29,PBNK1/2026/00141,200101 Payables,Misc JV,Manual Payment: BILL/2026/03/0044,75.000,0.000,140
2026-03-29,PBNK1/2026/00063,100002 Ush BBYN-8002,Intercompany Transfers,Manual Payment: BILL/2026/03/0056,0.000,"10,000.000",
2026-03-29,PBNK1/2026/00063,200101 Payables,Intercompany Transfers,Manual Payment: BILL/2026/03/0056,"10,000.000",0.000,462
2026-03-29,PBNK1/2026/00062,100002 Ush BBYN-8002,Intercompany Transfers,Manual Payment: BILL/2026/03/0055,0.000,500.000,
2026-03-29,PBNK1/2026/00062,200101 Payables,Intercompany Transfers,Manual Payment: BILL/2026/03/0055,500.000,0.000,461
2026-03-29,BILL/2026/03/0056,100004 Ush BBYN-8004,Intercompany Transfers,Interbank Transfer,"10,000.000",0.000,
2026-03-29,BILL/2026/03/0056,200101 Payables,Intercompany Transfers,,0.000,"10,000.000",462
2026-03-29,BILL/2026/03/0055,100001 Ush BBYN-8001,Intercompany Transfers,Interbank Transfer,"17,120.000",0.000,
2026-03-29,BILL/2026/03/0055,200101 Payables,Intercompany Transfers,,0.000,"17,120.000",461
2026-03-29,BILL/2026/03/0051,500601 Bank Fees,Bank Fees,Bank Charges-POS,0.250,0.000,
2026-03-29,BILL/2026/03/0051,200101 Payables,Bank Fees,,0.000,0.250,433
2026-03-29,BILL/2026/03/0044,500110 Smallwares,Misc JV,,75.000,0.000,
2026-03-29,BILL/2026/03/0044,200101 Payables,Misc JV,,0.000,75.000,140
2026-03-29,BILL/2026/03/0043,500701 Marketing-Ad Sponsors,Misc JV,,460.000,0.000,
2026-03-29,BILL/2026/03/0043,200101 Payables,Misc JV,,0.000,460.000,141
2026-03-27,PBNK1/2026/00144,100001 Ush BBYN-8001,Rental JV,Manual Payment: BILL/2026/03/0036,0.000,450.000,
2026-03-27,PBNK1/2026/00144,200101 Payables,Rental JV,Manual Payment: BILL/2026/03/0036,450.000,0.000,143
2026-03-27,PBNK1/2026/00143,100001 Ush BBYN-8001,Misc JV,Manual Payment: BILL/2026/03/0042,0.000,125.000,
2026-03-27,PBNK1/2026/00143,200101 Payables,Misc JV,Manual Payment: BILL/2026/03/0042,125.000,0.000,142
2026-03-27,PBNK1/2026/00061,100002 Ush BBYN-8002,Intercompany Transfers,Manual Payment: BILL/2026/03/0055,0.000,"1,000.000",
2026-03-27,PBNK1/2026/00061,200101 Payables,Intercompany Transfers,Manual Payment: BILL/2026/03/0055,"1,000.000",0.000,461
2026-03-27,BILL/2026/03/0042,500701 Marketing-Ad Sponsors,Misc JV,,125.000,0.000,
2026-03-27,BILL/2026/03/0042,200101 Payables,Misc JV,,0.000,125.000,142
2026-03-27,BILL/2026/03/0036,500401 Spa Rent,Rental JV,Rent for Office for Mar-26,450.000,0.000,
2026-03-27,BILL/2026/03/0036,200101 Payables,Rental JV,,0.000,450.000,143
2026-03-25,PBNK1/2026/00147,100001 Ush BBYN-8001,Misc JV,Manual Payment: BILL/2026/03/0039,0.000,57.750,
2026-03-25,PBNK1/2026/00147,200101 Payables,Misc JV,Manual Payment: BILL/2026/03/0039,57.750,0.000,146
2026-03-25,PBNK1/2026/00146,100001 Ush BBYN-8001,Misc JV,Manual Payment: BILL/2026/03/0040,0.000,15.750,
2026-03-25,PBNK1/2026/00146,200101 Payables,Misc JV,Manual Payment: BILL/2026/03/0040,15.750,0.000,145
2026-03-25,PBNK1/2026/00145,100001 Ush BBYN-8001,Misc JV,Manual Payment: BILL/2026/03/0041,0.000,503.720,
2026-03-25,PBNK1/2026/00145,200101 Payables,Misc JV,Manual Payment: BILL/2026/03/0041,503.720,0.000,144
2026-03-25,PBNK1/2026/00060,100002 Ush BBYN-8002,Intercompany Transfers,Manual Payment: BILL/2026/03/0055,0.000,520.000,
2026-03-25,PBNK1/2026/00060,200101 Payables,Intercompany Transfers,Manual Payment: BILL/2026/03/0055,520.000,0.000,461
2026-03-25,BILL/2026/03/0041,500102 Cost Of Goods Sold I/C Sales,Misc JV,,503.720,0.000,
2026-03-25,BILL/2026/03/0041,200101 Payables,Misc JV,,0.000,503.720,144
2026-03-25,BILL/2026/03/0040,500106 Cost of Sales-Consumables,Misc JV,,15.750,0.000,
2026-03-25,BILL/2026/03/0040,200101 Payables,Misc JV,,0.000,15.750,145
2026-03-25,BILL/2026/03/0039,100051 Petty Cash,Misc JV,,57.750,0.000,
2026-03-25,BILL/2026/03/0039,200101 Payables,Misc JV,,0.000,57.750,146
2026-03-24,PBNK1/2026/00237,100001 Ush BBYN-8001,Misc JV,Manual Payment: BILL/2026/03/0038,0.000,8.000,
2026-03-24,PBNK1/2026/00237,200101 Payables,Misc JV,Manual Payment: BILL/2026/03/0038,8.000,0.000,236
2026-03-24,PBNK1/2026/00236,100001 Ush BBYN-8001,Misc JV,Manual Payment: BILL/2026/03/0037,0.000,24.000,
2026-03-24,PBNK1/2026/00236,200101 Payables,Misc JV,Manual Payment: BILL/2026/03/0037,24.000,0.000,235
2026-03-24,BILL/2026/03/0038,100102 Bank Suspense Account,Misc JV,,8.000,0.000,
2026-03-24,BILL/2026/03/0038,200101 Payables,Misc JV,,0.000,8.000,236
2026-03-24,BILL/2026/03/0037,100102 Bank Suspense Account,Misc JV,,24.000,0.000,
2026-03-24,BILL/2026/03/0037,200101 Payables,Misc JV,,0.000,24.000,235
2026-03-20,PBNK1/2026/00235,100001 Ush BBYN-8001,Misc JV,Manual Payment: BILL/2026/03/0034,0.000,32.000,
2026-03-20,PBNK1/2026/00235,200101 Payables,Misc JV,Manual Payment: BILL/2026/03/0034,32.000,0.000,234
2026-03-20,PBNK1/2026/00148,100001 Ush BBYN-8001,Misc JV,Manual Payment: BILL/2026/03/0035,0.000,460.000,
2026-03-20,PBNK1/2026/00148,200101 Payables,Misc JV,Manual Payment: BILL/2026/03/0035,460.000,0.000,147
2026-03-20,PBNK1/2026/00059,100002 Ush BBYN-8002,Intercompany Transfers,Manual Payment: BILL/2026/03/0055,0.000,500.000,
2026-03-20,PBNK1/2026/00059,200101 Payables,Intercompany Transfers,Manual Payment: BILL/2026/03/0055,500.000,0.000,461
2026-03-20,BILL/2026/03/0035,500701 Marketing-Ad Sponsors,Misc JV,,460.000,0.000,
2026-03-20,BILL/2026/03/0035,200101 Payables,Misc JV,,0.000,460.000,147
2026-03-20,BILL/2026/03/0034,100102 Bank Suspense Account,Misc JV,,32.000,0.000,
2026-03-20,BILL/2026/03/0034,200101 Payables,Misc JV,,0.000,32.000,234
2026-03-17,PCSH2/2026/00005,100051 Petty Cash,Ali Bahaa,Manual Payment: BILL/2026/03/0046,0.000,57.750,
2026-03-17,PCSH2/2026/00005,200101 Payables,Ali Bahaa,Manual Payment: BILL/2026/03/0046,57.750,0.000,270
2026-03-16,BILL/2026/03/0046,500106 Cost of Sales-Consumables,Ali Bahaa,Hamam Bath foam,12.000,0.000,
2026-03-16,BILL/2026/03/0046,500321 Staff Medical Card,Ali Bahaa,Baladiya Health card for Loregene Zabala (E No:32) Rcpt no: 133 and Maricho Rubin (E No:31) Rcpt no:135,20.000,0.000,
2026-03-16,BILL/2026/03/0046,500106 Cost of Sales-Consumables,Ali Bahaa,Jacuzzi Oil and Indigo Powder,5.750,0.000,
2026-03-16,BILL/2026/03/0046,500321 Staff Medical Card,Ali Bahaa,Baladiya Health card for Jinkee Fabroa (E No:33) Rcpt no:180 and Lorna Cornea,20.000,0.000,
2026-03-16,BILL/2026/03/0046,200101 Payables,Ali Bahaa,,0.000,57.750,270
2026-03-15,PCSH2/2026/00004,100051 Petty Cash,Ali Bahaa,Manual Payment: BILL/2026/02/0019,0.000,506.885,
2026-03-15,PCSH2/2026/00004,200101 Payables,Ali Bahaa,Manual Payment: BILL/2026/02/0019,506.885,0.000,269
2026-03-15,PBNK1/2026/00241,100001 Ush BBYN-8001,Ali Bahaa,Manual Payment: BILL/2026/02/0019,0.000,0.000,
2026-03-15,PBNK1/2026/00241,200101 Payables,Ali Bahaa,Manual Payment: BILL/2026/02/0019,0.000,0.000,
2026-03-14,PBNK1/2026/00234,100001 Ush BBYN-8001,Misc JV,Manual Payment: BILL/2026/03/0032,0.000,25.250,
2026-03-14,PBNK1/2026/00234,200101 Payables,Misc JV,Manual Payment: BILL/2026/03/0032,25.250,0.000,233
2026-03-14,PBNK1/2026/00233,100001 Ush BBYN-8001,Misc JV,Manual Payment: BILL/2026/03/0031,0.000,30.000,
2026-03-14,PBNK1/2026/00233,200101 Payables,Misc JV,Manual Payment: BILL/2026/03/0031,30.000,0.000,232
2026-03-14,PBNK1/2026/00232,100001 Ush BBYN-8001,Misc JV,Manual Payment: BILL/2026/03/0030,0.000,20.000,
2026-03-14,PBNK1/2026/00232,200101 Payables,Misc JV,Manual Payment: BILL/2026/03/0030,20.000,0.000,231
2026-03-14,PBNK1/2026/00231,100001 Ush BBYN-8001,Misc JV,Manual Payment: BILL/2026/03/0029,0.000,21.000,
2026-03-14,PBNK1/2026/00231,200101 Payables,Misc JV,Manual Payment: BILL/2026/03/0029,21.000,0.000,230
2026-03-14,PBNK1/2026/00230,100001 Ush BBYN-8001,Misc JV,Manual Payment: BILL/2026/03/0028,0.000,51.624,
2026-03-14,PBNK1/2026/00230,200101 Payables,Misc JV,Manual Payment: BILL/2026/03/0028,51.624,0.000,229
2026-03-14,PBNK1/2026/00229,100001 Ush BBYN-8001,Misc JV,Manual Payment: BILL/2026/03/0027,0.000,96.000,
2026-03-14,PBNK1/2026/00229,200101 Payables,Misc JV,Manual Payment: BILL/2026/03/0027,96.000,0.000,228
2026-03-14,PBNK1/2026/00228,100001 Ush BBYN-8001,Misc JV,Manual Payment: BILL/2026/03/0026,0.000,58.820,
2026-03-14,PBNK1/2026/00228,200101 Payables,Misc JV,Manual Payment: BILL/2026/03/0026,58.820,0.000,227
2026-03-14,PBNK1/2026/00149,100001 Ush BBYN-8001,Misc JV,Manual Payment: BILL/2026/03/0033,0.000,180.000,
2026-03-14,PBNK1/2026/00149,200101 Payables,Misc JV,Manual Payment: BILL/2026/03/0033,180.000,0.000,148
2026-03-14,PBNK1/2026/00058,100002 Ush BBYN-8002,Intercompany Transfers,Manual Payment: BILL/2026/03/0055,0.000,500.000,
2026-03-14,PBNK1/2026/00058,200101 Payables,Intercompany Transfers,Manual Payment: BILL/2026/03/0055,500.000,0.000,461
2026-03-14,BILL/2026/03/0033,100051 Petty Cash,Misc JV,,180.000,0.000,
2026-03-14,BILL/2026/03/0033,200101 Payables,Misc JV,,0.000,180.000,148
2026-03-14,BILL/2026/03/0032,100102 Bank Suspense Account,Misc JV,,25.250,0.000,
2026-03-14,BILL/2026/03/0032,200101 Payables,Misc JV,,0.000,25.250,233
2026-03-14,BILL/2026/03/0031,100102 Bank Suspense Account,Misc JV,,30.000,0.000,
2026-03-14,BILL/2026/03/0031,200101 Payables,Misc JV,,0.000,30.000,232
2026-03-14,BILL/2026/03/0030,100102 Bank Suspense Account,Misc JV,,20.000,0.000,
2026-03-14,BILL/2026/03/0030,200101 Payables,Misc JV,,0.000,20.000,231
2026-03-14,BILL/2026/03/0029,100102 Bank Suspense Account,Misc JV,,21.000,0.000,
2026-03-14,BILL/2026/03/0029,200101 Payables,Misc JV,,0.000,21.000,230
2026-03-14,BILL/2026/03/0028,100102 Bank Suspense Account,Misc JV,,51.624,0.000,
2026-03-14,BILL/2026/03/0028,200101 Payables,Misc JV,,0.000,51.624,229
2026-03-14,BILL/2026/03/0027,100102 Bank Suspense Account,Misc JV,,96.000,0.000,
2026-03-14,BILL/2026/03/0027,200101 Payables,Misc JV,,0.000,96.000,228
2026-03-14,BILL/2026/03/0026,100102 Bank Suspense Account,Misc JV,,58.820,0.000,
2026-03-14,BILL/2026/03/0026,200101 Payables,Misc JV,,0.000,58.820,227
2026-03-13,PBNK1/2026/00227,100001 Ush BBYN-8001,Misc JV,Manual Payment: BILL/2026/03/0025,0.000,37.500,
2026-03-13,PBNK1/2026/00227,200101 Payables,Misc JV,Manual Payment: BILL/2026/03/0025,37.500,0.000,226
2026-03-13,PBNK1/2026/00226,100001 Ush BBYN-8001,Misc JV,Manual Payment: BILL/2026/03/0024,0.000,56.000,
2026-03-13,PBNK1/2026/00226,200101 Payables,Misc JV,Manual Payment: BILL/2026/03/0024,56.000,0.000,225
2026-03-13,BILL/2026/03/0025,100102 Bank Suspense Account,Misc JV,,37.500,0.000,
2026-03-13,BILL/2026/03/0025,200101 Payables,Misc JV,,0.000,37.500,226
2026-03-13,BILL/2026/03/0024,100102 Bank Suspense Account,Misc JV,,56.000,0.000,
2026-03-13,BILL/2026/03/0024,200101 Payables,Misc JV,,0.000,56.000,225
2026-03-11,PBNK1/2026/00150,100001 Ush BBYN-8001,Misc JV,Manual Payment: BILL/2026/03/0023,0.000,460.000,
2026-03-11,PBNK1/2026/00150,200101 Payables,Misc JV,Manual Payment: BILL/2026/03/0023,460.000,0.000,149
2026-03-11,MISC/2026/03/0002,300301 Partner's CA-Fahad Fawaz,,petty cash,0.000,58.820,
2026-03-11,MISC/2026/03/0002,100051 Petty Cash,,petty cash,14.880,0.000,
2026-03-11,MISC/2026/03/0002,100051 Petty Cash,,petty cash,43.940,0.000,
2026-03-11,BILL/2026/03/0023,500701 Marketing-Ad Sponsors,Misc JV,,460.000,0.000,
2026-03-11,BILL/2026/03/0023,200101 Payables,Misc JV,,0.000,460.000,149
2026-03-08,PBNK1/2026/00151,100001 Ush BBYN-8001,Deema Fawaz AlAdwani,Manual Payment: BILL/2026/03/0045,0.000,250.000,
2026-03-08,PBNK1/2026/00151,200101 Payables,Deema Fawaz AlAdwani,Manual Payment: BILL/2026/03/0045,250.000,0.000,150
2026-03-08,BILL/2026/03/0045,100051 Petty Cash,Deema Fawaz AlAdwani,Petty cash transferred to Deema,250.000,0.000,
2026-03-08,BILL/2026/03/0045,200101 Payables,Deema Fawaz AlAdwani,,0.000,250.000,150
2026-03-07,PBNK3/2026/00015,100003 Ush BBYN-8003,Intercompany Transfers,Manual Payment: BILL/2026/03/0050,0.000,"2,000.000",
2026-03-07,PBNK3/2026/00015,200101 Payables,Intercompany Transfers,Manual Payment: BILL/2026/03/0050,"2,000.000",0.000,428
2026-03-07,PBNK1/2026/00152,100001 Ush BBYN-8001,SPA AND MORE FOR GENERAL TRADING COMPANY WLL,Manual Payment: BILL/2026/03/0022,0.000,"2,000.000",
2026-03-07,PBNK1/2026/00152,200101 Payables,SPA AND MORE FOR GENERAL TRADING COMPANY WLL,Manual Payment: BILL/2026/03/0022,"2,000.000",0.000,P626
2026-03-07,BILL/2026/03/0050,100001 Ush BBYN-8001,Intercompany Transfers,Ush BBYN-0001,"2,000.000",0.000,
2026-03-07,BILL/2026/03/0050,200101 Payables,Intercompany Transfers,,0.000,"2,000.000",428
2026-03-05,PBNK1/2026/00225,100001 Ush BBYN-8001,Misc JV,Manual Payment: BILL/2026/03/0020,0.000,6.000,
2026-03-05,PBNK1/2026/00225,200101 Payables,Misc JV,Manual Payment: BILL/2026/03/0020,6.000,0.000,224
2026-03-05,PBNK1/2026/00224,100001 Ush BBYN-8001,Misc JV,Manual Payment: BILL/2026/03/0019,0.000,80.000,
2026-03-05,PBNK1/2026/00224,200101 Payables,Misc JV,Manual Payment: BILL/2026/03/0019,80.000,0.000,223
2026-03-05,PBNK1/2026/00223,100001 Ush BBYN-8001,Misc JV,Manual Payment: BILL/2026/03/0018,0.000,30.000,
2026-03-05,PBNK1/2026/00223,200101 Payables,Misc JV,Manual Payment: BILL/2026/03/0018,30.000,0.000,222
2026-03-05,PBNK1/2026/00222,100001 Ush BBYN-8001,Misc JV,Manual Payment: BILL/2026/03/0017,0.000,399.420,
2026-03-05,PBNK1/2026/00222,200101 Payables,Misc JV,Manual Payment: BILL/2026/03/0017,399.420,0.000,221
2026-03-05,PBNK1/2026/00221,100001 Ush BBYN-8001,Misc JV,Manual Payment: BILL/2026/03/0016,0.000,60.000,
2026-03-05,PBNK1/2026/00221,200101 Payables,Misc JV,Manual Payment: BILL/2026/03/0016,60.000,0.000,220
2026-03-05,PBNK1/2026/00154,100001 Ush BBYN-8001,Misc JV,Manual Payment: BILL/2026/03/0015,0.000,800.000,
2026-03-05,PBNK1/2026/00154,200101 Payables,Misc JV,Manual Payment: BILL/2026/03/0015,800.000,0.000,153
2026-03-05,PBNK1/2026/00153,100001 Ush BBYN-8001,Rental JV,Manual Payment: BILL/2026/03/0021,0.000,280.000,
2026-03-05,PBNK1/2026/00153,200101 Payables,Rental JV,Manual Payment: BILL/2026/03/0021,280.000,0.000,152
2026-03-05,PBNK1/2026/00057,100002 Ush BBYN-8002,Intercompany Transfers,Manual Payment: BILL/2026/03/0055,0.000,900.000,
2026-03-05,PBNK1/2026/00057,200101 Payables,Intercompany Transfers,Manual Payment: BILL/2026/03/0055,900.000,0.000,461
2026-03-05,BILL/2026/03/0021,500401 Spa Rent,Rental JV,Rent Ush Store-Sabah Nasser Mar 26,280.000,0.000,
2026-03-05,BILL/2026/03/0021,200101 Payables,Rental JV,,0.000,280.000,152
2026-03-05,BILL/2026/03/0020,100102 Bank Suspense Account,Misc JV,,6.000,0.000,
2026-03-05,BILL/2026/03/0020,200101 Payables,Misc JV,,0.000,6.000,224
2026-03-05,BILL/2026/03/0019,100102 Bank Suspense Account,Misc JV,,80.000,0.000,
2026-03-05,BILL/2026/03/0019,200101 Payables,Misc JV,,0.000,80.000,223
2026-03-05,BILL/2026/03/0018,100102 Bank Suspense Account,Misc JV,,30.000,0.000,
2026-03-05,BILL/2026/03/0018,200101 Payables,Misc JV,,0.000,30.000,222
2026-03-05,BILL/2026/03/0017,100102 Bank Suspense Account,Misc JV,,399.420,0.000,
2026-03-05,BILL/2026/03/0017,200101 Payables,Misc JV,,0.000,399.420,221
2026-03-05,BILL/2026/03/0016,100102 Bank Suspense Account,Misc JV,,60.000,0.000,
2026-03-05,BILL/2026/03/0016,200101 Payables,Misc JV,,0.000,60.000,220
2026-03-05,BILL/2026/03/0015,500301 Basic Salary,Misc JV,SALAMN SALARY,800.000,0.000,
2026-03-05,BILL/2026/03/0015,200101 Payables,Misc JV,,0.000,800.000,153
2026-03-04,PBNK1/2026/00220,100001 Ush BBYN-8001,Misc JV,Manual Payment: BILL/2026/03/0013,0.000,500.000,
2026-03-04,PBNK1/2026/00220,200101 Payables,Misc JV,Manual Payment: BILL/2026/03/0013,500.000,0.000,219
2026-03-04,PBNK1/2026/00155,100001 Ush BBYN-8001,Misc JV,Manual Payment: BILL/2026/03/0014,0.000,142.000,
2026-03-04,PBNK1/2026/00155,200101 Payables,Misc JV,Manual Payment: BILL/2026/03/0014,142.000,0.000,154
2026-03-04,PBNK1/2026/00054,100002 Ush BBYN-8002,Deema Fawaz AlAdwani,Manual Payment: BILL/2026/03/0054,0.000,200.000,
2026-03-04,PBNK1/2026/00054,200101 Payables,Deema Fawaz AlAdwani,Manual Payment: BILL/2026/03/0054,200.000,0.000,460
2026-03-04,BILL/2026/03/0054,100051 Petty Cash,Deema Fawaz AlAdwani,Petty cash transferred to Deema,200.000,0.000,
2026-03-04,BILL/2026/03/0054,200101 Payables,Deema Fawaz AlAdwani,,0.000,200.000,460
2026-03-04,BILL/2026/03/0014,501116 Charity Expenses,Misc JV,Donation for Mosque's Imaam in Sabah Naser,142.000,0.000,
2026-03-04,BILL/2026/03/0014,200101 Payables,Misc JV,,0.000,142.000,154
2026-03-04,BILL/2026/03/0013,100102 Bank Suspense Account,Misc JV,,500.000,0.000,
2026-03-04,BILL/2026/03/0013,200101 Payables,Misc JV,,0.000,500.000,219
2026-03-03,PBNK1/2026/00157,100001 Ush BBYN-8001,Misc JV,Manual Payment: BILL/2026/03/0011,0.000,250.000,
2026-03-03,PBNK1/2026/00157,200101 Payables,Misc JV,Manual Payment: BILL/2026/03/0011,250.000,0.000,156
2026-03-03,PBNK1/2026/00156,100001 Ush BBYN-8001,Rental JV,Manual Payment: BILL/2026/03/0012,0.000,"5,300.000",
2026-03-03,PBNK1/2026/00156,200101 Payables,Rental JV,Manual Payment: BILL/2026/03/0012,"5,300.000",0.000,155
2026-03-03,PBNK1/2026/00056,100002 Ush BBYN-8002,Intercompany Transfers,Manual Payment: BILL/2026/03/0055,0.000,"7,200.000",
2026-03-03,PBNK1/2026/00056,200101 Payables,Intercompany Transfers,Manual Payment: BILL/2026/03/0055,"7,200.000",0.000,461
2026-03-03,BILL/2026/03/0012,500401 Spa Rent,Rental JV,Payment to Alenjaz French Co for the rent for Ush Spa Mangaf on 03-03-2026,"2,750.000",0.000,
2026-03-03,BILL/2026/03/0012,500310 Staff Accomodation,Rental JV,Payment to Alenjaz French Co for the rent for Ush Spa Mangaf staff accommodation ON 03-03-2026,400.000,0.000,
2026-03-03,BILL/2026/03/0012,500310 Staff Accomodation,Rental JV,Payment to Nasser ahmed abdul lattif for the rent of Ush spa sharq Staff accommodatiobn on 01-02-2026,350.000,0.000,
2026-03-03,BILL/2026/03/0012,500401 Spa Rent,Rental JV,Payment to Nasser ahmed abdul lattif for the rent of Ush spa sharq first floor  on 01-02-2026,800.000,0.000,
2026-03-03,BILL/2026/03/0012,500401 Spa Rent,Rental JV,Payment to Nasser ahmed abdul lattif for the rent of Ush spa sharq first floor  on 01-02-2026,"1,000.000",0.000,
2026-03-03,BILL/2026/03/0012,200101 Payables,Rental JV,,0.000,"5,300.000",155
2026-03-03,BILL/2026/03/0011,500701 Marketing-Ad Sponsors,Misc JV,,250.000,0.000,
2026-03-03,BILL/2026/03/0011,200101 Payables,Misc JV,,0.000,250.000,156
2026-03-02,PBNK1/2026/00219,100001 Ush BBYN-8001,Misc JV,Manual Payment: BILL/2026/03/0009,0.000,600.000,
2026-03-02,PBNK1/2026/00219,200101 Payables,Misc JV,Manual Payment: BILL/2026/03/0009,600.000,0.000,218
2026-03-02,PBNK1/2026/00218,100001 Ush BBYN-8001,Misc JV,Manual Payment: BILL/2026/03/0008,0.000,846.000,
2026-03-02,PBNK1/2026/00218,200101 Payables,Misc JV,Manual Payment: BILL/2026/03/0008,846.000,0.000,217
2026-03-02,PBNK1/2026/00217,100001 Ush BBYN-8001,Misc JV,Manual Payment: BILL/2026/03/0007,0.000,185.000,
2026-03-02,PBNK1/2026/00217,200101 Payables,Misc JV,Manual Payment: BILL/2026/03/0007,185.000,0.000,216
2026-03-02,PBNK1/2026/00216,100001 Ush BBYN-8001,Misc JV,Manual Payment: BILL/2026/03/0006,0.000,365.000,
2026-03-02,PBNK1/2026/00216,200101 Payables,Misc JV,Manual Payment: BILL/2026/03/0006,365.000,0.000,215
2026-03-02,PBNK1/2026/00215,100001 Ush BBYN-8001,Misc JV,Manual Payment: BILL/2026/03/0005,0.000,400.000,
2026-03-02,PBNK1/2026/00215,200101 Payables,Misc JV,Manual Payment: BILL/2026/03/0005,400.000,0.000,214
2026-03-02,PBNK1/2026/00214,100001 Ush BBYN-8001,Misc JV,Manual Payment: BILL/2026/03/0004,0.000,800.000,
2026-03-02,PBNK1/2026/00214,200101 Payables,Misc JV,Manual Payment: BILL/2026/03/0004,800.000,0.000,213
2026-03-02,PBNK1/2026/00213,100001 Ush BBYN-8001,Misc JV,Manual Payment: BILL/2026/03/0003,0.000,800.000,
2026-03-02,PBNK1/2026/00213,200101 Payables,Misc JV,Manual Payment: BILL/2026/03/0003,800.000,0.000,212
2026-03-02,PBNK1/2026/00212,100001 Ush BBYN-8001,Misc JV,Manual Payment: BILL/2026/03/0002,0.000,345.000,
2026-03-02,PBNK1/2026/00212,200101 Payables,Misc JV,Manual Payment: BILL/2026/03/0002,345.000,0.000,211
2026-03-02,PBNK1/2026/00211,100001 Ush BBYN-8001,Misc JV,Manual Payment: BILL/2026/03/0001,0.000,150.000,
2026-03-02,PBNK1/2026/00211,200101 Payables,Misc JV,Manual Payment: BILL/2026/03/0001,150.000,0.000,210
2026-03-02,PBNK1/2026/00158,100001 Ush BBYN-8001,Misc JV,Manual Payment: BILL/2026/03/0010,0.000,"1,000.000",
2026-03-02,PBNK1/2026/00158,200101 Payables,Misc JV,Manual Payment: BILL/2026/03/0010,"1,000.000",0.000,157
2026-03-02,PBNK1/2026/00064,100002 Ush BBYN-8002,Intercompany Transfers,Manual Payment: BILL/2026/03/0057,0.000,"4,424.000",
2026-03-02,PBNK1/2026/00064,200101 Payables,Intercompany Transfers,Manual Payment: BILL/2026/03/0057,"4,424.000",0.000,463
2026-03-02,PBNK1/2026/00055,100002 Ush BBYN-8002,Intercompany Transfers,Manual Payment: BILL/2026/03/0055,0.000,"6,000.000",
2026-03-02,PBNK1/2026/00055,200101 Payables,Intercompany Transfers,Manual Payment: BILL/2026/03/0055,"6,000.000",0.000,461
2026-03-02,BILL/2026/03/0057,300301 Partner's CA-Fahad Fawaz,Intercompany Transfers,Fahad-Personal A/c,"4,424.000",0.000,
2026-03-02,BILL/2026/03/0057,200101 Payables,Intercompany Transfers,,0.000,"4,424.000",463
2026-03-02,BILL/2026/03/0010,300301 Partner's CA-Fahad Fawaz,Misc JV,Fund Transferred to Fahad Personal A/c,"1,000.000",0.000,
2026-03-02,BILL/2026/03/0010,200101 Payables,Misc JV,,0.000,"1,000.000",157
2026-03-02,BILL/2026/03/0009,100102 Bank Suspense Account,Misc JV,,600.000,0.000,
2026-03-02,BILL/2026/03/0009,200101 Payables,Misc JV,,0.000,600.000,218
2026-03-02,BILL/2026/03/0008,100102 Bank Suspense Account,Misc JV,,846.000,0.000,
2026-03-02,BILL/2026/03/0008,200101 Payables,Misc JV,,0.000,846.000,217
2026-03-02,BILL/2026/03/0007,100102 Bank Suspense Account,Misc JV,,185.000,0.000,
2026-03-02,BILL/2026/03/0007,200101 Payables,Misc JV,,0.000,185.000,216
2026-03-02,BILL/2026/03/0006,100102 Bank Suspense Account,Misc JV,,365.000,0.000,
2026-03-02,BILL/2026/03/0006,200101 Payables,Misc JV,,0.000,365.000,215
2026-03-02,BILL/2026/03/0005,100102 Bank Suspense Account,Misc JV,,400.000,0.000,
2026-03-02,BILL/2026/03/0005,200101 Payables,Misc JV,,0.000,400.000,214
2026-03-02,BILL/2026/03/0004,100102 Bank Suspense Account,Misc JV,,800.000,0.000,
2026-03-02,BILL/2026/03/0004,200101 Payables,Misc JV,,0.000,800.000,213
2026-03-02,BILL/2026/03/0003,100102 Bank Suspense Account,Misc JV,,800.000,0.000,
2026-03-02,BILL/2026/03/0003,200101 Payables,Misc JV,,0.000,800.000,212
2026-03-02,BILL/2026/03/0002,100102 Bank Suspense Account,Misc JV,,345.000,0.000,
2026-03-02,BILL/2026/03/0002,200101 Payables,Misc JV,,0.000,345.000,211
2026-03-02,BILL/2026/03/0001,100102 Bank Suspense Account,Misc JV,,150.000,0.000,
2026-03-02,BILL/2026/03/0001,200101 Payables,Misc JV,,0.000,150.000,210
2026-03-01,PCSH3/2026/00015,300301 Partner's CA-Fahad Fawaz,Staff Expenses JV,Manual Payment: 0226,0.000,"10,203.219",
2026-03-01,PCSH3/2026/00015,200101 Payables,Staff Expenses JV,Manual Payment: 0226,"10,203.219",0.000,543
2026-03-01,PBNK3/2026/00014,100003 Ush BBYN-8003,Bank Fees,Manual Payment: BILL/2026/03/0049,0.000,20.000,
2026-03-01,PBNK3/2026/00014,200101 Payables,Bank Fees,Manual Payment: BILL/2026/03/0049,20.000,0.000,427
2026-03-01,PBNK1/2026/00052,100002 Ush BBYN-8002,Bank Fees,Manual Payment: BILL/2026/03/0052,0.000,20.000,
2026-03-01,PBNK1/2026/00052,200101 Payables,Bank Fees,Manual Payment: BILL/2026/03/0052,20.000,0.000,458
2026-03-01,PBNK1/2026/00018,100002 Ush BBYN-8002,Sales JV,Manual Payment: INV/2026/00004,"26,933.785",0.000,
2026-03-01,PBNK1/2026/00018,100201 Accounts Receivable,Sales JV,Manual Payment: INV/2026/00004,0.000,"26,933.785",403
2026-03-01,INV/2026/00004,400101 Sales-Spa,Sales JV,Cash Sales for the month,0.000,"1,095.000",
2026-03-01,INV/2026/00004,400101 Sales-Spa,Sales JV,Deema Sales for the month,0.000,0.000,
2026-03-01,INV/2026/00004,400101 Sales-Spa,Sales JV,GCC Sales for the month,0.000,0.000,
2026-03-01,INV/2026/00004,400101 Sales-Spa,Sales JV,Knet Sales for the month,0.000,"12,974.000",
2026-03-01,INV/2026/00004,400101 Sales-Spa,Sales JV,Link Sales for the month,0.000,"9,405.000",
2026-03-01,INV/2026/00004,400101 Sales-Spa,Sales JV,Master Visa Sales for the month,0.000,"3,565.985",
2026-03-01,INV/2026/00004,500602 Knet Fees,Sales JV,Knet Charges,25.950,0.000,
2026-03-01,INV/2026/00004,500603 Visa/MC Fees,Sales JV,MCC/Visa Charges,80.250,0.000,
2026-03-01,INV/2026/00004,100201 Accounts Receivable,Sales JV,BBYN-02 - INV/2026/00004,"26,933.785",0.000,403
2026-03-01,BILL/2026/03/0052,500601 Bank Fees,Bank Fees,Bank Charges-POS,10.000,0.000,
2026-03-01,BILL/2026/03/0052,500601 Bank Fees,Bank Fees,Bank Charges-POS,10.000,0.000,
2026-03-01,BILL/2026/03/0052,200101 Payables,Bank Fees,,0.000,20.000,458
2026-03-01,BILL/2026/03/0049,500601 Bank Fees,Bank Fees,Bank Charges-POS,10.000,0.000,
2026-03-01,BILL/2026/03/0049,500601 Bank Fees,Bank Fees,Bank Charges-POS,10.000,0.000,
2026-03-01,BILL/2026/03/0049,200101 Payables,Bank Fees,,0.000,20.000,427
2026-02-28,PBNK3/2026/00009,100003 Ush BBYN-8003,Sales JV,Manual Payment: INV/2026/00015,"6,387.730",0.000,
2026-02-28,PBNK3/2026/00009,100201 Accounts Receivable,Sales JV,Manual Payment: INV/2026/00015,0.000,"6,387.730",422
2026-02-28,PBNK1/2026/00159,100001 Ush BBYN-8001,Misc JV,Manual Payment: BILL/2026/02/0017,0.000,585.000,
2026-02-28,PBNK1/2026/00159,200101 Payables,Misc JV,Manual Payment: BILL/2026/02/0017,585.000,0.000,158
2026-02-28,PBNK1/2026/00050,100002 Ush BBYN-8002,Intercompany Transfers,Manual Payment: BILL/2026/02/0028,0.000,500.000,
2026-02-28,PBNK1/2026/00050,200101 Payables,Intercompany Transfers,Manual Payment: BILL/2026/02/0028,500.000,0.000,456
2026-02-28,PBNK1/2026/00039,100002 Ush BBYN-8002,Bank Fees,Manual Payment: BILL/2026/02/0025,0.000,51.500,
2026-02-28,PBNK1/2026/00039,200101 Payables,Bank Fees,Manual Payment: BILL/2026/02/0025,51.500,0.000,453
2026-02-28,MISC/2026/02/0001,500332 Leave Salary,,leave for the month,669.288,0.000,
2026-02-28,MISC/2026/02/0001,200502 Leave Days Provision,,leave for the month`,0.000,669.288,
2026-02-28,MISC/2026/02/0001,500331 End of Service Indemnity,,Indemnity for the month,330.455,0.000,
2026-02-28,MISC/2026/02/0001,200503 End of Service Provision,,Indemnity for the month,0.000,330.455,
2026-02-28,INV/2026/00015,400101 Sales-Spa,Sales JV,Cash Sales for the month,0.000,292.000,
2026-02-28,INV/2026/00015,400101 Sales-Spa,Sales JV,Deema Sales for the month,0.000,0.000,
2026-02-28,INV/2026/00015,400101 Sales-Spa,Sales JV,GCC Sales for the month,0.000,0.000,
2026-02-28,INV/2026/00015,400101 Sales-Spa,Sales JV,Knet Sales for the month,0.000,"4,770.000",
2026-02-28,INV/2026/00015,400101 Sales-Spa,Sales JV,Link Sales for the month,0.000,0.000,
2026-02-28,INV/2026/00015,400101 Sales-Spa,Sales JV,Master Visa Sales for the month,0.000,"1,366.000",
2026-02-28,INV/2026/00015,400101 Sales-Spa,Sales JV,My Fatoorah Sale for month,0.000,0.000,
2026-02-28,INV/2026/00015,400101 Sales-Spa,Sales JV,Tap Sales for month,0.000,0.000,
2026-02-28,INV/2026/00015,500320 Residency & Visa Exp.,Sales JV,Visa Expenses,0.000,0.000,
2026-02-28,INV/2026/00015,500602 Knet Fees,Sales JV,Knet Charges,9.540,0.000,
2026-02-28,INV/2026/00015,500603 Visa/MC Fees,Sales JV,MCC/Visa Charges,30.730,0.000,
2026-02-28,INV/2026/00015,100201 Accounts Receivable,Sales JV,INV/2026/00015,"6,387.730",0.000,422
2026-02-28,BILL/2026/02/0028,100001 Ush BBYN-8001,Intercompany Transfers,Interbank Transfer,"19,760.000",0.000,
2026-02-28,BILL/2026/02/0028,200101 Payables,Intercompany Transfers,,0.000,"19,760.000",456
2026-02-28,BILL/2026/02/0025,500601 Bank Fees,Bank Fees,Transaction Fees,51.500,0.000,
2026-02-28,BILL/2026/02/0025,200101 Payables,Bank Fees,,0.000,51.500,453
2026-02-28,BILL/2026/02/0020,500301 Basic Salary,Staff Expenses JV,Basic Salary,"8,828.000",0.000,
2026-02-28,BILL/2026/02/0020,500306 Sales Commission,Staff Expenses JV,Commission,"1,290.420",0.000,
2026-02-28,BILL/2026/02/0020,500308 Staff Overtime,Staff Expenses JV,Over Time,120.799,0.000,
2026-02-28,BILL/2026/02/0020,204101 Due to Related Party-Refresh Co.,Staff Expenses JV,Salary By REFRESH,0.000,713.000,
2026-02-28,BILL/2026/02/0020,104101 Related Party-Refresh Co.,Staff Expenses JV,Salary On Behalf of Refresh,677.000,0.000,
2026-02-28,BILL/2026/02/0020,200101 Payables,Staff Expenses JV,0226,0.000,"10,203.219",543
2026-02-28,BILL/2026/02/0017,500701 Marketing-Ad Sponsors,Misc JV,,585.000,0.000,
2026-02-28,BILL/2026/02/0017,200101 Payables,Misc JV,,0.000,585.000,158
2026-02-23,PBNK1/2026/00210,100001 Ush BBYN-8001,Misc JV,Manual Payment: BILL/2026/02/0016,0.000,500.000,
2026-02-23,PBNK1/2026/00210,200101 Payables,Misc JV,Manual Payment: BILL/2026/02/0016,500.000,0.000,209
2026-02-23,PBNK1/2026/00049,100002 Ush BBYN-8002,Intercompany Transfers,Manual Payment: BILL/2026/02/0028,0.000,500.000,
2026-02-23,PBNK1/2026/00049,200101 Payables,Intercompany Transfers,Manual Payment: BILL/2026/02/0028,500.000,0.000,456
2026-02-23,BILL/2026/02/0016,500106 Cost of Sales-Consumables,NAZIH INTERNATIONAL GEN. TRAD. CO WLL.,payment to nazih,500.000,0.000,
2026-02-23,BILL/2026/02/0016,200101 Payables,NAZIH INTERNATIONAL GEN. TRAD. CO WLL.,,0.000,500.000,209
2026-02-21,MISC/2026/02/0002,300301 Partner's CA-Fahad Fawaz,,petty cash,0.000,119.000,
2026-02-21,MISC/2026/02/0002,100051 Petty Cash,,petty cash,100.000,0.000,
2026-02-21,MISC/2026/02/0002,100051 Petty Cash,,petty cash,19.000,0.000,
2026-02-18,PBNK1/2026/00160,100001 Ush BBYN-8001,Misc JV,Manual Payment: BILL/2026/02/0015,0.000,460.000,
2026-02-18,PBNK1/2026/00160,200101 Payables,Misc JV,Manual Payment: BILL/2026/02/0015,460.000,0.000,159
2026-02-18,PBNK1/2026/00048,100002 Ush BBYN-8002,Intercompany Transfers,Manual Payment: BILL/2026/02/0028,0.000,460.000,
2026-02-18,PBNK1/2026/00048,200101 Payables,Intercompany Transfers,Manual Payment: BILL/2026/02/0028,460.000,0.000,456
2026-02-18,BILL/2026/02/0015,500701 Marketing-Ad Sponsors,Misc JV,,460.000,0.000,
2026-02-18,BILL/2026/02/0015,200101 Payables,Misc JV,,0.000,460.000,159
2026-02-15,PCSH1/2026/00025,100051 Petty Cash,Misc JV,Manual Payment: BILL/2026/02/0030,0.000,"2,450.000",
2026-02-15,PCSH1/2026/00025,200101 Payables,Misc JV,Manual Payment: BILL/2026/02/0030,"2,450.000",0.000,
2026-02-15,PBNK1/2026/00043,100002 Ush BBYN-8002,Deema Fawaz AlAdwani,Manual Payment: BILL/2026/02/0026,0.000,250.000,
2026-02-15,PBNK1/2026/00043,200101 Payables,Deema Fawaz AlAdwani,Manual Payment: BILL/2026/02/0026,250.000,0.000,454
2026-02-15,BILL/2026/02/0026,100051 Petty Cash,Deema Fawaz AlAdwani,Petty cash transferred to Deema,"2,450.000",0.000,
2026-02-15,BILL/2026/02/0026,200101 Payables,Deema Fawaz AlAdwani,,0.000,"2,450.000",454
2026-02-14,PBNK1/2026/00209,100001 Ush BBYN-8001,Misc JV,Manual Payment: BILL/2026/02/0014,0.000,8.000,
2026-02-14,PBNK1/2026/00209,200101 Payables,Misc JV,Manual Payment: BILL/2026/02/0014,8.000,0.000,208
2026-02-14,BILL/2026/02/0014,300301 Partner's CA-Fahad Fawaz,Intercompany Transfers,,8.000,0.000,
2026-02-14,BILL/2026/02/0014,200101 Payables,Intercompany Transfers,,0.000,8.000,208
2026-02-13,PBNK1/2026/00208,100001 Ush BBYN-8001,Misc JV,Manual Payment: BILL/2026/02/0014,0.000,0.000,
2026-02-13,PBNK1/2026/00208,200101 Payables,Misc JV,Manual Payment: BILL/2026/02/0014,0.000,0.000,
2026-02-10,PBNK1/2026/00161,100001 Ush BBYN-8001,Misc JV,Manual Payment: BILL/2026/02/0013,0.000,460.000,
2026-02-10,PBNK1/2026/00161,200101 Payables,Misc JV,Manual Payment: BILL/2026/02/0013,460.000,0.000,160
2026-02-10,PBNK1/2026/00047,100002 Ush BBYN-8002,Intercompany Transfers,Manual Payment: BILL/2026/02/0028,0.000,500.000,
2026-02-10,PBNK1/2026/00047,200101 Payables,Intercompany Transfers,Manual Payment: BILL/2026/02/0028,500.000,0.000,456
2026-02-10,PBNK1/2026/00042,100002 Ush BBYN-8002,Deema Fawaz AlAdwani,Manual Payment: BILL/2026/02/0026,0.000,250.000,
2026-02-10,PBNK1/2026/00042,200101 Payables,Deema Fawaz AlAdwani,Manual Payment: BILL/2026/02/0026,250.000,0.000,454
2026-02-10,BILL/2026/02/0019,500320 Residency & Visa Exp.,Ali Bahaa,Lorna Residancy Fees (Work Permission/Healthy Insurance/Ikhama/Civil ID)E No:36,185.000,0.000,
2026-02-10,BILL/2026/02/0019,500320 Residency & Visa Exp.,Ali Bahaa,"Residency Medical  Ex. Of Thanwrat-E No:37,Rambai-E No:38 and Bulan-E No:39",30.000,0.000,
2026-02-10,BILL/2026/02/0019,500320 Residency & Visa Exp.,Ali Bahaa,"Ducumentation fee. Of Thanwrat-E No:37,Rambai-E No:38 and Bulan-E No:39",15.000,0.000,
2026-02-10,BILL/2026/02/0019,500320 Residency & Visa Exp.,Ali Bahaa,"Residancy Fees (Civil ID) for Thanwrat-E No:37,Rambai-E No:38 and Bulan-E No:39",15.000,0.000,
2026-02-10,BILL/2026/02/0019,500106 Cost of Sales-Consumables,Ali Bahaa,Purchase Wax Oil,19.000,0.000,
2026-02-10,BILL/2026/02/0019,500106 Cost of Sales-Consumables,Ali Bahaa,Purchase Sheikh for sharq,0.525,0.000,
2026-02-10,BILL/2026/02/0019,500106 Cost of Sales-Consumables,Ali Bahaa,Purchase Make up remover for sharq,3.540,0.000,
2026-02-10,BILL/2026/02/0019,500105 Cost of Sales-Hospitality,Ali Bahaa,Tang Lemonade 2KG,14.880,0.000,
2026-02-10,BILL/2026/02/0019,500106 Cost of Sales-Consumables,Ali Bahaa,Candle+Jacuzzi Cup,43.940,0.000,
2026-02-10,BILL/2026/02/0019,500320 Residency & Visa Exp.,Ali Bahaa,"Residency Workpermit for Bolan-E No:39,Rambay-E No:38 and Thanorat Eno:37",180.000,0.000,
2026-02-10,BILL/2026/02/0019,200101 Payables,Ali Bahaa,,0.000,506.885,269
2026-02-10,BILL/2026/02/0013,500701 Marketing-Ad Sponsors,Misc JV,,460.000,0.000,
2026-02-10,BILL/2026/02/0013,200101 Payables,Misc JV,,0.000,460.000,160
2026-02-09,PCSH2/2026/00003,100051 Petty Cash,Ali Bahaa,Manual Payment: BILL/2026/01/0034,0.000,138.280,
2026-02-09,PCSH2/2026/00003,200101 Payables,Ali Bahaa,Manual Payment: BILL/2026/01/0034,138.280,0.000,511
2026-02-07,PBNK1/2026/00040,100002 Ush BBYN-8002,Deema Fawaz AlAdwani,Manual Payment: BILL/2026/02/0026,0.000,700.000,
2026-02-07,PBNK1/2026/00040,200101 Payables,Deema Fawaz AlAdwani,Manual Payment: BILL/2026/02/0026,700.000,0.000,454
2026-02-05,PBNK1/2026/00041,100002 Ush BBYN-8002,Deema Fawaz AlAdwani,Manual Payment: BILL/2026/02/0026,0.000,"1,250.000",
2026-02-05,PBNK1/2026/00041,200101 Payables,Deema Fawaz AlAdwani,Manual Payment: BILL/2026/02/0026,"1,250.000",0.000,454
2026-02-04,PBNK1/2026/00207,100001 Ush BBYN-8001,Misc JV,Manual Payment: BILL/2026/02/0012,0.000,30.000,
2026-02-04,PBNK1/2026/00207,200101 Payables,Misc JV,Manual Payment: BILL/2026/02/0012,30.000,0.000,206
2026-02-04,PBNK1/2026/00162,100001 Ush BBYN-8001,SPA AND MORE FOR GENERAL TRADING COMPANY WLL,Manual Payment: BILL/2026/02/0011,0.000,"2,000.000",
2026-02-04,PBNK1/2026/00162,200101 Payables,SPA AND MORE FOR GENERAL TRADING COMPANY WLL,Manual Payment: BILL/2026/02/0011,"2,000.000",0.000,P626
2026-02-04,PBNK1/2026/00046,100002 Ush BBYN-8002,Intercompany Transfers,Manual Payment: BILL/2026/02/0028,0.000,"2,000.000",
2026-02-04,PBNK1/2026/00046,200101 Payables,Intercompany Transfers,Manual Payment: BILL/2026/02/0028,"2,000.000",0.000,456
2026-02-04,PBNK1/2026/00044,100002 Ush BBYN-8002,Intercompany Transfers,Manual Payment: BILL/2026/02/0027,0.000,800.000,
2026-02-04,PBNK1/2026/00044,200101 Payables,Intercompany Transfers,Manual Payment: BILL/2026/02/0027,800.000,0.000,455
2026-02-04,BILL/2026/02/0027,104101 Related Party-Refresh Co.,Intercompany Transfers,Related Party,800.000,0.000,
2026-02-04,BILL/2026/02/0027,200101 Payables,Intercompany Transfers,,0.000,800.000,455
2026-02-04,BILL/2026/02/0012,400110 Sales Returns,Misc JV,sales return,30.000,0.000,
2026-02-04,BILL/2026/02/0012,200101 Payables,Misc JV,,0.000,30.000,206
2026-02-03,PBNK1/2026/00206,100001 Ush BBYN-8001,Misc JV,Manual Payment: BILL/2026/02/0009,0.000,125.000,
2026-02-03,PBNK1/2026/00206,200101 Payables,Misc JV,Manual Payment: BILL/2026/02/0009,125.000,0.000,205
2026-02-03,PBNK1/2026/00163,100001 Ush BBYN-8001,Rental JV,Manual Payment: BILL/2026/02/0010,0.000,280.000,
2026-02-03,PBNK1/2026/00163,200101 Payables,Rental JV,Manual Payment: BILL/2026/02/0010,280.000,0.000,162
2026-02-03,BILL/2026/02/0010,500401 Spa Rent,Rental JV,Rent Ush Store-Sabah Nasser Feb 26,280.000,0.000,
2026-02-03,BILL/2026/02/0010,200101 Payables,Rental JV,,0.000,280.000,162
2026-02-03,BILL/2026/02/0009,500106 Cost of Sales-Consumables,Misc JV,raw materials`,125.000,0.000,
2026-02-03,BILL/2026/02/0009,200101 Payables,Misc JV,,0.000,125.000,205
2026-02-02,PBNK3/2026/00012,100003 Ush BBYN-8003,Intercompany Transfers,Manual Payment: BILL/2026/02/0023,0.000,"3,114.000",
2026-02-02,PBNK3/2026/00012,200101 Payables,Intercompany Transfers,Manual Payment: BILL/2026/02/0023,"3,114.000",0.000,425
2026-02-02,BILL/2026/02/0023,300301 Partner's CA-Fahad Fawaz,Intercompany Transfers,Ush BBYN-0003,"3,114.000",0.000,
2026-02-02,BILL/2026/02/0023,200101 Payables,Intercompany Transfers,,0.000,"3,114.000",425
2026-02-01,PCSH3/2026/00016,300301 Partner's CA-Fahad Fawaz,Staff Expenses JV,Manual Payment: 0126,0.000,"9,634.076",
2026-02-01,PCSH3/2026/00016,200101 Payables,Staff Expenses JV,Manual Payment: 0126,"9,634.076",0.000,542
2026-02-01,PBNK3/2026/00011,100003 Ush BBYN-8003,Bank Fees,Manual Payment: BILL/2026/02/0022,0.000,20.000,
2026-02-01,PBNK3/2026/00011,200101 Payables,Bank Fees,Manual Payment: BILL/2026/02/0022,20.000,0.000,424
2026-02-01,PBNK3/2026/00010,100003 Ush BBYN-8003,Intercompany Transfers,Manual Payment: BILL/2026/02/0021,0.000,"1,000.000",
2026-02-01,PBNK3/2026/00010,200101 Payables,Intercompany Transfers,Manual Payment: BILL/2026/02/0021,"1,000.000",0.000,423
2026-02-01,PBNK1/2026/00205,100001 Ush BBYN-8001,Misc JV,Manual Payment: BILL/2026/02/0018,0.000,240.000,
2026-02-01,PBNK1/2026/00205,200101 Payables,Misc JV,Manual Payment: BILL/2026/02/0018,240.000,0.000,204
2026-02-01,PBNK1/2026/00171,100001 Ush BBYN-8001,Rental JV,Manual Payment: BILL/2026/02/0001,0.000,400.000,
2026-02-01,PBNK1/2026/00171,200101 Payables,Rental JV,Manual Payment: BILL/2026/02/0001,400.000,0.000,170
2026-02-01,PBNK1/2026/00170,100001 Ush BBYN-8001,Rental JV,Manual Payment: BILL/2026/02/0002,0.000,350.000,
2026-02-01,PBNK1/2026/00170,200101 Payables,Rental JV,Manual Payment: BILL/2026/02/0002,350.000,0.000,169
2026-02-01,PBNK1/2026/00169,100001 Ush BBYN-8001,Rental JV,Manual Payment: BILL/2026/02/0003,0.000,"2,750.000",
2026-02-01,PBNK1/2026/00169,200101 Payables,Rental JV,Manual Payment: BILL/2026/02/0003,"2,750.000",0.000,168
2026-02-01,PBNK1/2026/00168,100001 Ush BBYN-8001,Rental JV,Manual Payment: BILL/2026/02/0004,0.000,800.000,
2026-02-01,PBNK1/2026/00168,200101 Payables,Rental JV,Manual Payment: BILL/2026/02/0004,800.000,0.000,167
2026-02-01,PBNK1/2026/00167,100001 Ush BBYN-8001,Misc JV,Manual Payment: BILL/2026/02/0005,0.000,250.000,
2026-02-01,PBNK1/2026/00167,200101 Payables,Misc JV,Manual Payment: BILL/2026/02/0005,250.000,0.000,166
2026-02-01,PBNK1/2026/00166,100001 Ush BBYN-8001,Rental JV,Manual Payment: BILL/2026/02/0006,0.000,"1,000.000",
2026-02-01,PBNK1/2026/00166,200101 Payables,Rental JV,Manual Payment: BILL/2026/02/0006,"1,000.000",0.000,165
2026-02-01,PBNK1/2026/00165,100001 Ush BBYN-8001,Misc JV,Manual Payment: BILL/2026/02/0007,0.000,800.000,
2026-02-01,PBNK1/2026/00165,200101 Payables,Misc JV,Manual Payment: BILL/2026/02/0007,800.000,0.000,164
2026-02-01,PBNK1/2026/00164,100001 Ush BBYN-8001,Misc JV,Manual Payment: BILL/2026/02/0008,0.000,"13,000.000",
2026-02-01,PBNK1/2026/00164,200101 Payables,Misc JV,Manual Payment: BILL/2026/02/0008,"13,000.000",0.000,163
2026-02-01,PBNK1/2026/00051,100002 Ush BBYN-8002,Intercompany Transfers,Manual Payment: BILL/2026/02/0029,0.000,"6,536.000",
2026-02-01,PBNK1/2026/00051,200101 Payables,Intercompany Transfers,Manual Payment: BILL/2026/02/0029,"6,536.000",0.000,457
2026-02-01,PBNK1/2026/00045,100002 Ush BBYN-8002,Intercompany Transfers,Manual Payment: BILL/2026/02/0028,0.000,"15,800.000",
2026-02-01,PBNK1/2026/00045,200101 Payables,Intercompany Transfers,Manual Payment: BILL/2026/02/0028,"15,800.000",0.000,456
2026-02-01,PBNK1/2026/00038,100002 Ush BBYN-8002,Bank Fees,Manual Payment: BILL/2026/02/0024,0.000,20.000,
2026-02-01,PBNK1/2026/00038,200101 Payables,Bank Fees,Manual Payment: BILL/2026/02/0024,20.000,0.000,452
2026-02-01,PBNK1/2026/00017,100002 Ush BBYN-8002,Sales JV,Manual Payment: INV/2026/00003,"25,470.831",0.000,
2026-02-01,PBNK1/2026/00017,100201 Accounts Receivable,Sales JV,Manual Payment: INV/2026/00003,0.000,"25,470.831",402
2026-02-01,INV/2026/00003,400101 Sales-Spa,Sales JV,Cash Sales for the month,0.000,908.000,
2026-02-01,INV/2026/00003,400101 Sales-Spa,Sales JV,Deema Sales for the month,0.000,0.000,
2026-02-01,INV/2026/00003,400101 Sales-Spa,Sales JV,GCC Sales for the month,0.000,0.000,
2026-02-01,INV/2026/00003,400101 Sales-Spa,Sales JV,Knet Sales for the month,0.000,"11,262.000",
2026-02-01,INV/2026/00003,400101 Sales-Spa,Sales JV,Link Sales for the month,0.000,"7,426.000",
2026-02-01,INV/2026/00003,400101 Sales-Spa,Sales JV,Master Visa Sales for the month,0.000,"3,227.986",
2026-02-01,INV/2026/00003,100003 Ush BBYN-8003,Sales JV,Intercompany Transfer,0.000,"2,000.000",
2026-02-01,INV/2026/00003,400201 Other Income,Sales JV,Other Income for the month,0.000,211.000,
2026-02-01,INV/2026/00003,104101 Related Party-Refresh Co.,Sales JV,Amt Transferrend from Refresh,0.000,531.000,
2026-02-01,INV/2026/00003,500602 Knet Fees,Sales JV,Knet Charges,22.525,0.000,
2026-02-01,INV/2026/00003,500603 Visa/MC Fees,Sales JV,MCC/Visa Charges,72.630,0.000,
2026-02-01,INV/2026/00003,100201 Accounts Receivable,Sales JV,BBYN-02 - INV/2026/00003,"25,470.831",0.000,402
2026-02-01,BILL/2026/02/0029,300301 Partner's CA-Fahad Fawaz,Intercompany Transfers,Fahad-Personal A/c,"6,536.000",0.000,
2026-02-01,BILL/2026/02/0029,200101 Payables,Intercompany Transfers,,0.000,"6,536.000",457
2026-02-01,BILL/2026/02/0024,500601 Bank Fees,Bank Fees,Bank Charges-POS,10.000,0.000,
2026-02-01,BILL/2026/02/0024,500601 Bank Fees,Bank Fees,Bank Charges-POS,10.000,0.000,
2026-02-01,BILL/2026/02/0024,200101 Payables,Bank Fees,,0.000,20.000,452
2026-02-01,BILL/2026/02/0022,500601 Bank Fees,Bank Fees,Bank Charges-POS,10.000,0.000,
2026-02-01,BILL/2026/02/0022,500601 Bank Fees,Bank Fees,Bank Charges-POS,10.000,0.000,
2026-02-01,BILL/2026/02/0022,200101 Payables,Bank Fees,,0.000,20.000,424
2026-02-01,BILL/2026/02/0021,100001 Ush BBYN-8001,Intercompany Transfers,Ush BBYN-0001,"1,000.000",0.000,
2026-02-01,BILL/2026/02/0021,200101 Payables,Intercompany Transfers,,0.000,"1,000.000",423
2026-02-01,BILL/2026/02/0018,500502 Govt. fees,Misc JV,Government Exp.,240.000,0.000,
2026-02-01,BILL/2026/02/0018,200101 Payables,Misc JV,,0.000,240.000,204
2026-02-01,BILL/2026/02/0008,300301 Partner's CA-Fahad Fawaz,Misc JV,Fund Transferred to Fahad Personal A/c,"13,000.000",0.000,
2026-02-01,BILL/2026/02/0008,200101 Payables,Misc JV,,0.000,"13,000.000",163
2026-02-01,BILL/2026/02/0007,500301 Basic Salary,Misc JV,,800.000,0.000,
2026-02-01,BILL/2026/02/0007,200101 Payables,Misc JV,,0.000,800.000,164
2026-02-01,BILL/2026/02/0006,500401 Spa Rent,Rental JV,Payment to Nasser ahmed abdul lattif for the rent of Ush spa sharq first floor  on 01-02-2026,"1,000.000",0.000,
2026-02-01,BILL/2026/02/0006,200101 Payables,Rental JV,,0.000,"1,000.000",165
2026-02-01,BILL/2026/02/0005,500701 Marketing-Ad Sponsors,Misc JV,Marketing,250.000,0.000,
2026-02-01,BILL/2026/02/0005,200101 Payables,Misc JV,,0.000,250.000,166
2026-02-01,BILL/2026/02/0004,500401 Spa Rent,Rental JV,Payment to Nasser ahmed abdul lattif for the rent of Ush spa sharq first floor  on 01-02-2026,800.000,0.000,
2026-02-01,BILL/2026/02/0004,200101 Payables,Rental JV,,0.000,800.000,167
2026-02-01,BILL/2026/02/0003,500401 Spa Rent,Rental JV,Payment to Alenjaz French Co for the rent for Ush Spa Mangaf on 01-02-2026,"2,750.000",0.000,
2026-02-01,BILL/2026/02/0003,200101 Payables,Rental JV,,0.000,"2,750.000",168
2026-02-01,BILL/2026/02/0002,500310 Staff Accomodation,Rental JV,Payment to Nasser ahmed abdul lattif for the rent of Ush spa sharq Staff accommodatiobn on 01-02-2026,350.000,0.000,
2026-02-01,BILL/2026/02/0002,200101 Payables,Rental JV,,0.000,350.000,169
2026-02-01,BILL/2026/02/0001,500310 Staff Accomodation,Rental JV,Payment to Alenjaz French Co for the rent for Ush Spa Mangaf staff accommodation ON 01-02-2026,400.000,0.000,
2026-02-01,BILL/2026/02/0001,200101 Payables,Rental JV,,0.000,400.000,170
2026-01-31,PCSH2/2026/00002,100051 Petty Cash,Ali Bahaa,Manual Payment: BILL/2026/01/0033,0.000,692.150,
2026-01-31,PCSH2/2026/00002,200101 Payables,Ali Bahaa,Manual Payment: BILL/2026/01/0033,692.150,0.000,267
2026-01-31,PBNK3/2026/00006,100003 Ush BBYN-8003,Sales JV,Manual Payment: INV/2026/00016,"8,249.710",0.000,
2026-01-31,PBNK3/2026/00006,100201 Accounts Receivable,Sales JV,Manual Payment: INV/2026/00016,0.000,"8,249.710",419
2026-01-31,PBNK1/2026/00240,100001 Ush BBYN-8001,Ali Bahaa,Manual Payment: BILL/2026/01/0034,0.000,0.000,
2026-01-31,PBNK1/2026/00240,200101 Payables,Ali Bahaa,Manual Payment: BILL/2026/01/0034,0.000,0.000,
2026-01-31,PBNK1/2026/00024,100002 Ush BBYN-8002,Bank Fees,Manual Payment: BILL/2026/01/0039,0.000,62.000,
2026-01-31,PBNK1/2026/00024,200101 Payables,Bank Fees,Manual Payment: BILL/2026/01/0039,62.000,0.000,447
2026-01-31,MISC/2026/01/0002,500332 Leave Salary,,leave for the month,669.288,0.000,
2026-01-31,MISC/2026/01/0002,200502 Leave Days Provision,,leave for the month`,0.000,669.288,
2026-01-31,MISC/2026/01/0002,500331 End of Service Indemnity,,Indemnity for the month,330.455,0.000,
2026-01-31,MISC/2026/01/0002,200503 End of Service Provision,,Indemnity for the month,0.000,330.455,
2026-01-31,BILL/2026/01/0039,500601 Bank Fees,Bank Fees,Transaction Fees,62.000,0.000,
2026-01-31,BILL/2026/01/0039,200101 Payables,Bank Fees,,0.000,62.000,447
2026-01-31,BILL/2026/01/0035,500301 Basic Salary,Staff Expenses JV,Basic Salary,"7,943.850",0.000,
2026-01-31,BILL/2026/01/0035,500306 Sales Commission,Staff Expenses JV,Commission,"1,824.630",0.000,
2026-01-31,BILL/2026/01/0035,500308 Staff Overtime,Staff Expenses JV,Over Time,134.826,0.000,
2026-01-31,BILL/2026/01/0035,204101 Due to Related Party-Refresh Co.,Staff Expenses JV,Salary By REFRESH,0.000,800.000,
2026-01-31,BILL/2026/01/0035,104101 Related Party-Refresh Co.,Staff Expenses JV,Salary On Behalf of Refresh,530.770,0.000,
2026-01-31,BILL/2026/01/0035,200101 Payables,Staff Expenses JV,0126,0.000,"9,634.076",542
2026-01-29,PBNK1/2026/00173,100001 Ush BBYN-8001,Misc JV,Manual Payment: BILL/2026/01/0029,0.000,24.000,
2026-01-29,PBNK1/2026/00173,200101 Payables,Misc JV,Manual Payment: BILL/2026/01/0029,24.000,0.000,172
2026-01-29,BILL/2026/01/0029,400110 Sales Returns,Misc JV,sales return,24.000,0.000,
2026-01-29,BILL/2026/01/0029,200101 Payables,Misc JV,,0.000,24.000,172
2026-01-28,PBNK1/2026/00172,100001 Ush BBYN-8001,Misc JV,Manual Payment: BILL/2026/01/0028,0.000,585.000,
2026-01-28,PBNK1/2026/00172,200101 Payables,Misc JV,Manual Payment: BILL/2026/01/0028,585.000,0.000,171
2026-01-28,BILL/2026/01/0034,500704 Printing & Stationary,Ali Bahaa,HP toner W2210A BlACK,21.000,0.000,
2026-01-28,BILL/2026/01/0034,500704 Printing & Stationary,Ali Bahaa,"Stapler, Notebook and note pad",10.500,0.000,
2026-01-28,BILL/2026/01/0034,500106 Cost of Sales-Consumables,Ali Bahaa,Roll Safra 5K,11.250,0.000,
2026-01-28,BILL/2026/01/0034,501105 Cleaning,Ali Bahaa,"Purchase MOP,Broom and Dustpan",3.250,0.000,
2026-01-28,BILL/2026/01/0034,500105 Cost of Sales-Hospitality,Ali Bahaa,Sugar BaG 10 KG,4.500,0.000,
2026-01-28,BILL/2026/01/0034,501105 Cleaning,Ali Bahaa,Purchase Carry Bag,2.000,0.000,
2026-01-28,BILL/2026/01/0034,500106 Cost of Sales-Consumables,Ali Bahaa,Roll Safra 5K,22.500,0.000,
2026-01-28,BILL/2026/01/0034,500105 Cost of Sales-Hospitality,Ali Bahaa,Purchase Tang Lemon,14.880,0.000,
2026-01-28,BILL/2026/01/0034,500106 Cost of Sales-Consumables,Ali Bahaa,Purchase Fairy and Johnson Oil,32.400,0.000,
2026-01-28,BILL/2026/01/0034,500106 Cost of Sales-Consumables,Ali Bahaa,Glycerin Oil,16.000,0.000,
2026-01-28,BILL/2026/01/0034,200101 Payables,Ali Bahaa,,0.000,138.280,511
2026-01-28,BILL/2026/01/0028,500701 Marketing-Ad Sponsors,Misc JV,,585.000,0.000,
2026-01-28,BILL/2026/01/0028,200101 Payables,Misc JV,,0.000,585.000,171
2026-01-26,PCSH1/2026/00024,100051 Petty Cash,Misc JV,Manual Payment: BILL/2026/01/0045,0.000,"1,500.000",
2026-01-26,PCSH1/2026/00024,200101 Payables,Misc JV,Manual Payment: BILL/2026/01/0045,"1,500.000",0.000,
2026-01-26,PBNK1/2026/00028,100002 Ush BBYN-8002,Deema Fawaz AlAdwani,Manual Payment: BILL/2026/01/0041,0.000,250.000,
2026-01-26,PBNK1/2026/00028,200101 Payables,Deema Fawaz AlAdwani,Manual Payment: BILL/2026/01/0041,250.000,0.000,449
2026-01-26,BILL/2026/01/0041,100051 Petty Cash,Deema Fawaz AlAdwani,Petty cash transferred to Deema,"1,500.000",0.000,
2026-01-26,BILL/2026/01/0041,200101 Payables,Deema Fawaz AlAdwani,,0.000,"1,500.000",449
2026-01-25,PBNK1/2026/00027,100002 Ush BBYN-8002,Deema Fawaz AlAdwani,Manual Payment: BILL/2026/01/0041,0.000,250.000,
2026-01-25,PBNK1/2026/00027,200101 Payables,Deema Fawaz AlAdwani,Manual Payment: BILL/2026/01/0041,250.000,0.000,449
2026-01-24,MISC/2026/01/0003,300301 Partner's CA-Fahad Fawaz,,petty cash,0.000,943.500,
2026-01-24,MISC/2026/01/0003,100051 Petty Cash,,petty cash,578.500,0.000,
2026-01-24,MISC/2026/01/0003,100051 Petty Cash,,petty cash,230.000,0.000,
2026-01-24,MISC/2026/01/0003,100051 Petty Cash,,petty cash,135.000,0.000,
2026-01-22,PBNK1/2026/00174,100001 Ush BBYN-8001,Misc JV,Manual Payment: BILL/2026/01/0027,0.000,300.000,
2026-01-22,PBNK1/2026/00174,200101 Payables,Misc JV,Manual Payment: BILL/2026/01/0027,300.000,0.000,173
2026-01-22,PBNK1/2026/00026,100002 Ush BBYN-8002,Deema Fawaz AlAdwani,Manual Payment: BILL/2026/01/0041,0.000,"1,000.000",
2026-01-22,PBNK1/2026/00026,200101 Payables,Deema Fawaz AlAdwani,Manual Payment: BILL/2026/01/0041,"1,000.000",0.000,449
2026-01-22,BILL/2026/01/0027,100051 Petty Cash,Misc JV,Zainab petty cash,300.000,0.000,
2026-01-22,BILL/2026/01/0027,200101 Payables,Misc JV,,0.000,300.000,173
2026-01-21,PBNK1/2026/00177,100001 Ush BBYN-8001,Misc JV,Manual Payment: BILL/2026/01/0024,0.000,38.000,
2026-01-21,PBNK1/2026/00177,200101 Payables,Misc JV,Manual Payment: BILL/2026/01/0024,38.000,0.000,176
2026-01-21,PBNK1/2026/00176,100001 Ush BBYN-8001,Misc JV,Manual Payment: BILL/2026/01/0025,0.000,500.000,
2026-01-21,PBNK1/2026/00176,200101 Payables,Misc JV,Manual Payment: BILL/2026/01/0025,500.000,0.000,175
2026-01-21,PBNK1/2026/00175,100001 Ush BBYN-8001,Misc JV,Manual Payment: BILL/2026/01/0026,0.000,"2,720.000",
2026-01-21,PBNK1/2026/00175,200101 Payables,Misc JV,Manual Payment: BILL/2026/01/0026,"2,720.000",0.000,174
2026-01-21,PBNK1/2026/00036,100002 Ush BBYN-8002,Intercompany Transfers,Manual Payment: BILL/2026/01/0042,0.000,589.000,
2026-01-21,PBNK1/2026/00036,200101 Payables,Intercompany Transfers,Manual Payment: BILL/2026/01/0042,589.000,0.000,450
2026-01-21,BILL/2026/01/0042,100001 Ush BBYN-8001,Intercompany Transfers,Interbank Transfer,"20,489.250",0.000,
2026-01-21,BILL/2026/01/0042,200101 Payables,Intercompany Transfers,,0.000,"20,489.250",450
2026-01-21,BILL/2026/01/0026,300301 Partner's CA-Fahad Fawaz,Misc JV,,"2,720.000",0.000,
2026-01-21,BILL/2026/01/0026,200101 Payables,Misc JV,,0.000,"2,720.000",174
2026-01-21,BILL/2026/01/0025,100051 Petty Cash,Misc JV,Deema petty cash,500.000,0.000,
2026-01-21,BILL/2026/01/0025,200101 Payables,Misc JV,,0.000,500.000,175
2026-01-21,BILL/2026/01/0024,400110 Sales Returns,Misc JV,,38.000,0.000,
2026-01-21,BILL/2026/01/0024,200101 Payables,Misc JV,,0.000,38.000,176
2026-01-18,PBNK1/2026/00180,100001 Ush BBYN-8001,Misc JV,Manual Payment: BILL/2026/01/0021,0.000,460.000,
2026-01-18,PBNK1/2026/00180,200101 Payables,Misc JV,Manual Payment: BILL/2026/01/0021,460.000,0.000,179
2026-01-18,PBNK1/2026/00179,100001 Ush BBYN-8001,Misc JV,Manual Payment: BILL/2026/01/0022,0.000,60.000,
2026-01-18,PBNK1/2026/00179,200101 Payables,Misc JV,Manual Payment: BILL/2026/01/0022,60.000,0.000,178
2026-01-18,PBNK1/2026/00178,100001 Ush BBYN-8001,Misc JV,Manual Payment: BILL/2026/01/0023,0.000,34.000,
2026-01-18,PBNK1/2026/00178,200101 Payables,Misc JV,Manual Payment: BILL/2026/01/0023,34.000,0.000,177
2026-01-18,PBNK1/2026/00035,100002 Ush BBYN-8002,Intercompany Transfers,Manual Payment: BILL/2026/01/0042,0.000,520.000,
2026-01-18,PBNK1/2026/00035,200101 Payables,Intercompany Transfers,Manual Payment: BILL/2026/01/0042,520.000,0.000,450
2026-01-18,BILL/2026/01/0023,400110 Sales Returns,Misc JV,,34.000,0.000,
2026-01-18,BILL/2026/01/0023,200101 Payables,Misc JV,,0.000,34.000,177
2026-01-18,BILL/2026/01/0022,500701 Marketing-Ad Sponsors,Misc JV,Marketing expenases,60.000,0.000,
2026-01-18,BILL/2026/01/0022,200101 Payables,Misc JV,,0.000,60.000,178
2026-01-18,BILL/2026/01/0021,500701 Marketing-Ad Sponsors,Misc JV,,460.000,0.000,
2026-01-18,BILL/2026/01/0021,200101 Payables,Misc JV,,0.000,460.000,179
2026-01-17,PBNK1/2026/00181,100001 Ush BBYN-8001,Misc JV,Manual Payment: BILL/2026/01/0020,0.000,418.000,
2026-01-17,PBNK1/2026/00181,200101 Payables,Misc JV,Manual Payment: BILL/2026/01/0020,418.000,0.000,180
2026-01-17,PBNK1/2026/00034,100002 Ush BBYN-8002,Intercompany Transfers,Manual Payment: BILL/2026/01/0042,0.000,418.250,
2026-01-17,PBNK1/2026/00034,200101 Payables,Intercompany Transfers,Manual Payment: BILL/2026/01/0042,418.250,0.000,450
2026-01-17,BILL/2026/01/0020,500109 Cost of Sales-Laundry,Blue Diamond plus Co.,Laundry,418.000,0.000,
2026-01-17,BILL/2026/01/0020,200101 Payables,Blue Diamond plus Co.,,0.000,418.000,180
2026-01-13,PBNK1/2026/00187,100001 Ush BBYN-8001,Misc JV,Manual Payment: BILL/2026/01/0014,0.000,525.000,
2026-01-13,PBNK1/2026/00187,200101 Payables,Misc JV,Manual Payment: BILL/2026/01/0014,525.000,0.000,186
2026-01-13,PBNK1/2026/00186,100001 Ush BBYN-8001,Misc JV,Manual Payment: BILL/2026/01/0015,0.000,490.000,
2026-01-13,PBNK1/2026/00186,200101 Payables,Misc JV,Manual Payment: BILL/2026/01/0015,490.000,0.000,185
2026-01-13,PBNK1/2026/00185,100001 Ush BBYN-8001,Misc JV,Manual Payment: BILL/2026/01/0016,0.000,190.000,
2026-01-13,PBNK1/2026/00185,200101 Payables,Misc JV,Manual Payment: BILL/2026/01/0016,190.000,0.000,184
2026-01-13,PBNK1/2026/00184,100001 Ush BBYN-8001,Misc JV,Manual Payment: BILL/2026/01/0017,0.000,15.000,
2026-01-13,PBNK1/2026/00184,200101 Payables,Misc JV,Manual Payment: BILL/2026/01/0017,15.000,0.000,183
2026-01-13,PBNK1/2026/00183,100001 Ush BBYN-8001,Misc JV,Manual Payment: BILL/2026/01/0018,0.000,327.000,
2026-01-13,PBNK1/2026/00183,200101 Payables,Misc JV,Manual Payment: BILL/2026/01/0018,327.000,0.000,182
2026-01-13,PBNK1/2026/00182,100001 Ush BBYN-8001,Rental JV,Manual Payment: BILL/2026/01/0019,0.000,450.000,
2026-01-13,PBNK1/2026/00182,200101 Payables,Rental JV,Manual Payment: BILL/2026/01/0019,450.000,0.000,181
2026-01-13,BILL/2026/01/0019,500401 Spa Rent,Rental JV,Rent for Office for Jar-26,450.000,0.000,
2026-01-13,BILL/2026/01/0019,200101 Payables,Rental JV,,0.000,450.000,181
2026-01-13,BILL/2026/01/0018,300301 Partner's CA-Fahad Fawaz,Intercompany Transfers,Traffic fine,327.000,0.000,
2026-01-13,BILL/2026/01/0018,200101 Payables,Intercompany Transfers,,0.000,327.000,182
2026-01-13,BILL/2026/01/0017,300301 Partner's CA-Fahad Fawaz,Misc JV,Traffic fine,15.000,0.000,
2026-01-13,BILL/2026/01/0017,200101 Payables,Misc JV,,0.000,15.000,183
2026-01-13,BILL/2026/01/0016,300301 Partner's CA-Fahad Fawaz,Misc JV,Traffic fine,190.000,0.000,
2026-01-13,BILL/2026/01/0016,200101 Payables,Misc JV,,0.000,190.000,184
2026-01-13,BILL/2026/01/0015,300301 Partner's CA-Fahad Fawaz,Intercompany Transfers,Traffic fine,490.000,0.000,
2026-01-13,BILL/2026/01/0015,200101 Payables,Intercompany Transfers,,0.000,490.000,185
2026-01-13,BILL/2026/01/0014,300301 Partner's CA-Fahad Fawaz,Intercompany Transfers,Traffic fine,525.000,0.000,
2026-01-13,BILL/2026/01/0014,200101 Payables,Intercompany Transfers,,0.000,525.000,186
2026-01-12,PBNK1/2026/00188,100001 Ush BBYN-8001,Misc JV,Manual Payment: BILL/2026/01/0013,0.000,"5,000.000",
2026-01-12,PBNK1/2026/00188,200101 Payables,Misc JV,Manual Payment: BILL/2026/01/0013,"5,000.000",0.000,187
2026-01-12,BILL/2026/01/0013,300301 Partner's CA-Fahad Fawaz,Misc JV,Fund Transferred to Fahad Personal A/c,"5,000.000",0.000,
2026-01-12,BILL/2026/01/0013,200101 Payables,Misc JV,,0.000,"5,000.000",187
2026-01-11,PBNK1/2026/00189,100001 Ush BBYN-8001,Bank Fees,Manual Payment: BILL/2026/01/0030,0.000,0.250,
2026-01-11,PBNK1/2026/00189,200101 Payables,Bank Fees,Manual Payment: BILL/2026/01/0030,0.250,0.000,188
2026-01-11,MISC2/2026/01/0001,300301 Partner's CA-Fahad Fawaz,,,0.000,"4,000.000",
2026-01-11,MISC2/2026/01/0001,100001 Ush BBYN-8001,,,"4,000.000",0.000,
2026-01-11,MISC/2026/01/0001,100621 LHI-WIP,,Fund Rcvd back from  Saudi,0.000,"5,000.000",
2026-01-11,MISC/2026/01/0001,100001 Ush BBYN-8001,,Fund Rcvd back from  Saudi,"5,000.000",0.000,
2026-01-11,BILL/2026/01/0030,500701 Marketing-Ad Sponsors,Bank Fees,Bank charges for fund transfer,0.250,0.000,
2026-01-11,BILL/2026/01/0030,200101 Payables,Bank Fees,,0.000,0.250,188
2026-01-08,PCSH1/2026/00023,100051 Petty Cash,Misc JV,Manual Payment: BILL/2026/01/0044,0.000,495.000,
2026-01-08,PCSH1/2026/00023,200101 Payables,Misc JV,Manual Payment: BILL/2026/01/0044,495.000,0.000,
2026-01-08,PBNK1/2026/00192,100001 Ush BBYN-8001,Misc JV,Manual Payment: BILL/2026/01/0012,0.000,"5,000.000",
2026-01-08,PBNK1/2026/00192,200101 Payables,Misc JV,Manual Payment: BILL/2026/01/0012,"5,000.000",0.000,191
2026-01-08,PBNK1/2026/00191,100001 Ush BBYN-8001,Bank Fees,Manual Payment: BILL/2026/01/0032,0.000,5.000,
2026-01-08,PBNK1/2026/00191,200101 Payables,Bank Fees,Manual Payment: BILL/2026/01/0032,5.000,0.000,190
2026-01-08,PBNK1/2026/00190,100001 Ush BBYN-8001,Deema Fawaz AlAdwani,Manual Payment: BILL/2026/01/0031,0.000,495.000,
2026-01-08,PBNK1/2026/00190,200101 Payables,Deema Fawaz AlAdwani,Manual Payment: BILL/2026/01/0031,495.000,0.000,189
2026-01-08,PBNK1/2026/00033,100002 Ush BBYN-8002,Intercompany Transfers,Manual Payment: BILL/2026/01/0042,0.000,500.000,
2026-01-08,PBNK1/2026/00033,200101 Payables,Intercompany Transfers,Manual Payment: BILL/2026/01/0042,500.000,0.000,450
2026-01-08,BILL/2026/01/0032,500701 Marketing-Ad Sponsors,Bank Fees,Bank charges for fund transfer,5.000,0.000,
2026-01-08,BILL/2026/01/0032,200101 Payables,Bank Fees,,0.000,5.000,190
2026-01-08,BILL/2026/01/0031,100051 Petty Cash,Deema Fawaz AlAdwani,Petty cash transferred to Deema,495.000,0.000,
2026-01-08,BILL/2026/01/0031,200101 Payables,Deema Fawaz AlAdwani,,0.000,495.000,189
2026-01-08,BILL/2026/01/0012,100621 LHI-WIP,Misc JV,Fund transferred to  Saudi,"5,000.000",0.000,
2026-01-08,BILL/2026/01/0012,200101 Payables,Misc JV,,0.000,"5,000.000",191
2026-01-07,PBNK3/2026/00008,100003 Ush BBYN-8003,Intercompany Transfers,Manual Payment: BILL/2026/01/0037,0.000,"7,500.000",
2026-01-07,PBNK3/2026/00008,200101 Payables,Intercompany Transfers,Manual Payment: BILL/2026/01/0037,"7,500.000",0.000,421
2026-01-07,PBNK1/2026/00195,100001 Ush BBYN-8001,Suspense JV,Manual Payment: BILL/2026/01/0009,0.000,522.000,
2026-01-07,PBNK1/2026/00195,200101 Payables,Suspense JV,Manual Payment: BILL/2026/01/0009,522.000,0.000,194
2026-01-07,PBNK1/2026/00194,100001 Ush BBYN-8001,SPA AND MORE FOR GENERAL TRADING COMPANY WLL,Manual Payment: BILL/2026/01/0010,0.000,"2,000.000",
2026-01-07,PBNK1/2026/00194,200101 Payables,SPA AND MORE FOR GENERAL TRADING COMPANY WLL,Manual Payment: BILL/2026/01/0010,"2,000.000",0.000,P626
2026-01-07,PBNK1/2026/00193,100001 Ush BBYN-8001,Misc JV,Manual Payment: BILL/2026/01/0011,0.000,460.000,
2026-01-07,PBNK1/2026/00193,200101 Payables,Misc JV,Manual Payment: BILL/2026/01/0011,460.000,0.000,192
2026-01-07,PBNK1/2026/00032,100002 Ush BBYN-8002,Intercompany Transfers,Manual Payment: BILL/2026/01/0042,0.000,"5,462.000",
2026-01-07,PBNK1/2026/00032,200101 Payables,Intercompany Transfers,Manual Payment: BILL/2026/01/0042,"5,462.000",0.000,450
2026-01-07,BILL/2026/01/0037,100001 Ush BBYN-8001,Intercompany Transfers,Interbank Transfer,"7,500.000",0.000,
2026-01-07,BILL/2026/01/0037,200101 Payables,Intercompany Transfers,,0.000,"7,500.000",421
2026-01-07,BILL/2026/01/0011,500701 Marketing-Ad Sponsors,Misc JV,,460.000,0.000,
2026-01-07,BILL/2026/01/0011,200101 Payables,Misc JV,,0.000,460.000,192
2026-01-07,BILL/2026/01/0009,500314 Staff Recruitment Expenses,Suspense JV,,522.000,0.000,
2026-01-07,BILL/2026/01/0009,200101 Payables,Suspense JV,,0.000,522.000,194
2026-01-04,PBNK3/2026/00007,100003 Ush BBYN-8003,Bank Fees,Manual Payment: BILL/2026/01/0036,0.000,20.000,
2026-01-04,PBNK3/2026/00007,200101 Payables,Bank Fees,Manual Payment: BILL/2026/01/0036,20.000,0.000,420
2026-01-04,PBNK1/2026/00200,100001 Ush BBYN-8001,Suspense JV,Manual Payment: BILL/2026/01/0004,0.000,556.000,
2026-01-04,PBNK1/2026/00200,200101 Payables,Suspense JV,Manual Payment: BILL/2026/01/0004,556.000,0.000,199
2026-01-04,PBNK1/2026/00199,100001 Ush BBYN-8001,Suspense JV,Manual Payment: BILL/2026/01/0005,0.000,500.000,
2026-01-04,PBNK1/2026/00199,200101 Payables,Suspense JV,Manual Payment: BILL/2026/01/0005,500.000,0.000,198
2026-01-04,PBNK1/2026/00198,100001 Ush BBYN-8001,Suspense JV,Manual Payment: BILL/2026/01/0006,0.000,29.145,
2026-01-04,PBNK1/2026/00198,200101 Payables,Suspense JV,Manual Payment: BILL/2026/01/0006,29.145,0.000,197
2026-01-04,PBNK1/2026/00197,100001 Ush BBYN-8001,Suspense JV,Manual Payment: BILL/2026/01/0007,0.000,400.000,
2026-01-04,PBNK1/2026/00197,200101 Payables,Suspense JV,Manual Payment: BILL/2026/01/0007,400.000,0.000,196
2026-01-04,PBNK1/2026/00196,100001 Ush BBYN-8001,Suspense JV,Manual Payment: BILL/2026/01/0008,0.000,400.000,
2026-01-04,PBNK1/2026/00196,200101 Payables,Suspense JV,Manual Payment: BILL/2026/01/0008,400.000,0.000,195
2026-01-04,PBNK1/2026/00031,100002 Ush BBYN-8002,Intercompany Transfers,Manual Payment: BILL/2026/01/0042,0.000,"1,000.000",
2026-01-04,PBNK1/2026/00031,200101 Payables,Intercompany Transfers,Manual Payment: BILL/2026/01/0042,"1,000.000",0.000,450
2026-01-04,PBNK1/2026/00023,100002 Ush BBYN-8002,Bank Fees,Manual Payment: BILL/2026/01/0038,0.000,20.000,
2026-01-04,PBNK1/2026/00023,200101 Payables,Bank Fees,Manual Payment: BILL/2026/01/0038,20.000,0.000,446
2026-01-04,BILL/2026/01/0038,500601 Bank Fees,Bank Fees,Bank Charges-POS,10.000,0.000,
2026-01-04,BILL/2026/01/0038,500601 Bank Fees,Bank Fees,Bank Charges-POS,10.000,0.000,
2026-01-04,BILL/2026/01/0038,200101 Payables,Bank Fees,,0.000,20.000,446
2026-01-04,BILL/2026/01/0036,500601 Bank Fees,Bank Fees,Bank Charges-POS,10.000,0.000,
2026-01-04,BILL/2026/01/0036,500601 Bank Fees,Bank Fees,Bank Charges-POS,10.000,0.000,
2026-01-04,BILL/2026/01/0036,200101 Payables,Bank Fees,,0.000,20.000,420
2026-01-04,BILL/2026/01/0008,300301 Partner's CA-Fahad Fawaz,Intercompany Transfers,salaries,400.000,0.000,
2026-01-04,BILL/2026/01/0008,200101 Payables,Intercompany Transfers,,0.000,400.000,195
2026-01-04,BILL/2026/01/0007,300301 Partner's CA-Fahad Fawaz,Intercompany Transfers,Fund Transferred to Fahad Personal A/c,400.000,0.000,
2026-01-04,BILL/2026/01/0007,200101 Payables,Intercompany Transfers,,0.000,400.000,196
2026-01-04,BILL/2026/01/0006,300301 Partner's CA-Fahad Fawaz,Intercompany Transfers,Fund Transferred to Fahad Personal A/c,29.145,0.000,
2026-01-04,BILL/2026/01/0006,200101 Payables,Intercompany Transfers,,0.000,29.145,197
2026-01-04,BILL/2026/01/0005,100051 Petty Cash,Suspense JV,Petty cash,500.000,0.000,
2026-01-04,BILL/2026/01/0005,200101 Payables,Suspense JV,,0.000,500.000,198
2026-01-04,BILL/2026/01/0004,300301 Partner's CA-Fahad Fawaz,Suspense JV,salaries,500.000,0.000,
2026-01-04,BILL/2026/01/0004,200101 Payables,Suspense JV,,0.000,556.000,199
2026-01-04,BILL/2026/01/0004,501112 Subcription-ChiDesk,Suspense JV,Chidesk,56.000,0.000,
2026-01-03,PBNK1/2026/00201,100001 Ush BBYN-8001,Rental JV,Manual Payment: BILL/2026/01/0003,0.000,"5,300.000",
2026-01-03,PBNK1/2026/00201,200101 Payables,Rental JV,Manual Payment: BILL/2026/01/0003,"5,300.000",0.000,200
2026-01-03,PBNK1/2026/00030,100002 Ush BBYN-8002,Intercompany Transfers,Manual Payment: BILL/2026/01/0042,0.000,"2,000.000",
2026-01-03,PBNK1/2026/00030,200101 Payables,Intercompany Transfers,Manual Payment: BILL/2026/01/0042,"2,000.000",0.000,450
2026-01-03,BILL/2026/01/0003,500401 Spa Rent,Rental JV,Payment to Alenjaz French Co for the rent for Ush Spa Mangaf on 03-01-2026,"2,750.000",0.000,
2026-01-03,BILL/2026/01/0003,500310 Staff Accomodation,Rental JV,Payment to Alenjaz French Co for the rent for Ush Spa Mangaf staff accommodation ON 03-01-2026,400.000,0.000,
2026-01-03,BILL/2026/01/0003,500401 Spa Rent,Rental JV,Payment to Nasser ahmed abdul lattif for the rent of Ush spa sharq first floor and Staff accommodatiobn for jul-26 on 04-07-2026,"1,000.000",0.000,
2026-01-03,BILL/2026/01/0003,500401 Spa Rent,Rental JV,Payment to Nasser ahmed abdul lattif for the rent of Ush spa sharq first floor  on 03-01-2026,800.000,0.000,
2026-01-03,BILL/2026/01/0003,500310 Staff Accomodation,Rental JV,Payment to Nasser ahmed abdul lattif for the rent of Ush spa sharq Staff accommodatiobn on 03-01-2026,350.000,0.000,
2026-01-03,BILL/2026/01/0003,200101 Payables,Rental JV,,0.000,"5,300.000",200
2026-01-01,PCSH3/2026/00017,300301 Partner's CA-Fahad Fawaz,Staff Expenses JV,Manual Payment: 1225,0.000,"7,984.500",
2026-01-01,PCSH3/2026/00017,200101 Payables,Staff Expenses JV,Manual Payment: 1225,"7,984.500",0.000,541
2026-01-01,PBNK1/2026/00204,100001 Ush BBYN-8001,Staff Expenses JV,Manual Payment: BILL/2026/01/0001,0.000,"4,761.680",
2026-01-01,PBNK1/2026/00204,200101 Payables,Staff Expenses JV,Manual Payment: BILL/2026/01/0001,"4,761.680",0.000,485
2026-01-01,PBNK1/2026/00203,100001 Ush BBYN-8001,Misc JV,Manual Payment: BILL/2026/01/0002,0.000,"2,000.000",
2026-01-01,PBNK1/2026/00203,200101 Payables,Misc JV,Manual Payment: BILL/2026/01/0002,"2,000.000",0.000,202
2026-01-01,PBNK1/2026/00037,100002 Ush BBYN-8002,Intercompany Transfers,Manual Payment: BILL/2026/01/0043,0.000,"2,363.000",
2026-01-01,PBNK1/2026/00037,200101 Payables,Intercompany Transfers,Manual Payment: BILL/2026/01/0043,"2,363.000",0.000,451
2026-01-01,PBNK1/2026/00029,100002 Ush BBYN-8002,Intercompany Transfers,Manual Payment: BILL/2026/01/0042,0.000,"10,000.000",
2026-01-01,PBNK1/2026/00029,200101 Payables,Intercompany Transfers,Manual Payment: BILL/2026/01/0042,"10,000.000",0.000,450
2026-01-01,PBNK1/2026/00025,100002 Ush BBYN-8002,Intercompany Transfers,Manual Payment: BILL/2026/01/0040,0.000,400.000,
2026-01-01,PBNK1/2026/00025,200101 Payables,Intercompany Transfers,Manual Payment: BILL/2026/01/0040,400.000,0.000,448
2026-01-01,PBNK1/2026/00016,100002 Ush BBYN-8002,Sales JV,Manual Payment: INV/2026/00002,"31,090.682",0.000,
2026-01-01,PBNK1/2026/00016,100201 Accounts Receivable,Sales JV,Manual Payment: INV/2026/00002,0.000,"31,090.682",401
2026-01-01,INV/2026/00016,400101 Sales-Spa,Sales JV,Cash Sales for the month,0.000,306.000,
2026-01-01,INV/2026/00016,400101 Sales-Spa,Sales JV,Deema Sales for the month,0.000,0.000,
2026-01-01,INV/2026/00016,400101 Sales-Spa,Sales JV,GCC Sales for the month,0.000,0.000,
2026-01-01,INV/2026/00016,400101 Sales-Spa,Sales JV,Knet Sales for the month,0.000,"5,844.000",
2026-01-01,INV/2026/00016,400101 Sales-Spa,Sales JV,Link Sales for the month,0.000,0.000,
2026-01-01,INV/2026/00016,400101 Sales-Spa,Sales JV,Master Visa Sales for the month,0.000,"2,160.000",
2026-01-01,INV/2026/00016,400101 Sales-Spa,Sales JV,My Fatoorah Sale for month,0.000,0.000,
2026-01-01,INV/2026/00016,400101 Sales-Spa,Sales JV,Tap Sales for month,0.000,0.000,
2026-01-01,INV/2026/00016,500320 Residency & Visa Exp.,Sales JV,Visa Expenses,0.000,0.000,
2026-01-01,INV/2026/00016,500602 Knet Fees,Sales JV,Knet Charges,11.690,0.000,
2026-01-01,INV/2026/00016,500603 Visa/MC Fees,Sales JV,MCC/Visa Charges,48.600,0.000,
2026-01-01,INV/2026/00016,100201 Accounts Receivable,Sales JV,INV/2026/00016,"8,249.710",0.000,419
2026-01-01,INV/2026/00002,400101 Sales-Spa,Sales JV,Cash Sales for the month,0.000,978.000,
2026-01-01,INV/2026/00002,400101 Sales-Spa,Sales JV,Deema Sales for the month,0.000,0.000,
2026-01-01,INV/2026/00002,400101 Sales-Spa,Sales JV,GCC Sales for the month,0.000,0.000,
2026-01-01,INV/2026/00002,400101 Sales-Spa,Sales JV,Knet Sales for the month,0.000,"16,524.000",
2026-01-01,INV/2026/00002,400101 Sales-Spa,Sales JV,Link Sales for the month,0.000,"9,440.000",
2026-01-01,INV/2026/00002,400101 Sales-Spa,Sales JV,Master Visa Sales for the month,0.000,"4,277.980",
2026-01-01,INV/2026/00002,500602 Knet Fees,Sales JV,Knet Charges,33.048,0.000,
2026-01-01,INV/2026/00002,500603 Visa/MC Fees,Sales JV,MCC/Visa Charges,96.250,0.000,
2026-01-01,INV/2026/00002,100201 Accounts Receivable,Sales JV,BBYN-02 - INV/2026/00002,"31,090.682",0.000,401
2026-01-01,BILL/2026/01/0043,300301 Partner's CA-Fahad Fawaz,Intercompany Transfers,Fahad-Personal A/c,"2,363.000",0.000,
2026-01-01,BILL/2026/01/0043,200101 Payables,Intercompany Transfers,,0.000,"2,363.000",451
2026-01-01,BILL/2026/01/0040,104101 Related Party-Refresh Co.,Intercompany Transfers,Related Party,400.000,0.000,
2026-01-01,BILL/2026/01/0040,200101 Payables,Intercompany Transfers,,0.000,400.000,448
2026-01-01,BILL/2026/01/0033,500502 Govt. fees,Ali Bahaa,Ministry of Commerce Extract (Musthakraj),7.000,0.000,
2026-01-01,BILL/2026/01/0033,500704 Printing & Stationary,Ali Bahaa,Stamp and Hanger,6.500,0.000,
2026-01-01,BILL/2026/01/0033,500502 Govt. fees,Ali Bahaa,Traffice Fee,2.000,0.000,
2026-01-01,BILL/2026/01/0033,500320 Residency & Visa Exp.,Ali Bahaa,Maricho Residancy Fees (Work Permission/Healthy Insurance/Ikhama/Civil ID) E No:31,180.000,0.000,
2026-01-01,BILL/2026/01/0033,500320 Residency & Visa Exp.,Ali Bahaa,Lorgen Residancy Fees (Work Permission/Healthy Insurance/Ikhama/Civil ID) E No:32,180.000,0.000,
2026-01-01,BILL/2026/01/0033,500320 Residency & Visa Exp.,Ali Bahaa,Genki Residancy Fees (Work Permission/Healthy Insurance/Ikhama/Civil ID) E No:33,180.000,0.000,
2026-01-01,BILL/2026/01/0033,500106 Cost of Sales-Consumables,Ali Bahaa,"Bra Black 48 Pcs CTN, Panty Black Lady 48 Pcs PKT",102.000,0.000,
2026-01-01,BILL/2026/01/0033,500106 Cost of Sales-Consumables,Ali Bahaa,Small Wax,25.000,0.000,
2026-01-01,BILL/2026/01/0033,501105 Cleaning,Ali Bahaa,Glass Cleaner 500 Ml,2.900,0.000,
2026-01-01,BILL/2026/01/0033,500105 Cost of Sales-Hospitality,Ali Bahaa,Sugar Portion (White) 1000 x 4 GM,6.750,0.000,
2026-01-01,BILL/2026/01/0033,200101 Payables,Ali Bahaa,,0.000,692.150,267
2026-01-01,BILL/2026/01/0001,300301 Partner's CA-Fahad Fawaz,Staff Expenses JV,Cash salary jan-26,800.000,0.000,
2026-01-01,BILL/2026/01/0001,300301 Partner's CA-Fahad Fawaz,Staff Expenses JV,Cash salary jan-26,800.000,0.000,
2026-01-01,BILL/2026/01/0001,300301 Partner's CA-Fahad Fawaz,Staff Expenses JV,Cash salary jan-26,400.000,0.000,
2026-01-01,BILL/2026/01/0001,300301 Partner's CA-Fahad Fawaz,Staff Expenses JV,Cash salary jan-26,"1,500.000",0.000,
2026-01-01,BILL/2026/01/0001,300301 Partner's CA-Fahad Fawaz,Staff Expenses JV,Cash salary jan-26,800.000,0.000,
2026-01-01,BILL/2026/01/0001,300301 Partner's CA-Fahad Fawaz,Staff Expenses JV,Cash salary jan-26,161.680,0.000,
2026-01-01,BILL/2026/01/0001,300301 Partner's CA-Fahad Fawaz,Staff Expenses JV,Cash salary jan-26,300.000,0.000,
2026-01-01,BILL/2026/01/0001,200101 Payables,Staff Expenses JV,,0.000,"4,761.680",485
2025-12-31,PCSH2/2025/00013,100051 Petty Cash,Ali Bahaa,Manual Payment: Ali Bahaa,0.000,122.000,
2025-12-31,PCSH2/2025/00013,200101 Payables,Ali Bahaa,Manual Payment: Ali Bahaa,122.000,0.000,507
2025-12-31,PBNK1/2025/00040,100002 Ush BBYN-8002,Bank Fees,Manual Payment: BILL/2025/12/0048,0.000,61.250,
2025-12-31,PBNK1/2025/00040,200101 Payables,Bank Fees,Manual Payment: BILL/2025/12/0048,61.250,0.000,395
2025-12-31,PBNK1/2025/00035,100001 Ush BBYN-8001,Misc JV,Manual Payment: BILL/2025/12/0031,0.000,408.000,
2025-12-31,PBNK1/2025/00035,200101 Payables,Misc JV,Manual Payment: BILL/2025/12/0031,408.000,0.000,325
2025-12-31,PBNK1/2025/00034,100001 Ush BBYN-8001,Misc JV,Manual Payment: BILL/2025/12/0030,0.000,449.000,
2025-12-31,PBNK1/2025/00034,200101 Payables,Misc JV,Manual Payment: BILL/2025/12/0030,449.000,0.000,324
2025-12-31,PBNK1/2025/00033,100001 Ush BBYN-8001,Misc JV,Manual Payment: BILL/2025/12/0029,0.000,123.000,
2025-12-31,PBNK1/2025/00033,200101 Payables,Misc JV,Manual Payment: BILL/2025/12/0029,123.000,0.000,323
2025-12-31,PBNK1/2025/00032,100001 Ush BBYN-8001,Misc JV,Manual Payment: BILL/2025/12/0028,0.000,250.000,
2025-12-31,PBNK1/2025/00032,200101 Payables,Misc JV,Manual Payment: BILL/2025/12/0028,250.000,0.000,322
2025-12-31,MISC/2025/12/0001,500332 Leave Salary,,leave for the month,669.288,0.000,
2025-12-31,MISC/2025/12/0001,200502 Leave Days Provision,,leave for the month`,0.000,669.288,
2025-12-31,MISC/2025/12/0001,500331 End of Service Indemnity,,Indemnity for the month,330.455,0.000,
2025-12-31,MISC/2025/12/0001,200503 End of Service Provision,,Indemnity for the month,0.000,330.455,
2025-12-31,BILL/2025/12/0058,500301 Basic Salary,Staff Expenses JV,Basic Salary,"6,682.000",0.000,
2025-12-31,BILL/2025/12/0058,500306 Sales Commission,Staff Expenses JV,Commission,"1,577.000",0.000,
2025-12-31,BILL/2025/12/0058,500308 Staff Overtime,Staff Expenses JV,Over Time,125.500,0.000,
2025-12-31,BILL/2025/12/0058,204101 Due to Related Party-Refresh Co.,Staff Expenses JV,Salary By REFRESH,0.000,800.000,
2025-12-31,BILL/2025/12/0058,104101 Related Party-Refresh Co.,Staff Expenses JV,Salary On Behalf of Refresh,400.000,0.000,
2025-12-31,BILL/2025/12/0058,200101 Payables,Staff Expenses JV,1225,0.000,"7,984.500",541
2025-12-31,BILL/2025/12/0048,500601 Bank Fees,Bank Fees,Transaction Fees,61.250,0.000,
2025-12-31,BILL/2025/12/0048,200101 Payables,Bank Fees,,0.000,61.250,395
2025-12-31,BILL/2025/12/0031,100102 Bank Suspense Account,Misc JV,,408.000,0.000,
2025-12-31,BILL/2025/12/0031,200101 Payables,Misc JV,,0.000,408.000,325
2025-12-31,BILL/2025/12/0030,100102 Bank Suspense Account,Misc JV,,449.000,0.000,
2025-12-31,BILL/2025/12/0030,200101 Payables,Misc JV,,0.000,449.000,324
2025-12-31,BILL/2025/12/0029,100102 Bank Suspense Account,Misc JV,,123.000,0.000,
2025-12-31,BILL/2025/12/0029,200101 Payables,Misc JV,,0.000,123.000,323
2025-12-31,BILL/2025/12/0028,100102 Bank Suspense Account,Misc JV,,250.000,0.000,
2025-12-31,BILL/2025/12/0028,200101 Payables,Misc JV,,0.000,250.000,322
2025-12-31,BILL/2025/12/0022,100051 Petty Cash,Misc JV,,30.000,0.000,
2025-12-31,BILL/2025/12/0022,200101 Payables,Misc JV,,0.000,30.000,316
2025-12-30,PBNK1/2025/00039,100002 Ush BBYN-8002,Intercompany Transfers,Manual Payment: BILL/2025/12/0047,0.000,"2,500.000",
2025-12-30,PBNK1/2025/00039,200101 Payables,Intercompany Transfers,Manual Payment: BILL/2025/12/0047,"2,500.000",0.000,394
2025-12-30,PBNK1/2025/00031,100001 Ush BBYN-8001,Misc JV,Manual Payment: BILL/2025/12/0027,0.000,14.000,
2025-12-30,PBNK1/2025/00031,200101 Payables,Misc JV,Manual Payment: BILL/2025/12/0027,14.000,0.000,321
2025-12-30,BILL/2025/12/0027,100102 Bank Suspense Account,Misc JV,,14.000,0.000,
2025-12-30,BILL/2025/12/0027,200101 Payables,Misc JV,,0.000,14.000,321
2025-12-28,PBNK1/2025/00030,100001 Ush BBYN-8001,Misc JV,Manual Payment: BILL/2025/12/0026,0.000,24.000,
2025-12-28,PBNK1/2025/00030,200101 Payables,Misc JV,Manual Payment: BILL/2025/12/0026,24.000,0.000,320
2025-12-28,PBNK1/2025/00029,100001 Ush BBYN-8001,Misc JV,Manual Payment: BILL/2025/12/0025,0.000,585.000,
2025-12-28,PBNK1/2025/00029,200101 Payables,Misc JV,Manual Payment: BILL/2025/12/0025,585.000,0.000,319
2025-12-28,BILL/2025/12/0047,100001 Ush BBYN-8001,Intercompany Transfers,Interbank Transfer,500.000,0.000,
2025-12-28,BILL/2025/12/0047,100001 Ush BBYN-8001,Intercompany Transfers,Interbank Transfer,"2,000.000",0.000,
2025-12-28,BILL/2025/12/0047,200101 Payables,Intercompany Transfers,,0.000,"2,500.000",394
2025-12-28,BILL/2025/12/0026,100102 Bank Suspense Account,Misc JV,,24.000,0.000,
2025-12-28,BILL/2025/12/0026,200101 Payables,Misc JV,,0.000,24.000,320
2025-12-28,BILL/2025/12/0025,500701 Marketing-Ad Sponsors,Misc JV,,585.000,0.000,
2025-12-28,BILL/2025/12/0025,200101 Payables,Misc JV,,0.000,585.000,319
2025-12-26,PBNK1/2025/00038,100002 Ush BBYN-8002,Intercompany Transfers,Manual Payment: BILL/2025/12/0046,0.000,350.000,
2025-12-26,PBNK1/2025/00038,200101 Payables,Intercompany Transfers,Manual Payment: BILL/2025/12/0046,350.000,0.000,393
2025-12-24,PBNK1/2025/00037,100002 Ush BBYN-8002,Intercompany Transfers,Manual Payment: BILL/2025/12/0045,0.000,"1,800.000",
2025-12-24,PBNK1/2025/00037,200101 Payables,Intercompany Transfers,Manual Payment: BILL/2025/12/0045,"1,800.000",0.000,392
2025-12-24,PBNK1/2025/00028,100001 Ush BBYN-8001,Misc JV,Manual Payment: BILL/2025/12/0024,0.000,200.000,
2025-12-24,PBNK1/2025/00028,200101 Payables,Misc JV,Manual Payment: BILL/2025/12/0024,200.000,0.000,318
2025-12-24,PBNK1/2025/00027,100001 Ush BBYN-8001,Misc JV,Manual Payment: BILL/2025/12/0023,0.000,675.000,
2025-12-24,PBNK1/2025/00027,200101 Payables,Misc JV,Manual Payment: BILL/2025/12/0023,675.000,0.000,317
2025-12-24,PBNK1/2025/00026,100001 Ush BBYN-8001,Misc JV,Manual Payment: BILL/2025/12/0022,0.000,30.000,
2025-12-24,PBNK1/2025/00026,200101 Payables,Misc JV,Manual Payment: BILL/2025/12/0022,30.000,0.000,316
2025-12-24,BILL/2025/12/0046,300301 Partner's CA-Fahad Fawaz,Intercompany Transfers,Fahad-Personal A/c,250.000,0.000,
2025-12-24,BILL/2025/12/0046,300301 Partner's CA-Fahad Fawaz,Intercompany Transfers,Fahad-Personal A/c,100.000,0.000,
2025-12-24,BILL/2025/12/0046,200101 Payables,Intercompany Transfers,,0.000,350.000,393
2025-12-24,BILL/2025/12/0024,100102 Bank Suspense Account,Misc JV,,200.000,0.000,
2025-12-24,BILL/2025/12/0024,200101 Payables,Misc JV,,0.000,200.000,318
2025-12-24,BILL/2025/12/0023,100051 Petty Cash,Misc JV,,675.000,0.000,
2025-12-24,BILL/2025/12/0023,200101 Payables,Misc JV,,0.000,675.000,317
2025-12-23,PBNK1/2025/00025,100001 Ush BBYN-8001,Rental JV,Manual Payment: BILL/2025/12/0021,0.000,280.000,
2025-12-23,PBNK1/2025/00025,200101 Payables,Rental JV,Manual Payment: BILL/2025/12/0021,280.000,0.000,315
2025-12-23,PBNK1/2025/00024,100001 Ush BBYN-8001,Misc JV,Manual Payment: BILL/2025/12/0020,0.000,150.000,
2025-12-23,PBNK1/2025/00024,200101 Payables,Misc JV,Manual Payment: BILL/2025/12/0020,150.000,0.000,314
2025-12-23,BILL/2025/12/0021,500402 Warehouse Rent,Rental JV,Rent Ush Store-Sabah Nasser,280.000,0.000,
2025-12-23,BILL/2025/12/0021,200101 Payables,Rental JV,,0.000,280.000,315
2025-12-23,BILL/2025/12/0020,100102 Bank Suspense Account,Misc JV,,150.000,0.000,
2025-12-23,BILL/2025/12/0020,200101 Payables,Misc JV,,0.000,150.000,314
2025-12-22,PCSH2/2025/00012,100051 Petty Cash,Ali Bahaa,Manual Payment: Ali Bahaa,0.000,190.000,
2025-12-22,PCSH2/2025/00012,200101 Payables,Ali Bahaa,Manual Payment: Ali Bahaa,190.000,0.000,506
2025-12-22,PCSH2/2025/00011,100051 Petty Cash,Ali Bahaa,Manual Payment: Ali Bahaa,0.000,710.500,
2025-12-22,PCSH2/2025/00011,200101 Payables,Ali Bahaa,Manual Payment: Ali Bahaa,710.500,0.000,505
2025-12-22,BILL/2025/12/0066,500320 Residency & Visa Exp.,Ali Bahaa,"HAZEL Work Permission fees , No :24",60.000,0.000,
2025-12-22,BILL/2025/12/0066,500320 Residency & Visa Exp.,Ali Bahaa,"HAZEL Residency fees ,  No :24",10.000,0.000,
2025-12-22,BILL/2025/12/0066,500502 Govt. fees,Ali Bahaa,Buy fire extinguishers for the Head Office,50.000,0.000,
2025-12-22,BILL/2025/12/0066,500502 Govt. fees,Ali Bahaa,Traffic signature approval fees ( The Head Office ),2.000,0.000,
2025-12-22,BILL/2025/12/0066,200101 Payables,Ali Bahaa,Ali Bahaa,0.000,122.000,507
2025-12-22,BILL/2025/12/0065,500320 Residency & Visa Exp.,Ali Bahaa,"Medical Check for Maricho Residency , no : 31",10.000,0.000,
2025-12-22,BILL/2025/12/0065,500320 Residency & Visa Exp.,Ali Bahaa,"Medical Check for jinky Residency , no : 33",10.000,0.000,
2025-12-22,BILL/2025/12/0065,500321 Staff Medical Card,Ali Bahaa,New medical card for Urai Khotsombat  no : 8,10.000,0.000,
2025-12-22,BILL/2025/12/0065,500321 Staff Medical Card,Ali Bahaa,New medical card for Onanong Kerdsin  no : 7,10.000,0.000,
2025-12-22,BILL/2025/12/0065,500321 Staff Medical Card,Ali Bahaa,New medical card for Patraporn Koedsin no : 9,15.000,0.000,
2025-12-22,BILL/2025/12/0065,500321 Staff Medical Card,Ali Bahaa,New medical card for Suvab no : 16,10.000,0.000,
2025-12-22,BILL/2025/12/0065,500321 Staff Medical Card,Ali Bahaa,New medical card for Rung no : 17,10.000,0.000,
2025-12-22,BILL/2025/12/0065,500320 Residency & Visa Exp.,Ali Bahaa,"HAZEL Healthy Insurance fees ,  No :24",100.000,0.000,
2025-12-22,BILL/2025/12/0065,500320 Residency & Visa Exp.,Ali Bahaa,"HAZEL Residency fees ,  No :24",10.000,0.000,
2025-12-22,BILL/2025/12/0065,500320 Residency & Visa Exp.,Ali Bahaa,"HAZEL Civil ID fees ,  No :24",5.000,0.000,
2025-12-22,BILL/2025/12/0065,200101 Payables,Ali Bahaa,Ali Bahaa,0.000,190.000,506
2025-12-21,PBNK1/2025/00023,100001 Ush BBYN-8001,Misc JV,Manual Payment: BILL/2025/12/0019,0.000,370.000,
2025-12-21,PBNK1/2025/00023,200101 Payables,Misc JV,Manual Payment: BILL/2025/12/0019,370.000,0.000,313
2025-12-21,BILL/2025/12/0045,100001 Ush BBYN-8001,Intercompany Transfers,Interbank Transfer,300.000,0.000,
2025-12-21,BILL/2025/12/0045,100001 Ush BBYN-8001,Intercompany Transfers,Interbank Transfer,500.000,0.000,
2025-12-21,BILL/2025/12/0045,100001 Ush BBYN-8001,Intercompany Transfers,Interbank Transfer,500.000,0.000,
2025-12-21,BILL/2025/12/0045,100001 Ush BBYN-8001,Intercompany Transfers,Interbank Transfer,500.000,0.000,
2025-12-21,BILL/2025/12/0045,200101 Payables,Intercompany Transfers,,0.000,"1,800.000",392
2025-12-21,BILL/2025/12/0019,100102 Bank Suspense Account,Misc JV,,370.000,0.000,
2025-12-21,BILL/2025/12/0019,200101 Payables,Misc JV,,0.000,370.000,313
2025-12-20,PBNK1/2025/00036,100002 Ush BBYN-8002,Intercompany Transfers,Manual Payment: BILL/2025/12/0044,0.000,200.000,
2025-12-20,PBNK1/2025/00036,200101 Payables,Intercompany Transfers,Manual Payment: BILL/2025/12/0044,200.000,0.000,391
2025-12-19,PBNK1/2025/00022,100001 Ush BBYN-8001,Misc JV,Manual Payment: BILL/2025/12/0018,0.000,16.300,
2025-12-19,PBNK1/2025/00022,200101 Payables,Misc JV,Manual Payment: BILL/2025/12/0018,16.300,0.000,312
2025-12-19,PBNK1/2025/00021,100001 Ush BBYN-8001,Misc JV,Manual Payment: BILL/2025/12/0017,0.000,25.540,
2025-12-19,PBNK1/2025/00021,200101 Payables,Misc JV,Manual Payment: BILL/2025/12/0017,25.540,0.000,311
2025-12-19,BILL/2025/12/0018,100102 Bank Suspense Account,Misc JV,,16.300,0.000,
2025-12-19,BILL/2025/12/0018,200101 Payables,Misc JV,,0.000,16.300,312
2025-12-19,BILL/2025/12/0017,100102 Bank Suspense Account,Misc JV,,25.540,0.000,
2025-12-19,BILL/2025/12/0017,200101 Payables,Misc JV,,0.000,25.540,311
2025-12-18,PBNK1/2025/00035,100002 Ush BBYN-8002,Intercompany Transfers,Manual Payment: BILL/2025/12/0044,0.000,40.000,
2025-12-18,PBNK1/2025/00035,200101 Payables,Intercompany Transfers,Manual Payment: BILL/2025/12/0044,40.000,0.000,391
2025-12-18,PBNK1/2025/00034,100002 Ush BBYN-8002,Intercompany Transfers,Manual Payment: BILL/2025/12/0043,0.000,500.000,
2025-12-18,PBNK1/2025/00034,200101 Payables,Intercompany Transfers,Manual Payment: BILL/2025/12/0043,500.000,0.000,390
2025-12-18,PBNK1/2025/00020,100001 Ush BBYN-8001,Misc JV,Manual Payment: BILL/2025/12/0016,0.000,307.000,
2025-12-18,PBNK1/2025/00020,200101 Payables,Misc JV,Manual Payment: BILL/2025/12/0016,307.000,0.000,310
2025-12-18,BILL/2025/12/0044,300301 Partner's CA-Fahad Fawaz,Intercompany Transfers,Fahad-Personal A/c,40.000,0.000,
2025-12-18,BILL/2025/12/0044,300301 Partner's CA-Fahad Fawaz,Intercompany Transfers,Fahad-Personal A/c,200.000,0.000,
2025-12-18,BILL/2025/12/0044,200101 Payables,Intercompany Transfers,,0.000,240.000,391
2025-12-18,BILL/2025/12/0043,100001 Ush BBYN-8001,Intercompany Transfers,Interbank Transfer,500.000,0.000,
2025-12-18,BILL/2025/12/0043,200101 Payables,Intercompany Transfers,,0.000,500.000,390
2025-12-18,BILL/2025/12/0016,500701 Marketing-Ad Sponsors,Misc JV,,307.000,0.000,
2025-12-18,BILL/2025/12/0016,200101 Payables,Misc JV,,0.000,307.000,310
2025-12-16,PCSH2/2025/00010,100051 Petty Cash,Ali Bahaa,Manual Payment: Ali Bahaa,0.000,50.500,
2025-12-16,PCSH2/2025/00010,200101 Payables,Ali Bahaa,Manual Payment: Ali Bahaa,50.500,0.000,504
2025-12-16,PCSH2/2025/00009,100051 Petty Cash,Ali Bahaa,Manual Payment: Ali Bahaa,0.000,151.000,
2025-12-16,PCSH2/2025/00009,200101 Payables,Ali Bahaa,Manual Payment: Ali Bahaa,151.000,0.000,503
2025-12-16,PBNK1/2025/00033,100002 Ush BBYN-8002,Intercompany Transfers,Manual Payment: BILL/2025/12/0042,0.000,245.000,
2025-12-16,PBNK1/2025/00033,200101 Payables,Intercompany Transfers,Manual Payment: BILL/2025/12/0042,245.000,0.000,389
2025-12-16,PBNK1/2025/00019,100001 Ush BBYN-8001,Misc JV,Manual Payment: BILL/2025/12/0015,0.000,5.000,
2025-12-16,PBNK1/2025/00019,200101 Payables,Misc JV,Manual Payment: BILL/2025/12/0015,5.000,0.000,309
2025-12-16,MISC/2025/12/0002,300301 Partner's CA-Fahad Fawaz,,petty cash,0.000,"1,593.000",
2025-12-16,MISC/2025/12/0002,100051 Petty Cash,,petty cash,"1,593.000",0.000,
2025-12-16,BILL/2025/12/0064,500320 Residency & Visa Exp.,Ali Bahaa,"Urai Khotsombat Civil ID Fees , no : 8",5.000,0.000,
2025-12-16,BILL/2025/12/0064,500321 Staff Medical Card,Ali Bahaa,"Renewal the Medical Card for Michelle , No : R18",10.000,0.000,
2025-12-16,BILL/2025/12/0064,500320 Residency & Visa Exp.,Ali Bahaa,New Visa for Gusti Ayuputu,3.000,0.000,
2025-12-16,BILL/2025/12/0064,500320 Residency & Visa Exp.,Ali Bahaa,New Visa for  Ne cumming,3.000,0.000,
2025-12-16,BILL/2025/12/0064,500320 Residency & Visa Exp.,Ali Bahaa,New Visa for Cening,3.000,0.000,
2025-12-16,BILL/2025/12/0064,500320 Residency & Visa Exp.,Ali Bahaa,"Translation Rung criminal record , no: 17",1.500,0.000,
2025-12-16,BILL/2025/12/0064,500320 Residency & Visa Exp.,Ali Bahaa,Last Payment for the new visa for lorgen no: 32 ( External Office )_,225.000,0.000,
2025-12-16,BILL/2025/12/0064,500320 Residency & Visa Exp.,Ali Bahaa,Last Payment for the new visa for Maricho no: 31 ( External Office )_,225.000,0.000,
2025-12-16,BILL/2025/12/0064,500320 Residency & Visa Exp.,Ali Bahaa,Last Payment for the new visa for jinky no: 33 ( External Office )_,225.000,0.000,
2025-12-16,BILL/2025/12/0064,500320 Residency & Visa Exp.,Ali Bahaa,"Medical Check for lorgen Residency , no : 32",10.000,0.000,
2025-12-16,BILL/2025/12/0064,200101 Payables,Ali Bahaa,Ali Bahaa,0.000,710.500,505
2025-12-16,BILL/2025/12/0063,500320 Residency & Visa Exp.,Ali Bahaa,Authenticaion  the work permit translation for Bolan Simfisad,2.000,0.000,
2025-12-16,BILL/2025/12/0063,500320 Residency & Visa Exp.,Ali Bahaa,Authenticaion  work permit for Bolan Simfisad ( External ),10.000,0.000,
2025-12-16,BILL/2025/12/0063,500320 Residency & Visa Exp.,Ali Bahaa,Submitting a work permit to the embassy ( Bolan Simfisad  ),5.000,0.000,
2025-12-16,BILL/2025/12/0063,500320 Residency & Visa Exp.,Ali Bahaa,Translation work permit for Ramabai,1.500,0.000,
2025-12-16,BILL/2025/12/0063,500320 Residency & Visa Exp.,Ali Bahaa,Authenticaion  the work permit translation for Ramabai,2.000,0.000,
2025-12-16,BILL/2025/12/0063,500320 Residency & Visa Exp.,Ali Bahaa,Authenticaion  work permit for Ramabai ( External ),10.000,0.000,
2025-12-16,BILL/2025/12/0063,500320 Residency & Visa Exp.,Ali Bahaa,Submitting a work permit to the embassy ( Ramabai  ),5.000,0.000,
2025-12-16,BILL/2025/12/0063,500320 Residency & Visa Exp.,Ali Bahaa,"Onanong Kerdsin Civil ID Fees , no : 7",5.000,0.000,
2025-12-16,BILL/2025/12/0063,500320 Residency & Visa Exp.,Ali Bahaa,"Michelle Civil ID Fees , no :R18",5.000,0.000,
2025-12-16,BILL/2025/12/0063,500320 Residency & Visa Exp.,Ali Bahaa,"Patraporn Koedsin Civil ID Fees , no : 9",5.000,0.000,
2025-12-16,BILL/2025/12/0063,200101 Payables,Ali Bahaa,Ali Bahaa,0.000,50.500,504
2025-12-16,BILL/2025/12/0042,300301 Partner's CA-Fahad Fawaz,Intercompany Transfers,Fahad-Personal A/c,245.000,0.000,
2025-12-16,BILL/2025/12/0042,200101 Payables,Intercompany Transfers,,0.000,245.000,389
2025-12-16,BILL/2025/12/0015,100102 Bank Suspense Account,Misc JV,,5.000,0.000,
2025-12-16,BILL/2025/12/0015,200101 Payables,Misc JV,,0.000,5.000,309
2025-12-11,PCSH2/2025/00008,100051 Petty Cash,Ali Bahaa,Manual Payment: Ali Bahaa,0.000,408.000,
2025-12-11,PCSH2/2025/00008,200101 Payables,Ali Bahaa,Manual Payment: Ali Bahaa,408.000,0.000,502
2025-12-11,PBNK1/2025/00060,100001 Ush BBYN-8001,Intercompany Transfers,Manual Payment: BILL/2025/12/0059,0.000,"2,000.000",
2025-12-11,PBNK1/2025/00060,200101 Payables,Intercompany Transfers,Manual Payment: BILL/2025/12/0059,"2,000.000",0.000,414
2025-12-11,PBNK1/2025/00032,100002 Ush BBYN-8002,Bank Fees,Manual Payment: BILL/2025/12/0041,0.000,5.000,
2025-12-11,PBNK1/2025/00032,200101 Payables,Bank Fees,Manual Payment: BILL/2025/12/0041,5.000,0.000,388
2025-12-11,PBNK1/2025/00031,100002 Ush BBYN-8002,Misc JV,Manual Payment: BILL/2025/12/0040,0.000,"3,713.678",
2025-12-11,PBNK1/2025/00031,200101 Payables,Misc JV,Manual Payment: BILL/2025/12/0040,"3,713.678",0.000,387
2025-12-11,BILL/2025/12/0062,500320 Residency & Visa Exp.,Ali Bahaa,New Visa for Ramabai,3.000,0.000,
2025-12-11,BILL/2025/12/0062,500321 Staff Medical Card,Ali Bahaa,New medical card for Rose no : 19,10.000,0.000,
2025-12-11,BILL/2025/12/0062,500502 Govt. fees,Ali Bahaa,"Authentication Rung criminal record , no: 17",5.000,0.000,
2025-12-11,BILL/2025/12/0062,500320 Residency & Visa Exp.,Ali Bahaa,"Suvab Healthy Insurance fees ,  No :16",50.000,0.000,
2025-12-11,BILL/2025/12/0062,500320 Residency & Visa Exp.,Ali Bahaa,"Suvab Residency fees ,  No :16",60.000,0.000,
2025-12-11,BILL/2025/12/0062,500320 Residency & Visa Exp.,Ali Bahaa,"Suvab Work Permission fees , No :16",10.000,0.000,
2025-12-11,BILL/2025/12/0062,500320 Residency & Visa Exp.,Ali Bahaa,"Suvab Civil ID fees ,  No :16",5.000,0.000,
2025-12-11,BILL/2025/12/0062,500320 Residency & Visa Exp.,Ali Bahaa,"Translation the criminal record for Suvab , no: 16",1.500,0.000,
2025-12-11,BILL/2025/12/0062,500320 Residency & Visa Exp.,Ali Bahaa,"Authentication Suvab  criminal record , no: 16",5.000,0.000,
2025-12-11,BILL/2025/12/0062,500320 Residency & Visa Exp.,Ali Bahaa,Translation work permit for Bolan Simfisad,1.500,0.000,
2025-12-11,BILL/2025/12/0062,200101 Payables,Ali Bahaa,Ali Bahaa,0.000,151.000,503
2025-12-11,BILL/2025/12/0059,100002 Ush BBYN-8002,Intercompany Transfers,Ush BBYN-0001,"2,000.000",0.000,
2025-12-11,BILL/2025/12/0059,200101 Payables,Intercompany Transfers,,0.000,"2,000.000",414
2025-12-11,BILL/2025/12/0041,500601 Bank Fees,Bank Fees,Bank Charges-Others,5.000,0.000,
2025-12-11,BILL/2025/12/0041,200101 Payables,Bank Fees,,0.000,5.000,388
2025-12-11,BILL/2025/12/0040,100603 Computer Hardware & Software,Misc JV,Payment to Vraxa for the Ush application against inv no: on 11-12-25,"3,713.678",0.000,
2025-12-11,BILL/2025/12/0040,200101 Payables,Misc JV,,0.000,"3,713.678",387
2025-12-10,PBNK1/2025/00018,100001 Ush BBYN-8001,Misc JV,Manual Payment: BILL/2025/12/0014,0.000,300.000,
2025-12-10,PBNK1/2025/00018,200101 Payables,Misc JV,Manual Payment: BILL/2025/12/0014,300.000,0.000,308
2025-12-10,PBNK1/2025/00017,100001 Ush BBYN-8001,Misc JV,Manual Payment: BILL/2025/12/0013,0.000,38.000,
2025-12-10,PBNK1/2025/00017,200101 Payables,Misc JV,Manual Payment: BILL/2025/12/0013,38.000,0.000,307
2025-12-10,PBNK1/2025/00016,100001 Ush BBYN-8001,Misc JV,Manual Payment: BILL/2025/12/0012,0.000,500.000,
2025-12-10,PBNK1/2025/00016,200101 Payables,Misc JV,Manual Payment: BILL/2025/12/0012,500.000,0.000,306
2025-12-10,BILL/2025/12/0014,100102 Bank Suspense Account,Misc JV,,300.000,0.000,
2025-12-10,BILL/2025/12/0014,200101 Payables,Misc JV,,0.000,300.000,308
2025-12-10,BILL/2025/12/0013,100102 Bank Suspense Account,Misc JV,,38.000,0.000,
2025-12-10,BILL/2025/12/0013,200101 Payables,Misc JV,,0.000,38.000,307
2025-12-10,BILL/2025/12/0012,100102 Bank Suspense Account,Misc JV,,500.000,0.000,
2025-12-10,BILL/2025/12/0012,200101 Payables,Misc JV,,0.000,500.000,306
2025-12-09,PBNK1/2025/00030,100002 Ush BBYN-8002,Intercompany Transfers,Manual Payment: BILL/2025/12/0039,0.000,"3,371.000",
2025-12-09,PBNK1/2025/00030,200101 Payables,Intercompany Transfers,Manual Payment: BILL/2025/12/0039,"3,371.000",0.000,386
2025-12-09,PBNK1/2025/00015,100001 Ush BBYN-8001,Misc JV,Manual Payment: BILL/2025/12/0011,0.000,84.000,
2025-12-09,PBNK1/2025/00015,200101 Payables,Misc JV,Manual Payment: BILL/2025/12/0011,84.000,0.000,305
2025-12-09,PBNK1/2025/00014,100001 Ush BBYN-8001,SPA AND MORE FOR GENERAL TRADING COMPANY WLL,Manual Payment: BILL/2025/12/0010,0.000,"2,000.000",
2025-12-09,PBNK1/2025/00014,200101 Payables,SPA AND MORE FOR GENERAL TRADING COMPANY WLL,Manual Payment: BILL/2025/12/0010,"2,000.000",0.000,P626
2025-12-09,PBNK1/2025/00013,100001 Ush BBYN-8001,Misc JV,Manual Payment: BILL/2025/12/0009,0.000,493.275,
2025-12-09,PBNK1/2025/00013,200101 Payables,Misc JV,Manual Payment: BILL/2025/12/0009,493.275,0.000,303
2025-12-09,BILL/2025/12/0039,100001 Ush BBYN-8001,Intercompany Transfers,Interbank Transfer,"3,308.000",0.000,
2025-12-09,BILL/2025/12/0039,100001 Ush BBYN-8001,Intercompany Transfers,Interbank Transfer,63.000,0.000,
2025-12-09,BILL/2025/12/0039,200101 Payables,Intercompany Transfers,,0.000,"3,371.000",386
2025-12-09,BILL/2025/12/0011,100102 Bank Suspense Account,Misc JV,,84.000,0.000,
2025-12-09,BILL/2025/12/0011,200101 Payables,Misc JV,,0.000,84.000,305
2025-12-09,BILL/2025/12/0009,500102 Cost Of Goods Sold I/C Sales,Misc JV,,493.275,0.000,
2025-12-09,BILL/2025/12/0009,200101 Payables,Misc JV,,0.000,493.275,303
2025-12-08,PCSH2/2025/00007,100051 Petty Cash,Ali Bahaa,Manual Payment: Ali Bahaa,0.000,300.000,
2025-12-08,PCSH2/2025/00007,200101 Payables,Ali Bahaa,Manual Payment: Ali Bahaa,300.000,0.000,501
2025-12-08,PBNK1/2025/00012,100001 Ush BBYN-8001,Misc JV,Manual Payment: BILL/2025/12/0008,0.000,250.000,
2025-12-08,PBNK1/2025/00012,200101 Payables,Misc JV,Manual Payment: BILL/2025/12/0008,250.000,0.000,302
2025-12-08,PBNK1/2025/00011,100001 Ush BBYN-8001,Misc JV,Manual Payment: BILL/2025/12/0007,0.000,307.000,
2025-12-08,PBNK1/2025/00011,200101 Payables,Misc JV,Manual Payment: BILL/2025/12/0007,307.000,0.000,301
2025-12-08,PBNK1/2025/00010,100001 Ush BBYN-8001,Misc JV,Manual Payment: BILL/2025/12/0006,0.000,200.000,
2025-12-08,PBNK1/2025/00010,200101 Payables,Misc JV,Manual Payment: BILL/2025/12/0006,200.000,0.000,300
2025-12-08,PBNK1/2025/00009,100001 Ush BBYN-8001,Misc JV,Manual Payment: BILL/2025/12/0005,0.000,120.000,
2025-12-08,PBNK1/2025/00009,200101 Payables,Misc JV,Manual Payment: BILL/2025/12/0005,120.000,0.000,299
2025-12-08,BILL/2025/12/0061,500320 Residency & Visa Exp.,Ali Bahaa,"Rung Residency fees ,  No :17",10.000,0.000,
2025-12-08,BILL/2025/12/0061,500320 Residency & Visa Exp.,Ali Bahaa,"Rung Civil ID fees ,  No :17",5.000,0.000,
2025-12-08,BILL/2025/12/0061,500320 Residency & Visa Exp.,Ali Bahaa,"Rung Work Permission fees , No :17",60.000,0.000,
2025-12-08,BILL/2025/12/0061,501101 Telephone,Ali Bahaa,Recharge the mandoub line for residancy SMS ( Mr/Mahmoud ),5.000,0.000,
2025-12-08,BILL/2025/12/0061,500320 Residency & Visa Exp.,Ali Bahaa,Down Payment for a new visa for Maricho no: 31 ( External Office )_,100.000,0.000,
2025-12-08,BILL/2025/12/0061,500320 Residency & Visa Exp.,Ali Bahaa,Down Payment for a new visa for lorgen no: 32 ( External Office )_,100.000,0.000,
2025-12-08,BILL/2025/12/0061,500320 Residency & Visa Exp.,Ali Bahaa,Down Payment for a new visa for jinky no: 33 ( External Office )_,100.000,0.000,
2025-12-08,BILL/2025/12/0061,500321 Staff Medical Card,Ali Bahaa,"Renewal the Medical Card for Glades , No : 2",10.000,0.000,
2025-12-08,BILL/2025/12/0061,500321 Staff Medical Card,Ali Bahaa,New medical card for Mikee no : 21,15.000,0.000,
2025-12-08,BILL/2025/12/0061,500320 Residency & Visa Exp.,Ali Bahaa,New Visa for Bolan Simfisad,3.000,0.000,
2025-12-08,BILL/2025/12/0061,200101 Payables,Ali Bahaa,Ali Bahaa,0.000,408.000,502
2025-12-08,BILL/2025/12/0008,100102 Bank Suspense Account,Misc JV,,250.000,0.000,
2025-12-08,BILL/2025/12/0008,200101 Payables,Misc JV,,0.000,250.000,302
2025-12-08,BILL/2025/12/0007,500701 Marketing-Ad Sponsors,Misc JV,,307.000,0.000,
2025-12-08,BILL/2025/12/0007,200101 Payables,Misc JV,,0.000,307.000,301
2025-12-08,BILL/2025/12/0006,100102 Bank Suspense Account,Misc JV,,200.000,0.000,
2025-12-08,BILL/2025/12/0006,200101 Payables,Misc JV,,0.000,200.000,300
2025-12-08,BILL/2025/12/0005,100102 Bank Suspense Account,Misc JV,,120.000,0.000,
2025-12-08,BILL/2025/12/0005,200101 Payables,Misc JV,,0.000,120.000,299
2025-12-04,PBNK1/2025/00029,100002 Ush BBYN-8002,Intercompany Transfers,Manual Payment: BILL/2025/12/0038,0.000,800.000,
2025-12-04,PBNK1/2025/00029,200101 Payables,Intercompany Transfers,Manual Payment: BILL/2025/12/0038,800.000,0.000,385
2025-12-04,BILL/2025/12/0038,104101 Related Party-Refresh Co.,Intercompany Transfers,Related Party-Refresh,800.000,0.000,
2025-12-04,BILL/2025/12/0038,200101 Payables,Intercompany Transfers,,0.000,800.000,385
2025-12-03,PBNK1/2025/00028,100002 Ush BBYN-8002,Intercompany Transfers,Manual Payment: BILL/2025/12/0037,0.000,500.000,
2025-12-03,PBNK1/2025/00028,200101 Payables,Intercompany Transfers,Manual Payment: BILL/2025/12/0037,500.000,0.000,384
2025-12-03,BILL/2025/12/0060,500320 Residency & Visa Exp.,Ali Bahaa,"Ana Mai Healthy Insurance fees ,  No :28",50.000,0.000,
2025-12-03,BILL/2025/12/0060,500320 Residency & Visa Exp.,Ali Bahaa,"Ana Mai Residency fees ,  No :28",10.000,0.000,
2025-12-03,BILL/2025/12/0060,500320 Residency & Visa Exp.,Ali Bahaa,"Ana Mai Civil ID fees ,  No :28",5.000,0.000,
2025-12-03,BILL/2025/12/0060,500320 Residency & Visa Exp.,Ali Bahaa,"Ana Mai Work Permission fees , No :28",60.000,0.000,
2025-12-03,BILL/2025/12/0060,500320 Residency & Visa Exp.,Ali Bahaa,"Sabitra rai  Healthy Insurance fees ,  No :29",50.000,0.000,
2025-12-03,BILL/2025/12/0060,500320 Residency & Visa Exp.,Ali Bahaa,"Sabitra rai  Residency fees ,  No :29",10.000,0.000,
2025-12-03,BILL/2025/12/0060,500320 Residency & Visa Exp.,Ali Bahaa,"Sabitra rai  Civil ID fees ,  No :29",5.000,0.000,
2025-12-03,BILL/2025/12/0060,500320 Residency & Visa Exp.,Ali Bahaa,"Sabitra rai  Work Permission fees , No :29",60.000,0.000,
2025-12-03,BILL/2025/12/0060,500320 Residency & Visa Exp.,Ali Bahaa,"Rung Healthy Insurance fees ,  No :17",50.000,0.000,
2025-12-03,BILL/2025/12/0060,200101 Payables,Ali Bahaa,Ali Bahaa,0.000,300.000,501
2025-12-03,BILL/2025/12/0037,300301 Partner's CA-Fahad Fawaz,Intercompany Transfers,Fahad-Personal A/c,500.000,0.000,
2025-12-03,BILL/2025/12/0037,200101 Payables,Intercompany Transfers,,0.000,500.000,384
2025-12-02,PBNK3/2025/00013,100003 Ush BBYN-8003,Intercompany Transfers,Manual Payment: BILL/2025/12/0050,0.000,"6,180.000",
2025-12-02,PBNK3/2025/00013,200101 Payables,Intercompany Transfers,Manual Payment: BILL/2025/12/0050,"6,180.000",0.000,408
2025-12-02,PBNK1/2025/00041,100002 Ush BBYN-8002,Intercompany Transfers,Manual Payment: BILL/2025/12/0033,0.000,"6,513.000",
2025-12-02,PBNK1/2025/00041,200101 Payables,Intercompany Transfers,Manual Payment: BILL/2025/12/0033,"6,513.000",0.000,409
2025-12-02,PBNK1/2025/00027,100002 Ush BBYN-8002,Intercompany Transfers,Manual Payment: BILL/2025/12/0036,0.000,"1,980.000",
2025-12-02,PBNK1/2025/00027,200101 Payables,Intercompany Transfers,Manual Payment: BILL/2025/12/0036,"1,980.000",0.000,383
2025-12-02,PBNK1/2025/00026,100002 Ush BBYN-8002,Intercompany Transfers,Manual Payment: BILL/2025/12/0035,0.000,"2,363.000",
2025-12-02,PBNK1/2025/00026,200101 Payables,Intercompany Transfers,Manual Payment: BILL/2025/12/0035,"2,363.000",0.000,382
2025-12-02,PBNK1/2025/00025,100002 Ush BBYN-8002,Intercompany Transfers,Manual Payment: BILL/2025/12/0034,0.000,"1,100.000",
2025-12-02,PBNK1/2025/00025,200101 Payables,Intercompany Transfers,Manual Payment: BILL/2025/12/0034,"1,100.000",0.000,381
2025-12-02,PBNK1/2025/00024,100002 Ush BBYN-8002,Intercompany Transfers,Manual Payment: BILL/2025/12/0033,0.000,0.000,
2025-12-02,PBNK1/2025/00024,200101 Payables,Intercompany Transfers,Manual Payment: BILL/2025/12/0033,0.000,0.000,
2025-12-02,PBNK1/2025/00008,100001 Ush BBYN-8001,Rental JV,Manual Payment: BILL/2025/12/0004,0.000,"5,300.000",
2025-12-02,PBNK1/2025/00008,200101 Payables,Rental JV,Manual Payment: BILL/2025/12/0004,"5,300.000",0.000,298
2025-12-02,PBNK1/2025/00007,100001 Ush BBYN-8001,Misc JV,Manual Payment: BILL/2025/12/0003,0.000,400.000,
2025-12-02,PBNK1/2025/00007,200101 Payables,Misc JV,Manual Payment: BILL/2025/12/0003,400.000,0.000,297
2025-12-02,PBNK1/2025/00006,100001 Ush BBYN-8001,Misc JV,Manual Payment: BILL/2025/12/0002,0.000,800.000,
2025-12-02,PBNK1/2025/00006,200101 Payables,Misc JV,Manual Payment: BILL/2025/12/0002,800.000,0.000,296
2025-12-02,PBNK1/2025/00005,100001 Ush BBYN-8001,Misc JV,Manual Payment: BILL/2025/12/0001,0.000,800.000,
2025-12-02,PBNK1/2025/00005,200101 Payables,Misc JV,Manual Payment: BILL/2025/12/0001,800.000,0.000,295
2025-12-02,BILL/2025/12/0050,100001 Ush BBYN-8001,Intercompany Transfers,Ush BBYN-0001,"6,000.000",0.000,
2025-12-02,BILL/2025/12/0050,100001 Ush BBYN-8001,Intercompany Transfers,Ush BBYN-0001,180.000,0.000,
2025-12-02,BILL/2025/12/0050,200101 Payables,Intercompany Transfers,,0.000,"6,180.000",408
2025-12-02,BILL/2025/12/0036,100001 Ush BBYN-8001,Intercompany Transfers,Interbank Transfer,"1,980.000",0.000,
2025-12-02,BILL/2025/12/0036,200101 Payables,Intercompany Transfers,,0.000,"1,980.000",383
2025-12-02,BILL/2025/12/0035,300301 Partner's CA-Fahad Fawaz,Intercompany Transfers,Suspense,"2,363.000",0.000,
2025-12-02,BILL/2025/12/0035,200101 Payables,Intercompany Transfers,,0.000,"2,363.000",382
2025-12-02,BILL/2025/12/0034,100001 Ush BBYN-8001,Intercompany Transfers,Interbank Transfer,"1,100.000",0.000,
2025-12-02,BILL/2025/12/0034,200101 Payables,Intercompany Transfers,,0.000,"1,100.000",381
2025-12-02,BILL/2025/12/0004,500401 Spa Rent,Rental JV,Payment to Nasser ahmed abdul lattif for the rent of Ush spa sharq first floor  on 02-12-2026,"1,000.000",0.000,
2025-12-02,BILL/2025/12/0004,500310 Staff Accomodation,Rental JV,Payment to Nasser ahmed abdul lattif for the rent of Ush spa sharq Staff accommodatiobn on 02-12-2026,350.000,0.000,
2025-12-02,BILL/2025/12/0004,500401 Spa Rent,Rental JV,Payment to Nasser ahmed abdul lattif for the rent of Ush spa sharq first floor  on 02-12-2026,800.000,0.000,
2025-12-02,BILL/2025/12/0004,500401 Spa Rent,Rental JV,Payment to Alenjaz French Co for the rent for Ush Spa Mangaf on 02-12-2026,"2,750.000",0.000,
2025-12-02,BILL/2025/12/0004,500310 Staff Accomodation,Rental JV,Payment to Alenjaz French Co for the rent for Ush Spa Mangaf staff accommodation ON 02-12-2026,400.000,0.000,
2025-12-02,BILL/2025/12/0004,200101 Payables,Rental JV,,0.000,"5,300.000",298
2025-12-02,BILL/2025/12/0003,100102 Bank Suspense Account,Misc JV,,400.000,0.000,
2025-12-02,BILL/2025/12/0003,200101 Payables,Misc JV,,0.000,400.000,297
2025-12-02,BILL/2025/12/0002,100102 Bank Suspense Account,Misc JV,,800.000,0.000,
2025-12-02,BILL/2025/12/0002,200101 Payables,Misc JV,,0.000,800.000,296
2025-12-02,BILL/2025/12/0001,100102 Bank Suspense Account,Misc JV,,800.000,0.000,
2025-12-02,BILL/2025/12/0001,200101 Payables,Misc JV,,0.000,800.000,295
2025-12-01,PCSH3/2025/00004,300301 Partner's CA-Fahad Fawaz,Staff Expenses JV,Manual Payment: 1125,0.000,"6,558.100",
2025-12-01,PCSH3/2025/00004,200101 Payables,Staff Expenses JV,Manual Payment: 1125,"6,558.100",0.000,540
2025-12-01,PBNK3/2025/00014,100003 Ush BBYN-8003,Bank Fees,Manual Payment: BILL/2025/12/0049,0.000,20.000,
2025-12-01,PBNK3/2025/00014,200101 Payables,Bank Fees,Manual Payment: BILL/2025/12/0049,20.000,0.000,417
2025-12-01,PBNK3/2025/00012,100003 Ush BBYN-8003,Sales JV,Manual Payment: INV/2025/00010,"6,331.075",0.000,
2025-12-01,PBNK3/2025/00012,100201 Accounts Receivable,Sales JV,Manual Payment: INV/2025/00010,0.000,"6,331.075",400
2025-12-01,PBNK1/2025/00042,100002 Ush BBYN-8002,Bank Fees,Manual Payment: BILL/2025/12/0032,0.000,20.000,
2025-12-01,PBNK1/2025/00042,200101 Payables,Bank Fees,Manual Payment: BILL/2025/12/0032,20.000,0.000,410
2025-12-01,PBNK1/2025/00023,100002 Ush BBYN-8002,Intercompany Transfers,Manual Payment: BILL/2025/12/0033,0.000,0.000,
2025-12-01,PBNK1/2025/00023,200101 Payables,Intercompany Transfers,Manual Payment: BILL/2025/12/0033,0.000,0.000,
2025-12-01,PBNK1/2025/00022,100002 Ush BBYN-8002,Bank Fees,Manual Payment: BILL/2025/12/0032,0.000,0.000,
2025-12-01,PBNK1/2025/00022,200101 Payables,Bank Fees,Manual Payment: BILL/2025/12/0032,0.000,0.000,
2025-12-01,PBNK1/2025/00013,100002 Ush BBYN-8002,Sales JV,Manual Payment: INV/2025/00005,"29,433.059",0.000,
2025-12-01,PBNK1/2025/00013,100201 Accounts Receivable,Sales JV,Manual Payment: INV/2025/00005,0.000,"29,433.059",368
2025-12-01,INV/2025/00010,400101 Sales-Spa,Sales JV,Knet Sales for the month,0.000,"4,811.000",
2025-12-01,INV/2025/00010,400101 Sales-Spa,Sales JV,Master Visa Sales for the month,0.000,"1,302.000",
2025-12-01,INV/2025/00010,400101 Sales-Spa,Sales JV,Cash Sales for the month,0.000,257.000,
2025-12-01,INV/2025/00010,100201 Accounts Receivable,Sales JV,INV/2025/00010,"6,331.075",0.000,400
2025-12-01,INV/2025/00010,500603 Visa/MC Fees,Sales JV,Visa/MC Fee,29.290,0.000,
2025-12-01,INV/2025/00010,500602 Knet Fees,Sales JV,Knet Fee,9.635,0.000,
2025-12-01,INV/2025/00005,400101 Sales-Spa,Sales JV,Knet Sales for the month,0.000,"15,500.000",
2025-12-01,INV/2025/00005,400101 Sales-Spa,Sales JV,Master Visa Sales for the month,0.000,"3,419.000",
2025-12-01,INV/2025/00005,400101 Sales-Spa,Sales JV,Cash Sales for the month,0.000,"1,505.000",
2025-12-01,INV/2025/00005,100201 Accounts Receivable,Sales JV,INV/2025/00005,"29,433.059",0.000,368
2025-12-01,INV/2025/00005,500603 Visa/MC Fees,Sales JV,Visa/MC Fee,77.000,0.000,
2025-12-01,INV/2025/00005,500602 Knet Fees,Sales JV,Knet Fee,30.941,0.000,
2025-12-01,INV/2025/00005,400101 Sales-Spa,Sales JV,Link Sales for the month,0.000,"9,117.000",
2025-12-01,INV/2025/00005,400101 Sales-Spa,Sales JV,Tap Sales for the month,0.000,0.000,
2025-12-01,INV/2025/00005,400101 Sales-Spa,Sales JV,GCC Sales for the month,0.000,0.000,
2025-12-01,BILL/2025/12/0049,500601 Bank Fees,Bank Fees,Bank Charges-POS,10.000,0.000,
2025-12-01,BILL/2025/12/0049,500601 Bank Fees,Bank Fees,Bank Charges-POS,10.000,0.000,
2025-12-01,BILL/2025/12/0049,200101 Payables,Bank Fees,,0.000,20.000,417
2025-12-01,BILL/2025/12/0033,300301 Partner's CA-Fahad Fawaz,Intercompany Transfers,Fahad-Personal A/c,"2,200.000",0.000,
2025-12-01,BILL/2025/12/0033,300301 Partner's CA-Fahad Fawaz,Intercompany Transfers,Fahad-Personal A/c,250.000,0.000,
2025-12-01,BILL/2025/12/0033,300301 Partner's CA-Fahad Fawaz,Intercompany Transfers,Fahad-Personal A/c,"4,063.000",0.000,
2025-12-01,BILL/2025/12/0033,200101 Payables,Intercompany Transfers,,0.000,"6,513.000",409
2025-12-01,BILL/2025/12/0032,500601 Bank Fees,Bank Fees,Rent for POS-29701871-Nov-25,10.000,0.000,
2025-12-01,BILL/2025/12/0032,200101 Payables,Bank Fees,,0.000,20.000,410
2025-12-01,BILL/2025/12/0032,500601 Bank Fees,Bank Fees,Rent for POS-29701874-Nov-25,10.000,0.000,
2025-11-30,PBNK1/2025/00020,100002 Ush BBYN-8002,Intercompany Transfers,Manual Payment: BILL/2025/11/0004,0.000,"20,319.850",
2025-11-30,PBNK1/2025/00020,200101 Payables,Intercompany Transfers,Manual Payment: BILL/2025/11/0004,"20,319.850",0.000,376
2025-11-30,PBNK1/2025/00016,100002 Ush BBYN-8002,Bank Fees,Manual Payment: BILL/2025/11/0005,0.000,54.750,
2025-11-30,PBNK1/2025/00016,200101 Payables,Bank Fees,Manual Payment: BILL/2025/11/0005,54.750,0.000,370
2025-11-30,MISC/2025/11/0002,300301 Partner's CA-Fahad Fawaz,,petty cash,0.000,114.990,
2025-11-30,MISC/2025/11/0002,100051 Petty Cash,,petty cash,114.990,0.000,
2025-11-30,MISC/2025/11/0001,500332 Leave Salary,,leave for the month,669.288,0.000,
2025-11-30,MISC/2025/11/0001,200502 Leave Days Provision,,leave for the month`,0.000,669.288,
2025-11-30,MISC/2025/11/0001,500331 End of Service Indemnity,,Indemnity for the month,330.455,0.000,
2025-11-30,MISC/2025/11/0001,200503 End of Service Provision,,Indemnity for the month,0.000,330.455,
2025-11-30,BILL/2025/11/0011,500301 Basic Salary,Staff Expenses JV,Basic Salary,"5,916.000",0.000,
2025-11-30,BILL/2025/11/0011,500306 Sales Commission,Staff Expenses JV,Commission,"1,320.000",0.000,
2025-11-30,BILL/2025/11/0011,500308 Staff Overtime,Staff Expenses JV,Over Time,122.100,0.000,
2025-11-30,BILL/2025/11/0011,204101 Due to Related Party-Refresh Co.,Staff Expenses JV,Salary By REFRESH,0.000,800.000,
2025-11-30,BILL/2025/11/0011,200101 Payables,Staff Expenses JV,1125,0.000,"6,558.100",540
2025-11-30,BILL/2025/11/0005,500601 Bank Fees,Bank Fees,Transaction Fees,54.750,0.000,
2025-11-30,BILL/2025/11/0005,200101 Payables,Bank Fees,,0.000,54.750,370
2025-11-20,PCSH2/2025/00006,100051 Petty Cash,Ali Bahaa,Manual Payment: Ali Bahaa,0.000,81.500,
2025-11-20,PCSH2/2025/00006,200101 Payables,Ali Bahaa,Manual Payment: Ali Bahaa,81.500,0.000,500
2025-11-12,MISC2/2025/11/0001,100001 Ush BBYN-8001,,Intercompany Tranfers,"1,000.000",0.000,
2025-11-12,MISC2/2025/11/0001,300301 Partner's CA-Fahad Fawaz,,Intercompany Tranfers,0.000,"1,000.000",
2025-11-11,BILL/2025/11/0014,500321 Staff Medical Card,Ali Bahaa,Medical Card Ex. For Rose Mary No : 15 & Khadija NO: 67,25.000,0.000,
2025-11-11,BILL/2025/11/0014,500320 Residency & Visa Exp.,Ali Bahaa,Residancy Fees ( Medical Check for Sofab ( New Girl ) ),10.000,0.000,
2025-11-11,BILL/2025/11/0014,500321 Staff Medical Card,Ali Bahaa,Medical Card Ex. For Halima  No : 68 & Ayu  NO: 20,25.000,0.000,
2025-11-11,BILL/2025/11/0014,500320 Residency & Visa Exp.,Ali Bahaa,Residancy Fees  for Ananong NO : 7 & Urai No: 8,20.000,0.000,
2025-11-11,BILL/2025/11/0014,500320 Residency & Visa Exp.,Ali Bahaa,Translation Thanorat Work Permission ( New Girl ),1.500,0.000,
2025-11-11,BILL/2025/11/0014,200101 Payables,Ali Bahaa,Ali Bahaa,0.000,81.500,500
2025-11-10,PCSH2/2025/00005,100051 Petty Cash,Ali Bahaa,Manual Payment: Ali Bahaa,0.000,91.500,
2025-11-10,PCSH2/2025/00005,200101 Payables,Ali Bahaa,Manual Payment: Ali Bahaa,91.500,0.000,499
2025-11-10,PBNK3/2025/00007,100003 Ush BBYN-8003,Intercompany Transfers,Manual Payment: BILL/2025/11/0007,0.000,"2,747.000",
2025-11-10,PBNK3/2025/00007,200101 Payables,Intercompany Transfers,Manual Payment: BILL/2025/11/0007,"2,747.000",0.000,377
2025-11-08,PCSH2/2025/00004,100051 Petty Cash,Ali Bahaa,Manual Payment: Ali Bahaa,0.000,54.985,
2025-11-08,PCSH2/2025/00004,200101 Payables,Ali Bahaa,Manual Payment: Ali Bahaa,54.985,0.000,498
2025-11-05,BILL/2025/11/0013,501110 Accomodation Maintenance,Ali Bahaa,Purchase Kichenware for girls accommodation ( Khadija & Halima ),20.000,0.000,
2025-11-05,BILL/2025/11/0013,501110 Accomodation Maintenance,Ali Bahaa,Purchase Knife 6 pcs for girls accommodation ( Khadija & Halima ),0.290,0.000,
2025-11-05,BILL/2025/11/0013,501110 Accomodation Maintenance,Ali Bahaa,Purchase Kichen utensils for girls accommodation ( Khadija & Halima ),4.550,0.000,
2025-11-05,BILL/2025/11/0013,501110 Accomodation Maintenance,Ali Bahaa,Purchase Laundry dryer for girls accommodation ( Khadija & Halima ),8.990,0.000,
2025-11-05,BILL/2025/11/0013,501110 Accomodation Maintenance,Ali Bahaa,Purchase Kichen utensils for girls accommodation ( Khadija & Halima ),3.550,0.000,
2025-11-05,BILL/2025/11/0013,500322 Staff Food,Ali Bahaa,Purchase Mint/ N3N3 Leaves and Lemon,0.655,0.000,
2025-11-05,BILL/2025/11/0013,500322 Staff Food,Ali Bahaa,Purchase Rice Powder 20 kg,4.000,0.000,
2025-11-05,BILL/2025/11/0013,500322 Staff Food,Ali Bahaa,Purchase Oats 1 CTN,8.000,0.000,
2025-11-05,BILL/2025/11/0013,501110 Accomodation Maintenance,Ali Bahaa,Purchase Rats and cockroach glue,4.950,0.000,
2025-11-05,BILL/2025/11/0013,200101 Payables,Ali Bahaa,Ali Bahaa,0.000,54.985,498
2025-11-04,BILL/2025/11/0007,300301 Partner's CA-Fahad Fawaz,Intercompany Transfers,Fahad-Personal A/c,697.000,0.000,
2025-11-04,BILL/2025/11/0007,300301 Partner's CA-Fahad Fawaz,Intercompany Transfers,Fahad-Personal A/c,"1,550.000",0.000,
2025-11-04,BILL/2025/11/0007,300301 Partner's CA-Fahad Fawaz,Intercompany Transfers,Fahad-Personal A/c,500.000,0.000,
2025-11-04,BILL/2025/11/0007,200101 Payables,Intercompany Transfers,,0.000,"2,747.000",377
2025-11-03,PBNK1/2025/00057,100001 Ush BBYN-8001,Intercompany Transfers,Manual Payment: BILL/2025/11/0002,0.000,0.000,
2025-11-03,PBNK1/2025/00057,200101 Payables,Intercompany Transfers,Manual Payment: BILL/2025/11/0002,0.000,0.000,
2025-11-03,PBNK1/2025/00019,100002 Ush BBYN-8002,Intercompany Transfers,Manual Payment: BILL/2025/11/0002,0.000,"5,280.000",
2025-11-03,PBNK1/2025/00019,200101 Payables,Intercompany Transfers,Manual Payment: BILL/2025/11/0002,"5,280.000",0.000,375
2025-11-03,PBNK1/2025/00018,100002 Ush BBYN-8002,Intercompany Transfers,Manual Payment: BILL/2025/11/0003,0.000,885.000,
2025-11-03,PBNK1/2025/00018,200101 Payables,Intercompany Transfers,Manual Payment: BILL/2025/11/0003,885.000,0.000,373
2025-11-03,BILL/2025/11/0012,500320 Residency & Visa Exp.,Ali Bahaa,"Extension for one Month ( Onanong No: 7 , Urai No: 8 )",6.000,0.000,
2025-11-03,BILL/2025/11/0012,500320 Residency & Visa Exp.,Ali Bahaa,Mikee Residancy Fees ( No: 21 ) ( Work Permission ),60.000,0.000,
2025-11-03,BILL/2025/11/0012,501103 Spa Maintenance,Ali Bahaa,"Store Keys Copy 1 pc , INV no: 594",0.500,0.000,
2025-11-03,BILL/2025/11/0012,500321 Staff Medical Card,Ali Bahaa,Residancy Fees ( Medical Check for RUNG no: 17 ),10.000,0.000,
2025-11-03,BILL/2025/11/0012,500502 Govt. fees,Ali Bahaa,Fire License for USH Sharq,15.000,0.000,
2025-11-03,BILL/2025/11/0012,200101 Payables,Ali Bahaa,Ali Bahaa,0.000,91.500,499
2025-11-03,BILL/2025/11/0004,300301 Partner's CA-Fahad Fawaz,Intercompany Transfers,Fahad-Personal A/c,"1,795.000",0.000,
2025-11-03,BILL/2025/11/0004,300301 Partner's CA-Fahad Fawaz,Intercompany Transfers,Fahad-Personal A/c,125.000,0.000,
2025-11-03,BILL/2025/11/0004,300301 Partner's CA-Fahad Fawaz,Intercompany Transfers,Fahad-Personal A/c,142.000,0.000,
2025-11-03,BILL/2025/11/0004,300301 Partner's CA-Fahad Fawaz,Intercompany Transfers,Fahad-Personal A/c,50.000,0.000,
2025-11-03,BILL/2025/11/0004,300301 Partner's CA-Fahad Fawaz,Intercompany Transfers,Fahad-Personal A/c,"5,650.000",0.000,
2025-11-03,BILL/2025/11/0004,300301 Partner's CA-Fahad Fawaz,Intercompany Transfers,Fahad-Personal A/c,76.000,0.000,
2025-11-03,BILL/2025/11/0004,300301 Partner's CA-Fahad Fawaz,Intercompany Transfers,Fahad-Personal A/c,210.000,0.000,
2025-11-03,BILL/2025/11/0004,300301 Partner's CA-Fahad Fawaz,Intercompany Transfers,Fahad-Personal A/c,49.000,0.000,
2025-11-03,BILL/2025/11/0004,300301 Partner's CA-Fahad Fawaz,Intercompany Transfers,Fahad-Personal A/c,317.850,0.000,
2025-11-03,BILL/2025/11/0004,300301 Partner's CA-Fahad Fawaz,Intercompany Transfers,Fahad-Personal A/c,150.000,0.000,
2025-11-03,BILL/2025/11/0004,300301 Partner's CA-Fahad Fawaz,Intercompany Transfers,Fahad-Personal A/c,190.000,0.000,
2025-11-03,BILL/2025/11/0004,300301 Partner's CA-Fahad Fawaz,Intercompany Transfers,Fahad-Personal A/c,66.000,0.000,
2025-11-03,BILL/2025/11/0004,300301 Partner's CA-Fahad Fawaz,Intercompany Transfers,Fahad-Personal A/c,"3,500.000",0.000,
2025-11-03,BILL/2025/11/0004,300301 Partner's CA-Fahad Fawaz,Intercompany Transfers,Fahad-Personal A/c,"1,000.000",0.000,
2025-11-03,BILL/2025/11/0004,300301 Partner's CA-Fahad Fawaz,Intercompany Transfers,Fahad-Personal A/c,520.000,0.000,
2025-11-03,BILL/2025/11/0004,300301 Partner's CA-Fahad Fawaz,Intercompany Transfers,Fahad-Personal A/c,300.000,0.000,
2025-11-03,BILL/2025/11/0004,300301 Partner's CA-Fahad Fawaz,Intercompany Transfers,Fahad-Personal A/c,200.000,0.000,
2025-11-03,BILL/2025/11/0004,300301 Partner's CA-Fahad Fawaz,Intercompany Transfers,Fahad-Personal A/c,"1,720.000",0.000,
2025-11-03,BILL/2025/11/0004,300301 Partner's CA-Fahad Fawaz,Intercompany Transfers,Fahad-Personal A/c,650.000,0.000,
2025-11-03,BILL/2025/11/0004,300301 Partner's CA-Fahad Fawaz,Intercompany Transfers,Fahad-Personal A/c,500.000,0.000,
2025-11-03,BILL/2025/11/0004,300301 Partner's CA-Fahad Fawaz,Intercompany Transfers,Fahad-Personal A/c,840.000,0.000,
2025-11-03,BILL/2025/11/0004,300301 Partner's CA-Fahad Fawaz,Intercompany Transfers,Fahad-Personal A/c,810.000,0.000,
2025-11-03,BILL/2025/11/0004,300301 Partner's CA-Fahad Fawaz,Intercompany Transfers,Fahad-Personal A/c,432.000,0.000,
2025-11-03,BILL/2025/11/0004,300301 Partner's CA-Fahad Fawaz,Intercompany Transfers,Fahad-Personal A/c,500.000,0.000,
2025-11-03,BILL/2025/11/0004,300301 Partner's CA-Fahad Fawaz,Intercompany Transfers,Fahad-Personal A/c,527.000,0.000,
2025-11-03,BILL/2025/11/0004,200101 Payables,Intercompany Transfers,,0.000,"20,319.850",376
2025-11-03,BILL/2025/11/0003,104101 Related Party-Refresh Co.,Intercompany Transfers,Related Party-Refresh,885.000,0.000,
2025-11-03,BILL/2025/11/0003,200101 Payables,Intercompany Transfers,,0.000,885.000,373
2025-11-03,BILL/2025/11/0002,300301 Partner's CA-Fahad Fawaz,Intercompany Transfers,Fahad-Personal A/c,"5,280.000",0.000,
2025-11-03,BILL/2025/11/0002,200101 Payables,Intercompany Transfers,,0.000,"5,280.000",375
2025-11-02,PBNK3/2025/00006,100003 Ush BBYN-8003,Bank Fees,Manual Payment: BILL/2025/11/0006,0.000,20.000,
2025-11-02,PBNK3/2025/00006,200101 Payables,Bank Fees,Manual Payment: BILL/2025/11/0006,20.000,0.000,372
2025-11-02,PBNK1/2025/00056,100001 Ush BBYN-8001,Bank Fees,Manual Payment: BILL/2025/11/0006,0.000,0.000,
2025-11-02,PBNK1/2025/00056,200101 Payables,Bank Fees,Manual Payment: BILL/2025/11/0006,0.000,0.000,
2025-11-02,PBNK1/2025/00055,100001 Ush BBYN-8001,Bank Fees,Manual Payment: BILL/2025/11/0001,0.000,0.000,
2025-11-02,PBNK1/2025/00055,200101 Payables,Bank Fees,Manual Payment: BILL/2025/11/0001,0.000,0.000,
2025-11-02,PBNK1/2025/00017,100002 Ush BBYN-8002,Bank Fees,Manual Payment: BILL/2025/11/0001,0.000,20.000,
2025-11-02,PBNK1/2025/00017,200101 Payables,Bank Fees,Manual Payment: BILL/2025/11/0001,20.000,0.000,371
2025-11-02,BILL/2025/11/0006,500601 Bank Fees,Bank Fees,Bank Charges-POS,10.000,0.000,
2025-11-02,BILL/2025/11/0006,500601 Bank Fees,Bank Fees,Bank Charges-POS,10.000,0.000,
2025-11-02,BILL/2025/11/0006,200101 Payables,Bank Fees,,0.000,20.000,372
2025-11-02,BILL/2025/11/0001,500601 Bank Fees,Bank Fees,Rent for POS-29701871-Oct-25,10.000,0.000,
2025-11-02,BILL/2025/11/0001,500601 Bank Fees,Bank Fees,Rent for POS-29701874-Oct-25,10.000,0.000,
2025-11-02,BILL/2025/11/0001,200101 Payables,Bank Fees,,0.000,20.000,371
2025-11-01,PCSH3/2025/00007,300301 Partner's CA-Fahad Fawaz,Staff Expenses JV,Manual Payment: 1025,0.000,"5,604.000",
2025-11-01,PCSH3/2025/00007,200101 Payables,Staff Expenses JV,Manual Payment: 1025,"5,604.000",0.000,539
2025-11-01,PBNK3/2025/00011,100003 Ush BBYN-8003,Sales JV,Manual Payment: INV/2025/00009,"5,431.015",0.000,
2025-11-01,PBNK3/2025/00011,100201 Accounts Receivable,Sales JV,Manual Payment: INV/2025/00009,0.000,"5,431.015",399
2025-11-01,PBNK1/2025/00058,100001 Ush BBYN-8001,Intercompany Transfers,Manual Payment: BILL/2025/10/0007,0.000,0.000,
2025-11-01,PBNK1/2025/00058,200101 Payables,Intercompany Transfers,Manual Payment: BILL/2025/10/0007,0.000,0.000,
2025-11-01,PBNK1/2025/00015,100002 Ush BBYN-8002,Intercompany Transfers,Manual Payment: BILL/2025/10/0007,0.000,430.000,
2025-11-01,PBNK1/2025/00015,200101 Payables,Intercompany Transfers,Manual Payment: BILL/2025/10/0007,430.000,0.000,369
2025-11-01,PBNK1/2025/00012,100002 Ush BBYN-8002,Sales JV,Manual Payment: INV/2026/00002,"25,740.460",0.000,
2025-11-01,PBNK1/2025/00012,100201 Accounts Receivable,Sales JV,Manual Payment: INV/2026/00002,0.000,"25,740.460",367
2025-11-01,INV/2025/00009,400101 Sales-Spa,Sales JV,Knet Sales for the month,0.000,"3,863.000",
2025-11-01,INV/2025/00009,400101 Sales-Spa,Sales JV,Master Visa Sales for the month,0.000,"1,389.000",
2025-11-01,INV/2025/00009,400101 Sales-Spa,Sales JV,Cash Sales for the month,0.000,218.000,
2025-11-01,INV/2025/00009,100201 Accounts Receivable,Sales JV,INV/2025/00009,"5,431.015",0.000,399
2025-11-01,INV/2025/00009,500603 Visa/MC Fees,Sales JV,Visa/MC Fee,31.255,0.000,
2025-11-01,INV/2025/00009,500602 Knet Fees,Sales JV,Knet Fee,7.730,0.000,
2025-11-01,INV/2025/00004,400101 Sales-Spa,Sales JV,Knet Sales for the month,0.000,"13,234.000",
2025-11-01,INV/2025/00004,400101 Sales-Spa,Sales JV,Master Visa Sales for the month,0.000,"3,453.000",
2025-11-01,INV/2025/00004,400101 Sales-Spa,Sales JV,Cash Sales for the month,0.000,906.000,
2025-11-01,INV/2025/00004,100201 Accounts Receivable,Sales JV,INV/2026/00002,"25,740.460",0.000,367
2025-11-01,INV/2025/00004,500603 Visa/MC Fees,Sales JV,MCC-Visa Fee,77.700,0.000,
2025-11-01,INV/2025/00004,500602 Knet Fees,Sales JV,Knet Fee,26.480,0.000,
2025-11-01,INV/2025/00004,400101 Sales-Spa,Sales JV,Link Sales for the month,0.000,"8,204.000",
2025-11-01,INV/2025/00004,400101 Sales-Spa,Sales JV,Tap Sales for the month,0.000,24.000,
2025-11-01,INV/2025/00004,500601 Bank Fees,Sales JV,GCC Fee,0.360,0.000,
2025-11-01,INV/2025/00004,400101 Sales-Spa,Sales JV,GCC Sales for the month,0.000,24.000,
2025-10-31,PBNK1/2025/00054,100001 Ush BBYN-8001,Bank Fees,Manual Payment: BILL/2025/10/0008,0.000,0.000,
2025-10-31,PBNK1/2025/00054,200101 Payables,Bank Fees,Manual Payment: BILL/2025/10/0008,0.000,0.000,
2025-10-31,PBNK1/2025/00044,100002 Ush BBYN-8002,Bank Fees,Manual Payment: BILL/2025/10/0008,0.000,37.750,
2025-10-31,PBNK1/2025/00044,200101 Payables,Bank Fees,Manual Payment: BILL/2025/10/0008,37.750,0.000,412
2025-10-31,PBNK1/2025/00014,100002 Ush BBYN-8002,Intercompany Transfers,Manual Payment: BILL/2025/10/0007,0.000,"15,823.000",
2025-10-31,PBNK1/2025/00014,200101 Payables,Intercompany Transfers,Manual Payment: BILL/2025/10/0007,"15,823.000",0.000,369
2025-10-31,MISC/2025/10/0001,500332 Leave Salary,,leave for the month,669.288,0.000,
2025-10-31,MISC/2025/10/0001,200502 Leave Days Provision,,leave for the month`,0.000,669.288,
2025-10-31,MISC/2025/10/0001,500331 End of Service Indemnity,,Indemnity for the month,330.455,0.000,
2025-10-31,MISC/2025/10/0001,200503 End of Service Provision,,Indemnity for the month,0.000,330.455,
2025-10-31,BILL/2025/10/0014,500301 Basic Salary,Staff Expenses JV,Basic Salary,"5,547.000",0.000,
2025-10-31,BILL/2025/10/0014,500306 Sales Commission,Staff Expenses JV,Commission,942.000,0.000,
2025-10-31,BILL/2025/10/0014,204101 Due to Related Party-Refresh Co.,Staff Expenses JV,Salary By REFRESH,0.000,885.000,
2025-10-31,BILL/2025/10/0014,200101 Payables,Staff Expenses JV,1025,0.000,"5,604.000",539
2025-10-31,BILL/2025/10/0008,500601 Bank Fees,Bank Fees,Transaction Fees,37.750,0.000,
2025-10-31,BILL/2025/10/0008,200101 Payables,Bank Fees,,0.000,37.750,412
2025-10-26,PCSH2/2025/00002,100051 Petty Cash,Ali Bahaa,Manual Payment: Ali Bahaa,0.000,246.970,
2025-10-26,PCSH2/2025/00002,200101 Payables,Ali Bahaa,Manual Payment: Ali Bahaa,246.970,0.000,496
2025-10-23,PCSH2/2025/00003,100051 Petty Cash,Ali Bahaa,Manual Payment: Ali Bahaa,0.000,455.000,
2025-10-23,PCSH2/2025/00003,200101 Payables,Ali Bahaa,Manual Payment: Ali Bahaa,455.000,0.000,497
2025-10-23,PBNK1/2025/00053,100001 Ush BBYN-8001,Ali Bahaa,Manual Payment: BILL/2025/10/0013,0.000,0.000,
2025-10-23,PBNK1/2025/00053,200101 Payables,Ali Bahaa,Manual Payment: BILL/2025/10/0013,0.000,0.000,
2025-10-23,BILL/2025/10/0018,500320 Residency & Visa Exp.,Ali Bahaa,"Residancy Fees ( Healthy Insurance for 3 Girls , Ananong , Urai , Patrapory ) ( No: 7 , 8 , 9 )",150.000,0.000,
2025-10-23,BILL/2025/10/0018,500320 Residency & Visa Exp.,Ali Bahaa,Visa Translation,30.000,0.000,
2025-10-23,BILL/2025/10/0018,501110 Accomodation Maintenance,Ali Bahaa,"Purchase Bed quilt 220*150 , 8 pcs and Bed pillows 8 pcs for the Accommodation",57.200,0.000,
2025-10-23,BILL/2025/10/0018,501110 Accomodation Maintenance,Ali Bahaa,Purchase a gas hose + clips for Gas Tubes ( Accommodation girls ),6.020,0.000,
2025-10-23,BILL/2025/10/0018,500322 Staff Food,Ali Bahaa,"Purchase Besan 1 kg , Rice Powder 1 kg , Corn Flour 1 kg",3.750,0.000,
2025-10-23,BILL/2025/10/0018,200101 Payables,Ali Bahaa,Ali Bahaa,0.000,246.970,496
2025-10-22,PCSH2/2025/00001,100051 Petty Cash,Ali Bahaa,Manual Payment: Ali Bahaa,0.000,10.000,
2025-10-22,PCSH2/2025/00001,200101 Payables,Ali Bahaa,Manual Payment: Ali Bahaa,10.000,0.000,495
2025-10-22,PBNK1/2025/00052,100001 Ush BBYN-8001,Ali Bahaa,Manual Payment: BILL/2025/10/0012,0.000,0.000,
2025-10-22,PBNK1/2025/00052,200101 Payables,Ali Bahaa,Manual Payment: BILL/2025/10/0012,0.000,0.000,
2025-10-22,BILL/2025/10/0017,500320 Residency & Visa Exp.,Ali Bahaa,Patraporn Koedsin Residancy Fees ( No: 9 ),10.000,0.000,
2025-10-22,BILL/2025/10/0017,200101 Payables,Ali Bahaa,Ali Bahaa,0.000,10.000,495
2025-10-11,PBNK1/2025/00051,100001 Ush BBYN-8001,Ali Bahaa,Manual Payment: BILL/2025/10/0011,0.000,0.000,
2025-10-11,PBNK1/2025/00051,200101 Payables,Ali Bahaa,Manual Payment: BILL/2025/10/0011,0.000,0.000,
2025-10-11,BILL/2025/10/0016,500320 Residency & Visa Exp.,Ali Bahaa,Rose Mary Residancy Fees ( No: 15 ) ( Work Permission ),60.000,0.000,
2025-10-11,BILL/2025/10/0016,500320 Residency & Visa Exp.,Ali Bahaa,Rose Mary  Residancy Fees ( Healthy Insurance ) ( No: 15),50.000,0.000,
2025-10-11,BILL/2025/10/0016,500320 Residency & Visa Exp.,Ali Bahaa,Rose Mary Residancy Fees ( No: 15 ),10.000,0.000,
2025-10-11,BILL/2025/10/0016,500320 Residency & Visa Exp.,Ali Bahaa,Rose Mary Residancy Fees ( No:15 ) ( Civil ID ),5.000,0.000,
2025-10-11,BILL/2025/10/0016,500320 Residency & Visa Exp.,Ali Bahaa,Nuyan Devyani Residancy Fees ( No: 20) ( Work Permission ),60.000,0.000,
2025-10-11,BILL/2025/10/0016,500320 Residency & Visa Exp.,Ali Bahaa,Nuyan Devyani Residancy Fees ( Healthy Insurance ) ( No: 20 ),50.000,0.000,
2025-10-11,BILL/2025/10/0016,500320 Residency & Visa Exp.,Ali Bahaa,Nuyan Devyani Residancy Fees ( No: 20 ),10.000,0.000,
2025-10-11,BILL/2025/10/0016,500320 Residency & Visa Exp.,Ali Bahaa,Nuyan Devyani Residancy Fees ( No: 20 ) ( Civil ID ),5.000,0.000,
2025-10-11,BILL/2025/10/0016,500321 Staff Medical Card,Ali Bahaa,Medical Card Ex. for 2 Girls ( Swari and  ),25.000,0.000,
2025-10-11,BILL/2025/10/0016,500320 Residency & Visa Exp.,Ali Bahaa,"Residancy Fees ( Work Permission for 3 Girls , Ananong , Urai , Patrapory ) ( No: 7 , 8 , 9 )",180.000,0.000,
2025-10-11,BILL/2025/10/0016,200101 Payables,Ali Bahaa,Ali Bahaa,0.000,455.000,497
2025-10-05,PBNK3/2025/00005,100003 Ush BBYN-8003,Intercompany Transfers,Manual Payment: BILL/2025/10/0010,0.000,"1,720.000",
2025-10-05,PBNK3/2025/00005,200101 Payables,Intercompany Transfers,Manual Payment: BILL/2025/10/0010,"1,720.000",0.000,361
2025-10-05,PBNK1/2025/00059,100001 Ush BBYN-8001,Intercompany Transfers,Manual Payment: BILL/2025/10/0015,0.000,850.000,
2025-10-05,PBNK1/2025/00059,200101 Payables,Intercompany Transfers,Manual Payment: BILL/2025/10/0015,850.000,0.000,413
2025-10-05,PBNK1/2025/00050,100001 Ush BBYN-8001,Intercompany Transfers,Manual Payment: BILL/2025/10/0010,0.000,0.000,
2025-10-05,PBNK1/2025/00050,200101 Payables,Intercompany Transfers,Manual Payment: BILL/2025/10/0010,0.000,0.000,
2025-10-05,BILL/2025/10/0015,100002 Ush BBYN-8002,Intercompany Transfers,Ush BBYN-0001,850.000,0.000,
2025-10-05,BILL/2025/10/0015,200101 Payables,Intercompany Transfers,,0.000,850.000,413
2025-10-05,BILL/2025/10/0010,100002 Ush BBYN-8002,Intercompany Transfers,Ush BBYN-0002,"1,720.000",0.000,
2025-10-05,BILL/2025/10/0010,200101 Payables,Intercompany Transfers,,0.000,"1,720.000",361
2025-10-03,PBNK1/2025/00049,100001 Ush BBYN-8001,Intercompany Transfers,Manual Payment: BILL/2025/10/0007,0.000,0.000,
2025-10-03,PBNK1/2025/00049,200101 Payables,Intercompany Transfers,Manual Payment: BILL/2025/10/0007,0.000,0.000,
2025-10-03,PBNK1/2025/00048,100001 Ush BBYN-8001,Intercompany Transfers,Manual Payment: BILL/2025/10/0006,0.000,0.000,
2025-10-03,PBNK1/2025/00048,200101 Payables,Intercompany Transfers,Manual Payment: BILL/2025/10/0006,0.000,0.000,
2025-10-03,PBNK1/2025/00008,100002 Ush BBYN-8002,Intercompany Transfers,Manual Payment: BILL/2025/10/0006,0.000,"2,500.000",
2025-10-03,PBNK1/2025/00008,200101 Payables,Intercompany Transfers,Manual Payment: BILL/2025/10/0006,"2,500.000",0.000,359
2025-10-03,PBNK1/2025/00007,100002 Ush BBYN-8002,Intercompany Transfers,Manual Payment: BILL/2025/10/0006,0.000,0.000,
2025-10-03,PBNK1/2025/00007,200101 Payables,Intercompany Transfers,Manual Payment: BILL/2025/10/0006,0.000,0.000,
2025-10-03,PBNK1/2025/00004,100001 Ush BBYN-8001,Misc JV,Manual Payment: BILL/2025/10/0001,0.000,500.000,
2025-10-03,PBNK1/2025/00004,200101 Payables,Misc JV,Manual Payment: BILL/2025/10/0001,500.000,0.000,294
2025-10-03,PBNK1/2025/00003,100001 Ush BBYN-8001,Misc JV,Manual Payment: BILL/2025/10/0002,0.000,800.000,
2025-10-03,PBNK1/2025/00003,200101 Payables,Misc JV,Manual Payment: BILL/2025/10/0002,800.000,0.000,293
2025-10-03,PBNK1/2025/00002,100001 Ush BBYN-8001,Misc JV,Manual Payment: BILL/2025/10/0003,0.000,700.000,
2025-10-03,PBNK1/2025/00002,200101 Payables,Misc JV,Manual Payment: BILL/2025/10/0003,700.000,0.000,292
2025-10-03,BILL/2025/10/0007,300301 Partner's CA-Fahad Fawaz,Intercompany Transfers,Fahad-Personal A/c,162.000,0.000,
2025-10-03,BILL/2025/10/0007,300301 Partner's CA-Fahad Fawaz,Intercompany Transfers,Fahad-Personal A/c,"2,000.000",0.000,
2025-10-03,BILL/2025/10/0007,300301 Partner's CA-Fahad Fawaz,Intercompany Transfers,Fahad-Personal A/c,150.000,0.000,
2025-10-03,BILL/2025/10/0007,300301 Partner's CA-Fahad Fawaz,Intercompany Transfers,Fahad-Personal A/c,320.000,0.000,
2025-10-03,BILL/2025/10/0007,300301 Partner's CA-Fahad Fawaz,Intercompany Transfers,Fahad-Personal A/c,800.000,0.000,
2025-10-03,BILL/2025/10/0007,300301 Partner's CA-Fahad Fawaz,Intercompany Transfers,Fahad-Personal A/c,"3,455.000",0.000,
2025-10-03,BILL/2025/10/0007,300301 Partner's CA-Fahad Fawaz,Intercompany Transfers,Fahad-Personal A/c,750.000,0.000,
2025-10-03,BILL/2025/10/0007,300301 Partner's CA-Fahad Fawaz,Intercompany Transfers,Fahad-Personal A/c,100.000,0.000,
2025-10-03,BILL/2025/10/0007,300301 Partner's CA-Fahad Fawaz,Intercompany Transfers,Fahad-Personal A/c,"1,996.000",0.000,
2025-10-03,BILL/2025/10/0007,300301 Partner's CA-Fahad Fawaz,Intercompany Transfers,Fahad-Personal A/c,60.000,0.000,
2025-10-03,BILL/2025/10/0007,300301 Partner's CA-Fahad Fawaz,Intercompany Transfers,Fahad-Personal A/c,125.000,0.000,
2025-10-03,BILL/2025/10/0007,300301 Partner's CA-Fahad Fawaz,Intercompany Transfers,Fahad-Personal A/c,750.000,0.000,
2025-10-03,BILL/2025/10/0007,300301 Partner's CA-Fahad Fawaz,Intercompany Transfers,Fahad-Personal A/c,200.000,0.000,
2025-10-03,BILL/2025/10/0007,300301 Partner's CA-Fahad Fawaz,Intercompany Transfers,Fahad-Personal A/c,125.000,0.000,
2025-10-03,BILL/2025/10/0007,300301 Partner's CA-Fahad Fawaz,Intercompany Transfers,Fahad-Personal A/c,50.000,0.000,
2025-10-03,BILL/2025/10/0007,300301 Partner's CA-Fahad Fawaz,Intercompany Transfers,Fahad-Personal A/c,60.000,0.000,
2025-10-03,BILL/2025/10/0007,300301 Partner's CA-Fahad Fawaz,Intercompany Transfers,Fahad-Personal A/c,95.000,0.000,
2025-10-03,BILL/2025/10/0007,300301 Partner's CA-Fahad Fawaz,Intercompany Transfers,Fahad-Personal A/c,590.000,0.000,
2025-10-03,BILL/2025/10/0007,300301 Partner's CA-Fahad Fawaz,Intercompany Transfers,Fahad-Personal A/c,755.000,0.000,
2025-10-03,BILL/2025/10/0007,300301 Partner's CA-Fahad Fawaz,Intercompany Transfers,Fahad-Personal A/c,250.000,0.000,
2025-10-03,BILL/2025/10/0007,300301 Partner's CA-Fahad Fawaz,Intercompany Transfers,Fahad-Personal A/c,60.000,0.000,
2025-10-03,BILL/2025/10/0007,300301 Partner's CA-Fahad Fawaz,Intercompany Transfers,Fahad-Personal A/c,100.000,0.000,
2025-10-03,BILL/2025/10/0007,300301 Partner's CA-Fahad Fawaz,Intercompany Transfers,Fahad-Personal A/c,300.000,0.000,
2025-10-03,BILL/2025/10/0007,300301 Partner's CA-Fahad Fawaz,Intercompany Transfers,Fahad-Personal A/c,330.000,0.000,
2025-10-03,BILL/2025/10/0007,300301 Partner's CA-Fahad Fawaz,Intercompany Transfers,Fahad-Personal A/c,400.000,0.000,
2025-10-03,BILL/2025/10/0007,300301 Partner's CA-Fahad Fawaz,Intercompany Transfers,Fahad-Personal A/c,65.000,0.000,
2025-10-03,BILL/2025/10/0007,300301 Partner's CA-Fahad Fawaz,Intercompany Transfers,Fahad-Personal A/c,250.000,0.000,
2025-10-03,BILL/2025/10/0007,300301 Partner's CA-Fahad Fawaz,Intercompany Transfers,Fahad-Personal A/c,100.000,0.000,
2025-10-03,BILL/2025/10/0007,300301 Partner's CA-Fahad Fawaz,Intercompany Transfers,Fahad-Personal A/c,420.000,0.000,
2025-10-03,BILL/2025/10/0007,300301 Partner's CA-Fahad Fawaz,Intercompany Transfers,Fahad-Personal A/c,500.000,0.000,
2025-10-03,BILL/2025/10/0007,300301 Partner's CA-Fahad Fawaz,Intercompany Transfers,Fahad-Personal A/c,255.000,0.000,
2025-10-03,BILL/2025/10/0007,300301 Partner's CA-Fahad Fawaz,Intercompany Transfers,Fahad-Personal A/c,250.000,0.000,
2025-10-03,BILL/2025/10/0007,300301 Partner's CA-Fahad Fawaz,Intercompany Transfers,Fahad-Personal A/c,250.000,0.000,
2025-10-03,BILL/2025/10/0007,300301 Partner's CA-Fahad Fawaz,Intercompany Transfers,Fahad-Personal A/c,135.000,0.000,
2025-10-03,BILL/2025/10/0007,300301 Partner's CA-Fahad Fawaz,Intercompany Transfers,Fahad-Personal A/c,45.000,0.000,
2025-10-03,BILL/2025/10/0007,200101 Payables,Intercompany Transfers,,0.000,"16,253.000",369
2025-10-03,BILL/2025/10/0006,100001 Ush BBYN-8001,Intercompany Transfers,Ush BBYN-0001,"2,500.000",0.000,
2025-10-03,BILL/2025/10/0006,200101 Payables,Intercompany Transfers,,0.000,"2,500.000",359
2025-10-03,BILL/2025/10/0003,100102 Bank Suspense Account,Misc JV,,700.000,0.000,
2025-10-03,BILL/2025/10/0003,200101 Payables,Misc JV,,0.000,700.000,292
2025-10-03,BILL/2025/10/0002,100102 Bank Suspense Account,Misc JV,,800.000,0.000,
2025-10-03,BILL/2025/10/0002,200101 Payables,Misc JV,,0.000,800.000,293
2025-10-03,BILL/2025/10/0001,100102 Bank Suspense Account,Misc JV,,500.000,0.000,
2025-10-03,BILL/2025/10/0001,200101 Payables,Misc JV,,0.000,500.000,294
2025-10-02,PBNK1/2025/00021,100002 Ush BBYN-8002,Intercompany Transfers,Manual Payment: BILL/2025/10/0005,0.000,215.000,
2025-10-02,PBNK1/2025/00021,200101 Payables,Intercompany Transfers,Manual Payment: BILL/2025/10/0005,215.000,0.000,378
2025-10-01,PCSH3/2025/00006,300301 Partner's CA-Fahad Fawaz,Staff Expenses JV,Manual Payment: 0925,0.000,"4,247.000",
2025-10-01,PCSH3/2025/00006,200101 Payables,Staff Expenses JV,Manual Payment: 0925,"4,247.000",0.000,538
2025-10-01,PBNK3/2025/00010,100003 Ush BBYN-8003,Sales JV,Manual Payment: INV/2025/00008,"3,527.920",0.000,
2025-10-01,PBNK3/2025/00010,100201 Accounts Receivable,Sales JV,Manual Payment: INV/2025/00008,0.000,"3,527.920",398
2025-10-01,PBNK3/2025/00004,100003 Ush BBYN-8003,Bank Fees,Manual Payment: BILL/2025/10/0009,0.000,20.000,
2025-10-01,PBNK3/2025/00004,200101 Payables,Bank Fees,Manual Payment: BILL/2025/10/0009,20.000,0.000,357
2025-10-01,PBNK1/2025/00047,100001 Ush BBYN-8001,Bank Fees,Manual Payment: BILL/2025/10/0009,0.000,0.000,
2025-10-01,PBNK1/2025/00047,200101 Payables,Bank Fees,Manual Payment: BILL/2025/10/0009,0.000,0.000,
2025-10-01,PBNK1/2025/00046,100001 Ush BBYN-8001,Intercompany Transfers,Manual Payment: BILL/2025/10/0005,0.000,0.000,
2025-10-01,PBNK1/2025/00046,200101 Payables,Intercompany Transfers,Manual Payment: BILL/2025/10/0005,0.000,0.000,
2025-10-01,PBNK1/2025/00045,100001 Ush BBYN-8001,Bank Fees,Manual Payment: BILL/2025/10/0004,0.000,0.000,
2025-10-01,PBNK1/2025/00045,200101 Payables,Bank Fees,Manual Payment: BILL/2025/10/0004,0.000,0.000,
2025-10-01,PBNK1/2025/00011,100002 Ush BBYN-8002,Sales JV,Manual Payment: INV/2026/00002,"22,117.938",0.000,
2025-10-01,PBNK1/2025/00011,100201 Accounts Receivable,Sales JV,Manual Payment: INV/2026/00002,0.000,"22,117.938",366
2025-10-01,PBNK1/2025/00006,100002 Ush BBYN-8002,Bank Fees,Manual Payment: BILL/2025/10/0004,0.000,20.000,
2025-10-01,PBNK1/2025/00006,200101 Payables,Bank Fees,Manual Payment: BILL/2025/10/0004,20.000,0.000,356
2025-10-01,INV/2025/00008,400101 Sales-Spa,Sales JV,Knet Sales for the month,0.000,"2,497.000",
2025-10-01,INV/2025/00008,400101 Sales-Spa,Sales JV,Master Visa Sales for the month,0.000,937.000,
2025-10-01,INV/2025/00008,400101 Sales-Spa,Sales JV,Cash Sales for the month,0.000,120.000,
2025-10-01,INV/2025/00008,100201 Accounts Receivable,Sales JV,INV/2025/00008,"3,527.920",0.000,398
2025-10-01,INV/2025/00008,500603 Visa/MC Fees,Sales JV,Visa/MC Fee,21.080,0.000,
2025-10-01,INV/2025/00008,500602 Knet Fees,Sales JV,Knet Fee,5.000,0.000,
2025-10-01,INV/2025/00003,400101 Sales-Spa,Sales JV,Knet Sales for the month,0.000,"9,237.900",
2025-10-01,INV/2025/00003,400101 Sales-Spa,Sales JV,Master Visa Sales for the month,0.000,"1,799.000",
2025-10-01,INV/2025/00003,400101 Sales-Spa,Sales JV,Cash Sales for the month,0.000,515.000,
2025-10-01,INV/2025/00003,100201 Accounts Receivable,Sales JV,INV/2026/00002,"22,117.938",0.000,366
2025-10-01,INV/2025/00003,500603 Visa/MC Fees,Sales JV,MCC-Visa Fee,40.487,0.000,
2025-10-01,INV/2025/00003,500602 Knet Fees,Sales JV,Knet Fee,18.475,0.000,
2025-10-01,INV/2025/00003,400101 Sales-Spa,Sales JV,Link Sales for the month,0.000,"10,625.000",
2025-10-01,BILL/2025/10/0009,500601 Bank Fees,Bank Fees,Bank Charges-POS,10.000,0.000,
2025-10-01,BILL/2025/10/0009,500601 Bank Fees,Bank Fees,Bank Charges-POS,10.000,0.000,
2025-10-01,BILL/2025/10/0009,200101 Payables,Bank Fees,,0.000,20.000,357
2025-10-01,BILL/2025/10/0005,300301 Partner's CA-Fahad Fawaz,Intercompany Transfers,3,125.000,0.000,
2025-10-01,BILL/2025/10/0005,300301 Partner's CA-Fahad Fawaz,Intercompany Transfers,Fahad-Personal A/c,90.000,0.000,
2025-10-01,BILL/2025/10/0005,200101 Payables,Intercompany Transfers,,0.000,215.000,378
2025-10-01,BILL/2025/10/0004,500601 Bank Fees,Bank Fees,Rent for POS-29701871-Sep-25,10.000,0.000,
2025-10-01,BILL/2025/10/0004,500601 Bank Fees,Bank Fees,Rent for POS-29701874-Sep-25,10.000,0.000,
2025-10-01,BILL/2025/10/0004,200101 Payables,Bank Fees,,0.000,20.000,356
2025-09-30,PBNK1/2025/00044,100001 Ush BBYN-8001,Bank Fees,Manual Payment: BILL/2025/09/0006,0.000,0.000,
2025-09-30,PBNK1/2025/00044,200101 Payables,Bank Fees,Manual Payment: BILL/2025/09/0006,0.000,0.000,
2025-09-30,PBNK1/2025/00043,100002 Ush BBYN-8002,Bank Fees,Manual Payment: BILL/2025/09/0006,0.000,13.250,
2025-09-30,PBNK1/2025/00043,200101 Payables,Bank Fees,Manual Payment: BILL/2025/09/0006,13.250,0.000,411
2025-09-30,PBNK1/2025/00005,100002 Ush BBYN-8002,Intercompany Transfers,Manual Payment: BILL/2025/09/0005,0.000,"6,315.000",
2025-09-30,PBNK1/2025/00005,200101 Payables,Intercompany Transfers,Manual Payment: BILL/2025/09/0005,"6,315.000",0.000,355
2025-09-30,MISC/2025/09/0001,500332 Leave Salary,,leave for the month,669.288,0.000,
2025-09-30,MISC/2025/09/0001,200502 Leave Days Provision,,leave for the month`,0.000,669.288,
2025-09-30,MISC/2025/09/0001,500331 End of Service Indemnity,,Indemnity for the month,330.455,0.000,
2025-09-30,MISC/2025/09/0001,200503 End of Service Provision,,Indemnity for the month,0.000,330.455,
2025-09-30,BILL/2025/09/0009,500301 Basic Salary,Staff Expenses JV,Basic Salary,"3,643.000",0.000,
2025-09-30,BILL/2025/09/0009,500306 Sales Commission,Staff Expenses JV,Commission,604.000,0.000,
2025-09-30,BILL/2025/09/0009,200101 Payables,Staff Expenses JV,0925,0.000,"4,247.000",538
2025-09-30,BILL/2025/09/0006,500601 Bank Fees,Bank Fees,Transaction Fees,13.250,0.000,
2025-09-30,BILL/2025/09/0006,200101 Payables,Bank Fees,,0.000,13.250,411
2025-09-08,PBNK3/2025/00003,100003 Ush BBYN-8003,Intercompany Transfers,Manual Payment: BILL/2025/09/0008,0.000,460.000,
2025-09-08,PBNK3/2025/00003,200101 Payables,Intercompany Transfers,Manual Payment: BILL/2025/09/0008,460.000,0.000,354
2025-09-08,PBNK1/2025/00043,100001 Ush BBYN-8001,Intercompany Transfers,Manual Payment: BILL/2025/09/0005,0.000,0.000,
2025-09-08,PBNK1/2025/00043,200101 Payables,Intercompany Transfers,Manual Payment: BILL/2025/09/0005,0.000,0.000,
2025-09-08,BILL/2025/09/0005,300301 Partner's CA-Fahad Fawaz,Intercompany Transfers,Fahad-Personal A/c,50.000,0.000,
2025-09-08,BILL/2025/09/0005,300301 Partner's CA-Fahad Fawaz,Intercompany Transfers,Fahad-Personal A/c,805.000,0.000,
2025-09-08,BILL/2025/09/0005,300301 Partner's CA-Fahad Fawaz,Intercompany Transfers,Fahad-Personal A/c,260.000,0.000,
2025-09-08,BILL/2025/09/0005,300301 Partner's CA-Fahad Fawaz,Intercompany Transfers,Fahad-Personal A/c,"1,050.000",0.000,
2025-09-08,BILL/2025/09/0005,300301 Partner's CA-Fahad Fawaz,Intercompany Transfers,Fahad-Personal A/c,"2,500.000",0.000,
2025-09-08,BILL/2025/09/0005,300301 Partner's CA-Fahad Fawaz,Intercompany Transfers,Fahad-Personal A/c,850.000,0.000,
2025-09-08,BILL/2025/09/0005,300301 Partner's CA-Fahad Fawaz,Intercompany Transfers,Fahad-Personal A/c,400.000,0.000,
2025-09-08,BILL/2025/09/0005,300301 Partner's CA-Fahad Fawaz,Intercompany Transfers,Fahad-Personal A/c,400.000,0.000,
2025-09-08,BILL/2025/09/0005,200101 Payables,Intercompany Transfers,,0.000,"6,315.000",355
2025-09-07,PBNK1/2025/00004,100002 Ush BBYN-8002,Bank Fees,Manual Payment: BILL/2025/09/0004,0.000,27.055,
2025-09-07,PBNK1/2025/00004,200101 Payables,Bank Fees,Manual Payment: BILL/2025/09/0004,27.055,0.000,353
2025-09-04,PBNK1/2025/00042,100001 Ush BBYN-8001,Intercompany Transfers,Manual Payment: BILL/2025/09/0008,0.000,0.000,
2025-09-04,PBNK1/2025/00042,200101 Payables,Intercompany Transfers,Manual Payment: BILL/2025/09/0008,0.000,0.000,
2025-09-04,PBNK1/2025/00041,100001 Ush BBYN-8001,Bank Fees,Manual Payment: BILL/2025/09/0004,0.000,0.000,
2025-09-04,PBNK1/2025/00041,200101 Payables,Bank Fees,Manual Payment: BILL/2025/09/0004,0.000,0.000,
2025-09-04,PBNK1/2025/00040,100001 Ush BBYN-8001,Intercompany Transfers,Manual Payment: BILL/2025/09/0003,0.000,0.000,
2025-09-04,PBNK1/2025/00040,200101 Payables,Intercompany Transfers,Manual Payment: BILL/2025/09/0003,0.000,0.000,
2025-09-04,PBNK1/2025/00003,100002 Ush BBYN-8002,Intercompany Transfers,Manual Payment: BILL/2025/09/0003,0.000,"3,800.000",
2025-09-04,PBNK1/2025/00003,200101 Payables,Intercompany Transfers,Manual Payment: BILL/2025/09/0003,"3,800.000",0.000,352
2025-09-04,PBNK1/2025/00001,100001 Ush BBYN-8001,Intercompany Transfers,Manual Payment: BILL/2025/09/0001,0.000,500.000,
2025-09-04,PBNK1/2025/00001,200101 Payables,Intercompany Transfers,Manual Payment: BILL/2025/09/0001,500.000,0.000,291
2025-09-04,BILL/2025/09/0008,300301 Partner's CA-Fahad Fawaz,Intercompany Transfers,Fahad-Personal A/c,185.000,0.000,
2025-09-04,BILL/2025/09/0008,500601 Bank Fees,Intercompany Transfers,Fahad-Personal A/c,275.000,0.000,
2025-09-04,BILL/2025/09/0008,200101 Payables,Intercompany Transfers,,0.000,460.000,354
2025-09-04,BILL/2025/09/0004,500601 Bank Fees,Bank Fees,Bank Charges-Others,25.000,0.000,
2025-09-04,BILL/2025/09/0004,500601 Bank Fees,Bank Fees,Bank Charges-POS,0.660,0.000,
2025-09-04,BILL/2025/09/0004,500601 Bank Fees,Bank Fees,Bank Charges-POS,0.435,0.000,
2025-09-04,BILL/2025/09/0004,500601 Bank Fees,Bank Fees,Bank Charges-POS,0.360,0.000,
2025-09-04,BILL/2025/09/0004,500601 Bank Fees,Bank Fees,Bank Charges-POS,0.300,0.000,
2025-09-04,BILL/2025/09/0004,500601 Bank Fees,Bank Fees,Bank Charges-POS,0.300,0.000,
2025-09-04,BILL/2025/09/0004,200101 Payables,Bank Fees,,0.000,27.055,353
2025-09-04,BILL/2025/09/0003,300301 Partner's CA-Fahad Fawaz,Intercompany Transfers,Fahad-Personal A/c,"3,800.000",0.000,
2025-09-04,BILL/2025/09/0003,200101 Payables,Intercompany Transfers,,0.000,"3,800.000",352
2025-09-04,BILL/2025/09/0001,300301 Partner's CA-Fahad Fawaz,Intercompany Transfers,Fahad-Personal A/c,500.000,0.000,
2025-09-04,BILL/2025/09/0001,200101 Payables,Intercompany Transfers,,0.000,500.000,291
2025-09-01,PCSH3/2025/00005,300301 Partner's CA-Fahad Fawaz,Staff Expenses JV,Manual Payment: 0825,0.000,"1,805.000",
2025-09-01,PCSH3/2025/00005,200101 Payables,Staff Expenses JV,Manual Payment: 0825,"1,805.000",0.000,537
2025-09-01,PBNK3/2025/00009,100003 Ush BBYN-8003,Sales JV,Manual Payment: INV/2025/00007,"1,701.580",0.000,
2025-09-01,PBNK3/2025/00009,100201 Accounts Receivable,Sales JV,Manual Payment: INV/2025/00007,0.000,"1,701.580",397
2025-09-01,PBNK3/2025/00002,100003 Ush BBYN-8003,Bank Fees,Manual Payment: BILL/2025/09/0007,0.000,20.000,
2025-09-01,PBNK3/2025/00002,200101 Payables,Bank Fees,Manual Payment: BILL/2025/09/0007,20.000,0.000,351
2025-09-01,PBNK1/2025/00039,100001 Ush BBYN-8001,Bank Fees,Manual Payment: BILL/2025/09/0007,0.000,0.000,
2025-09-01,PBNK1/2025/00039,200101 Payables,Bank Fees,Manual Payment: BILL/2025/09/0007,0.000,0.000,
2025-09-01,PBNK1/2025/00038,100001 Ush BBYN-8001,Bank Fees,Manual Payment: BILL/2025/09/0002,0.000,0.000,
2025-09-01,PBNK1/2025/00038,200101 Payables,Bank Fees,Manual Payment: BILL/2025/09/0002,0.000,0.000,
2025-09-01,PBNK1/2025/00010,100002 Ush BBYN-8002,Sales JV,Manual Payment: INV/2025/00002,"12,477.434",0.000,
2025-09-01,PBNK1/2025/00010,100201 Accounts Receivable,Sales JV,Manual Payment: INV/2025/00002,0.000,"12,477.434",365
2025-09-01,PBNK1/2025/00002,100002 Ush BBYN-8002,Bank Fees,Manual Payment: BILL/2025/09/0002,0.000,20.000,
2025-09-01,PBNK1/2025/00002,200101 Payables,Bank Fees,Manual Payment: BILL/2025/09/0002,20.000,0.000,350
2025-09-01,INV/2025/00007,400101 Sales-Spa,Sales JV,Knet Sales for the month,0.000,"1,228.000",
2025-09-01,INV/2025/00007,400101 Sales-Spa,Sales JV,Master Visa Sales for the month,0.000,487.000,
2025-09-01,INV/2025/00007,400101 Sales-Spa,Sales JV,Cash Sales for the month,0.000,0.000,
2025-09-01,INV/2025/00007,100201 Accounts Receivable,Sales JV,INV/2025/00007,"1,701.580",0.000,397
2025-09-01,INV/2025/00007,500603 Visa/MC Fees,Sales JV,Visa/MC Fee,10.960,0.000,
2025-09-01,INV/2025/00007,500602 Knet Fees,Sales JV,Knet Fee,2.460,0.000,
2025-09-01,INV/2025/00002,400101 Sales-Spa,Sales JV,Knet Sales for the month,0.000,"8,163.250",
2025-09-01,INV/2025/00002,400101 Sales-Spa,Sales JV,Master Visa Sales for the month,0.000,"1,811.000",
2025-09-01,INV/2025/00002,400101 Sales-Spa,Sales JV,Cash Sales for the month,0.000,696.000,
2025-09-01,INV/2025/00002,100201 Accounts Receivable,Sales JV,INV/2025/00002,"12,477.434",0.000,365
2025-09-01,INV/2025/00002,500603 Visa/MC Fees,Sales JV,MCC-Visa Fee,40.735,0.000,
2025-09-01,INV/2025/00002,500602 Knet Fees,Sales JV,Knet Fee,16.346,0.000,
2025-09-01,INV/2025/00002,400101 Sales-Spa,Sales JV,GCC Sales for the month,0.000,49.000,
2025-09-01,INV/2025/00002,400101 Sales-Spa,Sales JV,Link Sales for the month,0.000,"1,816.000",
2025-09-01,INV/2025/00002,500601 Bank Fees,Sales JV,GCC Fee,0.735,0.000,
2025-09-01,BILL/2025/09/0007,500601 Bank Fees,Bank Fees,Bank Charges-POS,10.000,0.000,
2025-09-01,BILL/2025/09/0007,500601 Bank Fees,Bank Fees,Bank Charges-POS,10.000,0.000,
2025-09-01,BILL/2025/09/0007,200101 Payables,Bank Fees,,0.000,20.000,351
2025-09-01,BILL/2025/09/0002,500601 Bank Fees,Bank Fees,Rent for POS-29701871-Aug-25,10.000,0.000,
2025-09-01,BILL/2025/09/0002,500601 Bank Fees,Bank Fees,Rent for POS-29701874-Aug-25,10.000,0.000,
2025-09-01,BILL/2025/09/0002,200101 Payables,Bank Fees,,0.000,20.000,350
2025-08-31,MISC/2025/08/0002,300301 Partner's CA-Fahad Fawaz,,petty cash,0.000,701.970,
2025-08-31,MISC/2025/08/0002,100051 Petty Cash,,petty cash,701.970,0.000,
2025-08-31,MISC/2025/08/0001,500332 Leave Salary,,leave for the month,669.288,0.000,
2025-08-31,MISC/2025/08/0001,200502 Leave Days Provision,,leave for the month`,0.000,669.288,
2025-08-31,MISC/2025/08/0001,500331 End of Service Indemnity,,Indemnity for the month,330.455,0.000,
2025-08-31,MISC/2025/08/0001,200503 End of Service Provision,,Indemnity for the month,0.000,330.455,
2025-08-31,BILL/2025/08/0003,500301 Basic Salary,Staff Expenses JV,Basic Salary,"1,656.000",0.000,
2025-08-31,BILL/2025/08/0003,500306 Sales Commission,Staff Expenses JV,Commission,149.000,0.000,
2025-08-31,BILL/2025/08/0003,200101 Payables,Staff Expenses JV,0825,0.000,"1,805.000",537
2025-08-07,MISC2/2025/08/0001,100001 Ush BBYN-8001,,Intercompany Tranfers,"1,000.000",0.000,
2025-08-07,MISC2/2025/08/0001,300301 Partner's CA-Fahad Fawaz,,Intercompany Tranfers,0.000,"1,000.000",
2025-08-03,PBNK3/2025/00001,100003 Ush BBYN-8003,Bank Fees,Manual Payment: BILL/2025/08/0001,0.000,50.000,
2025-08-03,PBNK3/2025/00001,200101 Payables,Bank Fees,Manual Payment: BILL/2025/08/0001,50.000,0.000,418
2025-08-03,PBNK1/2025/00045,100002 Ush BBYN-8002,Bank Fees,Manual Payment: BILL/2025/08/0002,0.000,50.000,
2025-08-03,PBNK1/2025/00045,200101 Payables,Bank Fees,Manual Payment: BILL/2025/08/0002,50.000,0.000,415
2025-08-03,PBNK1/2025/00037,100001 Ush BBYN-8001,Bank Fees,Manual Payment: BILL/2025/08/0001,0.000,0.000,
2025-08-03,PBNK1/2025/00037,200101 Payables,Bank Fees,Manual Payment: BILL/2025/08/0001,0.000,0.000,
2025-08-03,PBNK1/2025/00036,100001 Ush BBYN-8001,Bank Fees,Manual Payment: BILL/2025/08/0002,0.000,0.000,
2025-08-03,PBNK1/2025/00036,200101 Payables,Bank Fees,Manual Payment: BILL/2025/08/0002,0.000,0.000,
2025-08-03,PBNK1/2025/00001,100002 Ush BBYN-8002,Bank Fees,Manual Payment: BILL/2025/08/0002,0.000,0.000,
2025-08-03,PBNK1/2025/00001,200101 Payables,Bank Fees,Manual Payment: BILL/2025/08/0002,0.000,0.000,
2025-08-03,BILL/2025/08/0002,500601 Bank Fees,Bank Fees,Bank Charges-Others,25.000,0.000,
2025-08-03,BILL/2025/08/0002,200101 Payables,Bank Fees,,0.000,50.000,415
2025-08-03,BILL/2025/08/0002,500601 Bank Fees,Bank Fees,Bank Charges-Others,25.000,0.000,
2025-08-03,BILL/2025/08/0001,500601 Bank Fees,Bank Fees,Bank Charges-Others,25.000,0.000,
2025-08-03,BILL/2025/08/0001,200101 Payables,Bank Fees,,0.000,50.000,418
2025-08-03,BILL/2025/08/0001,500601 Bank Fees,Bank Fees,Bank Charges-Others,25.000,0.000,
2025-08-01,PBNK3/2025/00008,100003 Ush BBYN-8003,Sales JV,Manual Payment: INV/2026/00002,401.770,0.000,
2025-08-01,PBNK3/2025/00008,100201 Accounts Receivable,Sales JV,Manual Payment: INV/2026/00002,0.000,401.770,396
2025-08-01,PBNK1/2025/00009,100002 Ush BBYN-8002,Sales JV,Manual Payment: INV/2025/00001,"2,601.845",0.000,
2025-08-01,PBNK1/2025/00009,100201 Accounts Receivable,Sales JV,Manual Payment: INV/2025/00001,0.000,"2,601.845",363
2025-08-01,INV/2025/00006,400101 Sales-Spa,Sales JV,Knet Sales for the month,0.000,287.000,
2025-08-01,INV/2025/00006,400101 Sales-Spa,Sales JV,Master Visa Sales for the month,0.000,118.000,
2025-08-01,INV/2025/00006,400101 Sales-Spa,Sales JV,Cash Sales for the month,0.000,0.000,
2025-08-01,INV/2025/00006,100201 Accounts Receivable,Sales JV,INV/2026/00002,401.770,0.000,396
2025-08-01,INV/2025/00006,500603 Visa/MC Fees,Sales JV,Visa/MC Fee,2.650,0.000,
2025-08-01,INV/2025/00006,500602 Knet Fees,Sales JV,Knet Fee,0.580,0.000,
2025-08-01,INV/2025/00001,400101 Sales-Spa,Sales JV,Knet Sales for the month,0.000,"2,152.000",
2025-08-01,INV/2025/00001,400101 Sales-Spa,Sales JV,Master Visa Sales for the month,0.000,260.000,
2025-08-01,INV/2025/00001,400101 Sales-Spa,Sales JV,Cash Sales for the month,0.000,200.000,
2025-08-01,INV/2025/00001,100201 Accounts Receivable,Sales JV,INV/2025/00001,"2,601.845",0.000,363
2025-08-01,INV/2025/00001,500603 Visa/MC Fees,Sales JV,MCC-Visa Fee,5.850,0.000,
2025-08-01,INV/2025/00001,500602 Knet Fees,Sales JV,Knet Fee,4.305,0.000,
2025-07-31,BILL/2025/07/0003,100621 LHI-WIP,SPA AND MORE FOR GENERAL TRADING COMPANY WLL,Purchases from Spa& More,"18,050.000",0.000,
2025-07-31,BILL/2025/07/0003,200101 Payables,SPA AND MORE FOR GENERAL TRADING COMPANY WLL,2025006337,0.000,"18,050.000",P626
2025-07-31,BILL/2025/07/0002,100621 LHI-WIP,SPA AND MORE FOR GENERAL TRADING COMPANY WLL,Payment to Spa& More,"3,800.000",0.000,
2025-07-31,BILL/2025/07/0002,200101 Payables,SPA AND MORE FOR GENERAL TRADING COMPANY WLL,2025006336,0.000,"3,800.000",P626
2025-07-31,BILL/2025/07/0001,100621 LHI-WIP,SPA AND MORE FOR GENERAL TRADING COMPANY WLL,Payment to Spa& More,"6,650.000",0.000,
2025-07-31,BILL/2025/07/0001,200101 Payables,SPA AND MORE FOR GENERAL TRADING COMPANY WLL,2025006335,0.000,"6,650.000",P626